# Blender 5.0.1
# www.blender.org
mtllib biggertrack1.mtl
o Cube
v 20.931450 0.683625 17.424089
v 20.951599 0.176088 17.424612
v -11.746840 0.331448 16.578354
v -11.726690 -0.176088 16.578875
v 26.630545 1.109873 -15.244633
v 26.699255 0.603505 -15.237454
v -5.803080 -0.097137 -18.669859
v -5.734370 -0.603505 -18.662680
v 22.528984 0.070451 5.783368
v -8.059278 0.437176 -5.786221
v -8.051735 -0.070451 -5.783368
v 22.521441 0.578079 5.780516
v 10.482442 0.000000 -16.950068
v 4.592303 0.507536 17.001221
v 10.413732 0.506368 -16.957245
v 4.612453 0.000000 17.001743
v 7.238624 0.000000 0.000000
v 7.231081 0.507627 -0.002853
v 25.508057 0.407437 -5.660804
v -6.748517 0.099626 -11.060560
v -6.702505 -0.407437 -11.052922
v 25.462044 0.914500 -5.668441
v 9.402775 0.000000 -8.356863
v 9.356765 0.507063 -8.364500
v -11.046540 -0.134031 6.262726
v 21.359829 0.641613 10.458231
v 21.375053 0.134031 10.460154
v -11.061762 0.373551 6.260804
v 5.149034 0.507582 8.359517
v 5.164256 0.000000 8.361440
v 18.522139 0.808120 -16.100939
v 12.782025 0.088044 17.213179
v 18.590849 0.301753 -16.093760
v 12.761875 0.595581 17.212656
v 14.883803 0.035226 2.891684
v 14.876261 0.542853 2.888831
v 17.409407 0.710782 -7.016470
v 17.455416 0.203718 -7.008833
v 13.269654 0.067016 9.410796
v 13.254432 0.574597 9.408875
v 2.374036 -0.301753 -17.806374
v -3.577269 0.419492 16.789787
v -0.406556 -0.035226 -2.891684
v -0.414099 0.472401 -2.894537
v 2.305326 0.204615 -17.813553
v -3.557118 -0.088044 16.790308
v 1.350135 -0.203718 -9.704892
v 1.304125 0.303345 -9.712529
v -2.956364 0.440566 7.310161
v -2.941142 -0.067016 7.312083
v 21.934637 0.800329 50.769321
v 21.968130 0.292985 50.767551
v -10.696803 0.214359 52.491604
v -10.663311 -0.292985 52.489834
v 20.931450 0.683625 17.424089
v 20.951599 0.176088 17.424612
v -11.746840 0.331448 16.578354
v -11.726690 -0.176088 16.578875
v 21.183247 0.239506 33.782269
v -11.509542 0.267937 34.864582
v -11.482143 -0.239506 34.863667
v 21.155846 0.746950 33.783184
v 4.612453 0.000000 17.001743
v 5.618917 0.507344 51.630463
v 4.592303 0.507536 17.001221
v 5.652409 0.000000 51.628693
v 4.850553 0.000000 34.322968
v 4.823152 0.507444 34.323883
v 20.951242 0.209800 25.456869
v -11.756440 0.297690 25.871658
v -11.732427 -0.209800 25.871351
v 20.927227 0.717292 25.457176
v 4.609408 0.000000 25.664110
v 4.585393 0.507491 25.664417
v -11.106954 -0.266961 43.717937
v 21.509083 0.774356 42.238216
v 21.539608 0.266961 42.236824
v -11.137481 0.240434 43.719330
v 5.185800 0.507395 42.978771
v 5.216328 0.000000 42.977383
v 12.761875 0.595581 17.212656
v 13.810268 0.146493 51.198120
v 12.782025 0.088044 17.213179
v 13.776778 0.653837 51.199890
v 13.016901 0.119753 34.052616
v 12.989498 0.627197 34.053532
v 12.756312 0.612391 25.560799
v 12.780325 0.104900 25.560488
v 13.377968 0.133481 42.607101
v 13.347441 0.640876 42.608490
v -3.557118 -0.088044 16.790308
v -2.538943 0.360852 52.061031
v -3.315795 -0.119753 34.593315
v -3.343196 0.387691 34.594231
v -3.577269 0.419492 16.789787
v -2.505451 -0.146493 52.059265
v -3.561509 -0.104900 25.767733
v -3.585523 0.402590 25.768038
v -2.975841 0.373915 43.349049
v -2.945313 -0.133481 43.347664
v 23.874628 0.896188 85.377563
v 23.919107 0.389074 85.375259
v -8.743423 0.118041 87.072662
v -8.698946 -0.389074 87.070358
v 21.934637 0.800329 50.769321
v 21.968130 0.292985 50.767551
v -10.696803 0.214359 52.491604
v -10.663311 -0.292985 52.489834
v 22.945166 0.341977 67.994476
v -9.710654 0.165258 69.858643
v -9.671573 -0.341977 69.856407
v 22.906080 0.849212 67.996704
v 5.652409 0.000000 51.628693
v 7.565604 0.507114 86.225113
v 5.618917 0.507344 51.630463
v 7.610081 0.000000 86.222809
v 6.636796 0.000000 68.925438
v 6.597713 0.507235 68.927673
v 22.442919 0.317995 59.350365
v -10.214150 0.189296 61.207203
v -10.177807 -0.317995 61.205135
v 22.406576 0.825286 59.352432
v 6.132556 0.000000 60.277752
v 6.096214 0.507291 60.279816
v -9.178195 -0.365645 78.476723
v 23.396112 0.872821 76.673111
v 23.437902 0.365645 76.670807
v -9.219988 0.141532 78.479034
v 7.088062 0.507176 77.576073
v 7.129854 0.000000 77.573761
v 13.776778 0.653837 51.199890
v 15.764594 0.194537 85.799034
v 13.810268 0.146493 51.198120
v 15.720118 0.701652 85.801338
v 14.790980 0.170989 68.459953
v 14.751898 0.678224 68.462189
v 14.251395 0.666288 59.816120
v 14.287738 0.158997 59.814060
v 15.283878 0.182822 77.122284
v 15.242087 0.689999 77.124596
v -2.505451 -0.146493 52.059265
v -0.588910 0.312577 86.648888
v -1.517388 -0.170989 69.390930
v -1.556471 0.336247 69.393158
v -2.538943 0.360852 52.061031
v -0.544432 -0.194537 86.646584
v -2.022625 -0.158997 60.741440
v -2.058968 0.348293 60.743507
v -1.065963 0.324354 78.027557
v -1.024170 -0.182822 78.025246
v 25.111271 0.991185 120.637741
v 25.166710 0.484363 120.637024
v -7.529288 0.022460 121.058945
v -7.473846 -0.484363 121.058243
v 23.874628 0.896188 85.377563
v 23.919107 0.389074 85.375259
v -8.743423 0.118041 87.072662
v -8.698946 -0.389074 87.070358
v 24.709785 0.435991 102.932487
v -7.971582 0.070988 104.128410
v -7.921708 -0.435991 104.126595
v 24.659908 0.942970 102.934303
v 7.610081 0.000000 86.222809
v 8.790991 0.506823 120.848335
v 7.565604 0.507114 86.225113
v 8.846432 0.000000 120.847633
v 8.394039 0.000000 103.529541
v 8.344164 0.506979 103.531357
v 24.344816 0.412428 94.133957
v -8.326557 0.094621 95.617928
v -8.279395 -0.412428 95.615791
v 24.297651 0.919477 94.136093
v 8.032710 0.000000 94.874870
v 7.985548 0.507049 94.877014
v -7.623949 -0.459784 112.608063
v 24.961069 0.966688 111.766457
v 25.013683 0.459784 111.765099
v -7.676563 0.047120 112.609428
v 8.642252 0.506904 112.187943
v 8.694867 0.000000 112.186584
v 15.720118 0.701652 85.801338
v 17.006571 0.242181 120.742332
v 15.764594 0.194537 85.799034
v 16.951130 0.749004 120.743034
v 16.551912 0.217995 103.231018
v 16.502037 0.724974 103.232834
v 16.141602 0.713263 94.506546
v 16.188763 0.206214 94.504410
v 16.854275 0.229892 111.975830
v 16.801661 0.736796 111.977196
v -0.544432 -0.194537 86.646584
v 0.630852 0.264641 120.953644
v 0.236166 -0.217995 103.828072
v 0.186291 0.288983 103.829880
v -0.588910 0.312577 86.648888
v 0.686293 -0.242181 120.952934
v -0.123342 -0.206214 95.245338
v -0.170505 0.300835 95.247475
v 0.482844 0.277012 112.398682
v 0.535459 -0.229892 112.397331
v 26.722614 1.242791 147.839249
v 26.798105 0.737052 147.801575
v -2.424532 -0.231313 162.381485
v -2.349044 -0.737052 162.343796
v 25.111271 0.991185 120.637741
v 25.166710 0.484363 120.637024
v -7.529288 0.022460 121.058945
v -7.473846 -0.484363 121.058243
v 25.287127 0.596549 137.510544
v -7.370228 -0.090152 138.834076
v -7.301997 -0.596549 138.831299
v 25.218895 1.102947 137.513306
v 8.846432 0.000000 120.847633
v 12.149041 0.505739 155.110367
v 8.790991 0.506823 120.848335
v 12.224530 0.000000 155.072678
v 8.992564 0.000000 138.170929
v 8.924334 0.506397 138.173706
v 25.211967 0.533726 129.484512
v -7.481019 -0.027079 129.534622
v -7.419925 -0.533726 129.534531
v 25.150871 1.040373 129.484619
v 8.896022 0.000000 129.509521
v 8.834926 0.506647 129.509628
v -6.281292 -0.663047 149.530365
v 25.777256 1.169150 144.065247
v 25.852072 0.663047 144.052475
v -6.356108 -0.156944 149.543152
v 9.710573 0.506103 146.804199
v 9.785390 0.000000 146.791428
v 16.951130 0.749004 120.743034
v 19.511316 0.368526 151.437134
v 17.006571 0.242181 120.742332
v 19.435827 0.874265 151.474808
v 17.139845 0.298275 137.840744
v 17.071613 0.804672 137.843506
v 16.992899 0.773510 129.497116
v 17.053995 0.266863 129.497025
v 17.818731 0.331523 145.421951
v 17.743916 0.837627 145.434738
v 0.686293 -0.242181 120.952934
v 4.862256 0.137213 158.745926
v 0.845284 -0.298275 138.501114
v 0.777052 0.208123 138.503891
v 0.630852 0.264641 120.953644
v 4.937743 -0.368526 158.708237
v 0.738048 -0.266863 129.522018
v 0.676953 0.239784 129.522110
v 1.677232 0.174580 148.173660
v 1.752048 -0.331523 148.160889
v 45.144562 1.538360 149.428116
v 45.158569 1.034477 149.310532
v 41.305939 -0.530593 181.654327
v 41.319946 -1.034477 181.536728
v 26.722614 1.242791 147.839249
v 26.798105 0.737052 147.801575
v -2.424532 -0.231313 162.381485
v -2.349044 -0.737052 162.343796
v 28.188808 0.886852 148.110382
v 23.733244 -0.381968 180.424561
v 23.747066 -0.886852 180.323990
v 28.174984 1.391736 148.210953
v 12.224530 0.000000 155.072678
v 43.225250 0.503884 165.541214
v 12.149041 0.505739 155.110367
v 43.239258 0.000000 165.423630
v 25.967937 0.000000 164.217194
v 25.954115 0.504884 164.317764
v 26.734798 0.817368 147.868149
v 8.907461 -0.312068 175.208160
v 8.958489 -0.817368 175.129730
v 26.683769 1.322669 147.946579
v 17.846643 0.000000 161.498947
v 17.795614 0.505300 161.577362
v 33.806240 -0.954202 180.804153
v 35.428429 1.458648 148.463791
v 35.433910 0.954202 148.354691
v 33.800758 -0.449755 180.913254
v 34.614594 0.504447 164.688522
v 34.620075 0.000000 164.579437
v 19.435827 0.874265 151.474808
v 44.198914 0.517238 157.367081
v 19.511316 0.368526 151.437134
v 44.184906 1.021122 157.484665
v 27.078373 0.443426 156.163788
v 27.064550 0.948310 156.264359
v 22.239691 0.913984 154.761963
v 22.290720 0.408684 154.683548
v 35.026993 0.477101 156.467072
v 35.021511 0.981548 156.576157
v 4.937743 -0.368526 158.708237
v 42.265594 -0.013354 173.597763
v 24.857504 -0.443426 172.270584
v 24.843678 0.061458 172.371155
v 4.862256 0.137213 158.745926
v 42.279602 -0.517238 173.480194
v 13.402567 -0.408684 168.314331
v 13.351539 0.096616 168.392761
v 34.207676 0.027346 172.800873
v 34.213158 -0.477101 172.691788
v 64.384659 1.828329 145.409760
v 64.282684 1.326886 145.297180
v 86.070786 -0.825443 169.342834
v 85.968819 -1.326886 169.230270
v 45.144562 1.538360 149.428116
v 45.158569 1.034477 149.310532
v 41.305939 -0.530593 181.654327
v 41.319946 -1.034477 181.536728
v 57.379189 1.211409 150.041443
v 63.597160 -0.708928 181.943420
v 63.570568 -1.211409 181.807312
v 57.405785 1.713890 150.177551
v 43.239258 0.000000 165.423630
v 75.227722 0.501443 157.376297
v 43.225250 0.503884 165.541214
v 75.125748 0.000000 157.263733
v 60.474880 0.000000 165.924393
v 60.501476 0.502481 166.060486
v 52.791313 1.120230 150.169266
v 50.902866 -0.616998 182.654663
v 50.910305 -1.120230 182.526657
v 52.783882 1.623462 150.297287
v 51.850811 0.000000 166.347961
v 51.843376 0.503232 166.475983
v 77.098228 -1.299743 176.503784
v 59.985329 1.801438 149.269821
v 59.906162 1.299743 149.143860
v 77.177399 -0.798047 176.629745
v 68.581360 0.501695 162.949799
v 68.502197 0.000000 162.823822
v 44.184906 1.021122 157.484665
v 69.704216 0.663443 151.280457
v 44.198914 0.517238 157.367081
v 69.806190 1.164886 151.393021
v 58.927036 0.605705 157.982925
v 58.953629 1.108185 158.119003
v 52.313633 1.063347 158.386627
v 52.321064 0.560115 158.258606
v 64.204178 0.649871 155.983841
v 64.283348 1.151567 156.109802
v 42.279602 -0.517238 173.480194
v 80.649254 -0.162000 163.359573
v 62.022724 -0.605705 173.865845
v 62.049316 -0.103224 174.001953
v 42.265594 -0.013354 173.597763
v 80.547287 -0.663443 163.246994
v 51.380554 -0.560115 174.437302
v 51.373123 -0.056883 174.565338
v 72.879379 -0.148176 169.789764
v 72.800209 -0.649871 169.663803
v 82.571251 1.782955 122.598534
v 82.442719 1.281090 122.527931
v 110.904007 -0.779223 138.158020
v 110.775475 -1.281090 138.087418
v 64.384659 1.828329 145.409760
v 64.282684 1.326886 145.297180
v 86.070786 -0.825443 169.342834
v 85.968819 -1.326886 169.230270
v 74.466652 1.304667 134.638702
v 99.793961 -0.803016 154.940048
v 99.677422 -1.304667 154.846634
v 74.583183 1.806317 134.732117
v 75.125748 0.000000 157.263733
v 96.737625 0.501866 130.378281
v 75.227722 0.501443 157.376297
v 96.609093 0.000000 130.307678
v 87.072037 0.000000 144.742676
v 87.188568 0.501650 144.836075
v 69.550362 1.315950 140.161926
v 93.203117 -0.814405 162.383743
v 93.093338 -1.315950 162.280594
v 69.660133 1.817495 140.265091
v 81.321846 0.000000 151.221268
v 81.431625 0.501545 151.324417
v 105.559380 -1.292995 146.718552
v 78.843079 1.794752 128.799683
v 78.720161 1.292995 128.717224
v 105.682289 -0.791237 146.800995
v 92.262688 0.501758 137.800339
v 92.139771 0.000000 137.717896
v 69.806190 1.164886 151.393021
v 89.525909 0.640545 126.417801
v 69.704216 0.663443 151.280457
v 89.654434 1.142411 126.488403
v 80.769348 0.652333 139.690689
v 80.885880 1.153983 139.784103
v 75.545876 1.159520 145.794754
v 75.436104 0.657975 145.691589
v 85.429970 0.646497 133.217560
v 85.552879 1.148255 133.300018
v 80.547287 -0.663443 163.246994
v 103.820816 -0.138679 134.268143
v 93.374733 -0.652333 149.794647
v 93.491264 -0.150684 149.888062
v 80.649254 -0.162000 163.359573
v 103.692284 -0.640545 134.197540
v 87.207596 -0.657975 156.750931
v 87.317375 -0.156430 156.854080
v 98.972488 -0.144740 142.300674
v 98.849571 -0.646497 142.218231
v 91.619621 1.734655 95.432205
v 91.479889 1.232355 95.412827
v 123.664886 -0.730056 99.876236
v 123.525162 -1.232355 99.856842
v 82.571251 1.782955 122.598534
v 82.442719 1.281090 122.527931
v 110.904007 -0.779223 138.158020
v 110.775475 -1.281090 138.087418
v 88.164307 1.256797 109.396782
v 119.008759 -0.754712 119.579948
v 118.872147 -1.256797 119.534828
v 88.300911 1.758881 109.441910
v 96.609093 0.000000 130.307678
v 107.642250 0.502299 97.654213
v 96.737625 0.501866 130.378281
v 107.502525 0.000000 97.634834
v 103.518227 0.000000 114.465805
v 103.654831 0.502084 114.510925
v 85.599152 1.269001 116.081688
v 115.369949 -0.767026 129.058990
v 115.236801 -1.269001 129.000931
v 85.732300 1.770976 116.139755
v 100.417976 0.000000 122.541313
v 100.551132 0.501975 122.599380
v 121.638283 -1.244557 109.785141
v 90.263702 1.746749 102.529579
v 90.124901 1.244557 102.497459
v 121.777084 -0.742364 109.817261
v 106.020393 0.502193 106.173416
v 105.881592 0.000000 106.141304
v 89.654434 1.142411 126.488403
v 99.491211 0.616178 96.523827
v 89.525909 0.640545 126.417801
v 99.630936 1.118477 96.543213
v 95.841270 0.628398 111.931297
v 95.977867 1.130482 111.976418
v 93.141716 1.136476 119.369568
v 93.008568 0.634500 119.311501
v 98.003250 0.622278 104.319382
v 98.142036 1.124471 104.351501
v 103.692284 -0.640545 134.197540
v 115.653572 -0.113878 98.765221
v 111.195190 -0.628398 117.000313
v 111.331802 -0.126314 117.045441
v 103.820816 -0.138679 134.268143
v 115.513840 -0.616178 98.745834
v 107.827385 -0.634500 125.771118
v 107.960541 -0.132525 125.829185
v 113.898727 -0.120086 107.995338
v 113.759933 -0.622278 107.963226
v 90.731491 1.688138 65.891487
v 90.597794 1.185437 65.914680
v 122.632072 -0.682736 60.353035
v 122.498367 -1.185437 60.376228
v 91.619621 1.734655 95.432205
v 91.479889 1.232355 95.412827
v 123.664886 -0.730056 99.876236
v 123.525162 -1.232355 99.856842
v 92.160995 1.208433 80.796623
v 124.652260 -0.705927 79.901749
v 124.513977 -1.208433 79.905540
v 92.299271 1.710939 80.792831
v 107.502525 0.000000 97.634834
v 106.681778 0.502701 63.122257
v 107.642250 0.502299 97.654213
v 106.548080 0.000000 63.145454
v 108.337486 0.000000 80.351082
v 108.475761 0.502506 80.347290
v 92.139359 1.220289 88.159645
v 124.592934 -0.717885 89.865616
v 124.453438 -1.220289 89.858276
v 92.278854 1.722693 88.166992
v 108.296394 0.000000 89.008965
v 108.435890 0.502404 89.016304
v 123.836777 -1.196809 70.064339
v 91.770805 1.699414 73.357498
v 91.634521 1.196809 73.371468
v 123.973053 -0.694205 70.050369
v 107.871925 0.502605 71.703934
v 107.735649 0.000000 71.717903
v 99.630936 1.118477 96.543213
v 98.572937 0.592718 64.530067
v 99.491211 0.616178 96.523827
v 98.706635 1.095419 64.506866
v 100.249237 0.604217 80.573853
v 100.387520 1.106723 80.570061
v 100.357376 1.112549 88.591644
v 100.217873 0.610145 88.584297
v 99.685089 0.598405 72.544685
v 99.821365 1.101010 72.530716
v 115.513840 -0.616178 98.745834
v 114.656921 -0.090018 61.737644
v 116.425735 -0.604217 80.128311
v 116.564018 -0.101710 80.124519
v 115.653572 -0.113878 98.765221
v 114.523224 -0.592718 61.760841
v 116.374916 -0.610145 89.433624
v 116.514412 -0.107740 89.440956
v 115.922493 -0.095800 70.877151
v 115.786201 -0.598405 70.891121
v 81.626175 1.806014 45.277493
v 81.538589 1.312067 45.484627
v 101.993591 -1.964290 20.745714
v 101.906006 -2.458237 20.952847
v 90.731491 1.688138 65.891487
v 90.597794 1.185437 65.914680
v 122.632072 -0.682736 60.353035
v 122.498367 -1.185437 60.376228
v 87.243935 1.169352 51.619576
v 117.958603 -0.666560 40.934258
v 117.836342 -1.169352 40.990181
v 87.366188 1.672144 51.563652
v 106.548080 0.000000 63.145454
v 91.809883 -0.079138 33.011604
v 106.681778 0.502701 63.122257
v 91.722298 -0.573085 33.218735
v 102.540138 0.000000 46.304878
v 102.662399 0.502792 46.248955
v 89.111626 1.174423 58.532787
v 120.684669 -0.671631 50.749943
v 120.554543 -1.174423 50.783741
v 89.241753 1.677215 58.498993
v 104.833084 0.000000 54.658264
v 104.963211 0.502792 54.624470
v 110.041588 -1.796831 28.233152
v 86.282349 1.848759 49.598969
v 86.202393 1.351527 49.778355
v 110.121544 -1.299599 28.053766
v 98.201950 0.274580 38.826370
v 98.121994 -0.222652 39.005753
v 98.706635 1.095419 64.506866
v 86.630447 0.369491 39.351681
v 98.572937 0.592718 64.530067
v 86.718033 0.863438 39.144547
v 94.892036 0.584676 48.962227
v 95.014297 1.087468 48.906303
v 97.102486 1.090003 56.561729
v 96.972359 0.587212 56.595528
v 92.162193 0.564437 44.392056
v 92.242149 1.061669 44.212669
v 114.523224 -0.592718 61.760841
v 96.901741 -1.021714 26.878658
v 110.188240 -0.584676 43.647530
v 110.310501 -0.081884 43.591606
v 114.656921 -0.090018 61.737644
v 96.814148 -1.515661 27.085791
v 112.693810 -0.587212 52.721001
v 112.823944 -0.084420 52.687206
v 104.161743 -0.512509 33.440067
v 104.081795 -1.009742 33.619453
v 61.818867 6.449711 35.192715
v 61.198200 6.058371 35.178303
v 67.508820 4.320765 3.255917
v 66.888153 3.929425 3.241505
v 81.626175 1.806014 45.277493
v 81.538589 1.312067 45.484627
v 101.993591 -1.964290 20.745714
v 101.906006 -2.458237 20.952847
v 72.177368 1.813683 38.719028
v 83.082100 -1.761156 8.652944
v 82.657341 -2.216296 8.729978
v 72.602127 2.268823 38.641994
v 91.722298 -0.573085 33.218735
v 64.663841 5.385238 19.224318
v 91.809883 -0.079138 33.011604
v 64.043175 4.993898 19.209906
v 77.417358 -0.201307 23.724504
v 77.842110 0.253833 23.647470
v 75.930092 1.375520 41.225189
v 93.727386 -2.385077 14.746593
v 93.587494 -2.876635 14.945802
v 76.069984 1.867078 41.025978
v 84.758797 -0.750558 28.085495
v 84.898682 -0.258999 27.886286
v 73.885063 0.883918 5.411357
v 67.922295 4.005056 37.010838
v 67.332069 3.601083 37.016491
v 74.475288 1.287892 5.405703
v 71.198792 2.646475 21.208269
v 70.608566 2.242501 21.213924
v 86.718033 0.863438 39.144547
v 62.620686 5.526135 27.194105
v 86.630447 0.369491 39.351681
v 63.241356 5.917474 27.208517
v 74.797363 0.806188 31.221766
v 75.222122 1.261328 31.144732
v 80.484337 0.804039 34.456135
v 80.344444 0.312481 34.655342
v 68.970322 2.921792 29.115208
v 69.560547 3.325765 29.109552
v 96.814148 -1.515661 27.085791
v 66.086327 4.853002 11.240117
v 80.037354 -1.208802 16.227242
v 80.462105 -0.753662 16.150206
v 96.901741 -1.021714 26.878658
v 65.465660 4.461662 11.225705
v 89.173141 -1.813596 21.515650
v 89.313034 -1.322038 21.316439
v 72.837036 1.967183 13.306987
v 72.246811 1.563210 13.312641
v 36.398762 17.484047 29.484951
v 35.782490 17.091719 29.432137
v 41.316788 16.567064 -2.791295
v 40.700512 16.174736 -2.844108
v 61.818867 6.449711 35.192715
v 61.198200 6.058371 35.178303
v 67.508820 4.320765 3.255917
v 66.888153 3.929425 3.241505
v 48.694435 11.491657 32.096855
v 54.317570 10.501737 -0.070848
v 53.680592 10.118016 -0.109131
v 49.331413 11.875378 32.135139
v 64.043175 4.993898 19.209906
v 38.857773 17.025557 13.346828
v 64.663841 5.385238 19.224318
v 38.241501 16.633228 13.294014
v 51.187515 10.804837 15.993862
v 51.824490 11.188558 16.032146
v 54.982071 8.723402 33.559673
v 60.843231 7.407738 1.477611
v 60.209080 7.022507 1.449606
v 55.616219 9.108631 33.587677
v 57.595573 7.872954 17.504639
v 58.229725 8.258184 17.532644
v 47.202217 13.180092 -1.520620
v 42.939095 14.684093 30.782322
v 42.308056 14.297961 30.735905
v 47.833260 13.566222 -1.474205
v 45.386173 14.125157 14.654058
v 44.755135 13.739026 14.607642
v 63.241356 5.917474 27.208517
v 37.011997 16.862474 21.363073
v 62.620686 5.526135 27.194105
v 37.628269 17.254801 21.415890
v 49.940975 11.148247 24.045361
v 50.577953 11.531968 24.083643
v 56.922970 8.683408 25.560160
v 56.288822 8.298178 25.532156
v 43.531593 14.018494 22.671772
v 44.162636 14.404625 22.718189
v 65.465660 4.461662 11.225705
v 40.087280 16.796309 5.277767
v 52.434052 10.461426 7.942365
v 53.071030 10.845147 7.980649
v 66.086327 4.853002 11.240117
v 39.471004 16.403982 5.224953
v 58.902328 7.447731 9.477123
v 59.536476 7.832961 9.505128
v 46.609718 13.845690 6.589926
v 45.978680 13.459559 6.543511
v 7.332483 27.378778 23.906286
v 6.941669 26.914423 23.857517
v 13.613180 26.858603 -8.165482
v 13.222363 26.394249 -8.214252
v 36.398762 17.484047 29.484951
v 35.782490 17.091719 29.432137
v 41.316788 16.567064 -2.791295
v 40.700512 16.174736 -2.844108
v 22.085531 22.435940 26.826136
v 27.927986 22.207033 -5.355626
v 27.376825 21.789497 -5.415220
v 22.636694 22.853472 26.885727
v 38.241501 16.633228 13.294014
v 10.472832 27.118690 7.870403
v 38.857773 17.025557 13.346828
v 10.082016 26.654337 7.821633
v 24.731178 22.112719 10.705458
v 25.282341 22.530252 10.765051
v 29.064915 19.823971 28.143911
v 34.703426 19.464996 -4.069827
v 34.112469 19.062412 -4.127235
v 29.655872 20.226555 28.201321
v 31.588692 19.443192 12.008338
v 32.179649 19.845776 12.065747
v 20.431456 24.275656 -6.757767
v 15.240121 25.282028 25.480555
v 14.750886 24.844000 25.422712
v 20.920691 24.713680 -6.699924
v 18.080406 24.997852 9.390316
v 17.591171 24.559828 9.332473
v 37.628269 17.254801 21.415890
v 8.511842 26.784380 15.839576
v 37.011997 16.862474 21.363073
v 8.902658 27.248735 15.888346
v 23.408354 22.274330 18.765797
v 23.959518 22.691864 18.825390
v 30.917759 20.036167 20.133533
v 30.326803 19.633581 20.076126
v 16.171028 24.701914 17.377594
v 16.660263 25.139940 17.435436
v 39.471004 16.403982 5.224953
v 12.043006 26.988647 -0.147539
v 26.054001 21.951109 2.645119
v 26.605165 22.368641 2.704713
v 40.087280 16.796309 5.277767
v 11.652189 26.524292 -0.196310
v 32.850578 19.252802 3.940552
v 33.441536 19.655386 3.997960
v 19.500549 24.855768 1.345195
v 19.011314 24.417740 1.287353
v -28.786469 27.245634 13.438186
v -28.433119 26.779179 13.590020
v -15.865399 27.248743 -16.596603
v -15.512050 26.782288 -16.444769
v 7.332483 27.378778 23.906286
v 6.941669 26.914423 23.857517
v 13.613180 26.858603 -8.165482
v 13.222363 26.394249 -8.214252
v -10.481060 28.991949 19.806406
v -1.831784 29.154793 -11.738564
v -1.837226 28.647253 -11.719600
v -10.475619 29.499491 19.787441
v 10.082016 26.654337 7.821633
v -22.325933 27.247189 -1.579209
v 10.472832 27.118690 7.870403
v -21.972584 26.780733 -1.427375
v -6.159143 28.819601 4.043404
v -6.153701 29.327141 4.024439
v -1.457834 28.419559 22.027897
v 5.972059 28.439861 -9.827842
v 5.740297 27.946953 -9.853233
v -1.226073 28.912468 22.053288
v 2.141232 28.183256 6.087333
v 2.372993 28.676165 6.112724
v -8.989854 28.079935 -13.915254
v -19.905016 28.878109 16.882532
v -19.707024 28.383101 16.969149
v -9.187847 28.574945 -14.001873
v -14.546432 28.726526 1.440330
v -14.348439 28.231518 1.526948
v 8.902658 27.248735 15.888346
v -25.202850 26.779957 6.081323
v 8.511842 26.784380 15.839576
v -25.556200 27.246410 5.929490
v -8.320102 28.905775 11.924905
v -8.314660 29.413317 11.905939
v 0.573460 28.794315 14.083006
v 0.341699 28.301407 14.057616
v -17.027731 28.307308 9.248049
v -17.225725 28.802317 9.161430
v 11.652189 26.524292 -0.196310
v -19.095667 27.247965 -9.087906
v -3.998185 28.733429 -3.838098
v -3.992743 29.240969 -3.857062
v 12.043006 26.988647 -0.147539
v -18.742317 26.781511 -8.936071
v 3.940764 28.065104 -1.882950
v 4.172525 28.558012 -1.857558
v -11.867140 28.650738 -6.280771
v -11.669147 28.155727 -6.194153
v -55.898338 15.969254 -3.485325
v -55.340981 15.580730 -3.197416
v -37.128624 17.946142 -29.986912
v -36.571270 17.557621 -29.699005
v -28.786430 27.245644 13.438205
v -28.433081 26.779190 13.590039
v -15.865374 27.248753 -16.596592
v -15.512026 26.782299 -16.444759
v -43.273911 21.684505 5.770445
v -27.414150 23.076643 -22.713173
v -26.895603 22.666704 -22.464954
v -43.792450 22.094446 5.522226
v -21.972553 26.780745 -1.427360
v -46.513485 16.957697 -16.736118
v -22.325901 27.247198 -1.579194
v -45.956127 16.569176 -16.448210
v -35.084759 22.175606 -8.347255
v -35.603302 22.585545 -8.595474
v -36.285717 24.454853 9.828835
v -21.921253 25.356413 -19.508146
v -21.463593 24.921394 -19.300961
v -36.743378 24.889870 9.621649
v -28.874655 24.688124 -4.736063
v -29.332315 25.123142 -4.943250
v -31.896833 20.169952 -25.928951
v -50.109219 19.072031 1.160862
v -49.560619 18.677603 1.435688
v -32.445438 20.564379 -26.203775
v -41.277328 19.818203 -12.521457
v -40.728725 19.423779 -12.246631
v -25.556168 27.246422 5.929506
v -50.648552 16.074953 -9.822813
v -25.202816 26.779966 6.081340
v -51.205910 16.463476 -10.110722
v -39.179333 21.930056 -1.288405
v -39.697876 22.339994 -1.536624
v -33.037846 25.006506 2.339199
v -32.580185 24.571486 2.546386
v -45.144672 19.050692 -5.405471
v -45.693275 19.445118 -5.680297
v -18.742290 26.781521 -8.936060
v -41.821053 17.451920 -23.361515
v -30.990181 22.421154 -15.406106
v -31.508724 22.831095 -15.654325
v -19.095638 27.247976 -9.087893
v -41.263699 17.063398 -23.073608
v -25.169125 24.804760 -12.018512
v -25.626783 25.239777 -12.225698
v -36.861382 20.191292 -19.362616
v -36.312778 19.796864 -19.087791
v -77.093246 4.861329 -26.097744
v -76.652077 4.418840 -25.914494
v -54.313755 8.507404 -48.483704
v -53.872581 8.064915 -48.300461
v -55.898338 15.969254 -3.485325
v -55.340981 15.580730 -3.197416
v -37.128624 17.946142 -29.986912
v -36.571270 17.557621 -29.699005
v -66.061966 9.560555 -13.596126
v -45.867359 12.819699 -38.556366
v -45.339470 12.417034 -38.285030
v -66.589851 9.963221 -13.867460
v -45.956127 16.569176 -16.448210
v -65.703499 6.684367 -37.290722
v -46.513485 16.957697 -16.736118
v -65.262329 6.241878 -37.107475
v -55.700718 10.988794 -25.940578
v -56.228603 11.391460 -26.211914
v -60.784462 12.508725 -8.193746
v -41.564270 15.331906 -34.101181
v -41.014820 14.940145 -33.814259
v -61.333916 12.900486 -8.480665
v -50.899639 13.724436 -21.004002
v -51.449093 14.116197 -21.290922
v -49.628162 10.080972 -43.138649
v -71.787506 7.255990 -19.696449
v -71.294724 6.836020 -19.457733
v -50.120934 10.500940 -43.377365
v -60.954220 8.878465 -31.536907
v -60.461445 8.458496 -31.298189
v -51.205910 16.463476 -10.110722
v -70.957199 5.330359 -31.510984
v -50.648552 16.074953 -9.822813
v -71.398376 5.772848 -31.694233
v -60.881340 10.274674 -19.768353
v -61.409229 10.677341 -20.039686
v -56.391502 13.508341 -14.885793
v -55.842052 13.116580 -14.598873
v -65.878090 7.647258 -25.377962
v -66.370857 8.067227 -25.616676
v -41.263699 17.063398 -23.073608
v -60.008629 7.595886 -42.887215
v -50.520100 11.702913 -32.112804
v -51.047981 12.105579 -32.384140
v -41.821053 17.451920 -23.361515
v -59.567459 7.153396 -42.703964
v -45.957230 14.332291 -27.409130
v -46.506683 14.724051 -27.696053
v -55.537575 9.689702 -37.457134
v -55.044800 9.269734 -37.218418
v -96.396469 1.231156 -60.162392
v -96.159767 0.738739 -60.173000
v -67.134621 5.120011 -72.693840
v -66.897934 4.627593 -72.704453
v -77.093246 4.861329 -26.097744
v -76.652077 4.418840 -25.914494
v -54.313755 8.507404 -48.483704
v -53.872581 8.064915 -48.300461
v -88.026199 1.518479 -42.831230
v -60.934017 6.232385 -58.771469
v -60.650890 5.746665 -58.760178
v -88.309319 2.004199 -42.842514
v -65.262329 6.241878 -37.107475
v -81.765549 3.175583 -66.428116
v -65.703499 6.684367 -37.290722
v -81.528847 2.683166 -66.438728
v -74.338547 3.632572 -50.795704
v -74.621666 4.118292 -50.806992
v -82.561874 2.438579 -33.740433
v -57.903599 7.070195 -53.307808
v -57.547527 6.599806 -53.220989
v -82.917953 2.908966 -33.827251
v -70.054703 4.519193 -43.480709
v -70.410782 4.989581 -43.567532
v -63.887165 5.123477 -65.524529
v -92.624702 1.544149 -51.491791
v -92.370110 1.054142 -51.498867
v -64.141754 5.613484 -65.517464
v -78.383232 3.578817 -58.504631
v -78.128639 3.088810 -58.511700
v -71.398376 5.772848 -31.694233
v -88.844307 1.710952 -63.305862
v -70.957199 5.330359 -31.510984
v -89.081009 2.203369 -63.295258
v -81.182373 2.575525 -46.813465
v -81.465492 3.061245 -46.824749
v -76.664368 3.949273 -38.697392
v -76.308289 3.478886 -38.610573
v -85.249374 2.071476 -55.005283
v -85.503960 2.561483 -54.998207
v -59.567459 7.153396 -42.703964
v -74.450089 4.147797 -69.560974
v -67.494720 4.689618 -54.777943
v -67.777847 5.175338 -54.789230
v -60.008629 7.595886 -42.887215
v -74.213387 3.655380 -69.571587
v -63.801113 5.559500 -48.350853
v -64.157188 6.029887 -48.437668
v -71.262497 4.596151 -62.011044
v -71.007904 4.106144 -62.018112
v -107.383629 0.481252 -96.466141
v -107.195137 -0.016758 -96.452408
v -75.853241 3.672757 -102.575890
v -75.664749 3.174747 -102.562157
v -96.396454 1.231157 -60.162357
v -96.159760 0.738740 -60.172966
v -67.134613 5.120012 -72.693802
v -66.897919 4.627595 -72.704414
v -102.538536 0.295986 -77.921379
v -72.239777 4.323094 -87.523140
v -72.029396 3.827420 -87.526718
v -102.748909 0.791661 -77.917793
v -81.528831 2.683168 -66.438690
v -91.618423 2.077005 -99.521019
v -81.765533 3.175585 -66.428078
v -91.429939 1.578994 -99.507286
v -87.283966 2.061702 -82.724045
v -87.494339 2.557378 -82.720467
v -99.535599 0.495553 -68.971138
v -69.837921 4.698445 -80.058250
v -69.615311 4.204239 -80.066895
v -99.758202 0.989759 -68.962494
v -84.575455 2.349896 -74.519020
v -84.798065 2.844102 -74.510376
v -74.146133 3.483997 -95.042336
v -105.382904 0.623366 -87.036674
v -105.183815 0.126428 -87.033104
v -74.345230 3.980935 -95.045914
v -89.864067 2.302150 -91.041298
v -89.664970 1.805213 -91.037720
v -89.080994 2.203371 -63.295216
v -99.312538 0.781118 -97.979843
v -88.844299 1.710954 -63.305828
v -99.501022 1.279129 -97.993576
v -94.911255 1.178844 -80.322708
v -95.121628 1.674520 -80.319130
v -92.278137 1.916930 -71.736435
v -92.055519 1.422725 -71.745079
v -97.424385 0.965820 -89.035416
v -97.623489 1.462758 -89.038979
v -74.213371 3.655381 -69.571556
v -83.735832 2.874881 -101.048454
v -79.656685 2.944561 -85.125381
v -79.867058 3.440236 -85.121803
v -74.450073 4.147799 -69.560944
v -83.547348 2.376871 -101.034721
v -77.095383 3.277067 -77.292953
v -77.317993 3.771273 -77.284309
v -82.104652 3.141543 -93.043602
v -81.905556 2.644605 -93.040024
v -108.301285 -0.063841 -136.874771
v -108.164139 -0.564960 -136.800888
v -76.517197 2.529113 -131.041290
v -76.380051 2.027994 -130.967407
v -107.383614 0.481253 -96.466103
v -107.195122 -0.016758 -96.452370
v -75.853226 3.672759 -102.575851
v -75.664742 3.174749 -102.562119
v -109.554520 -0.282945 -116.015923
v -77.518700 3.088510 -117.356400
v -77.352814 2.588688 -117.317230
v -109.720421 0.216876 -116.055092
v -91.429932 1.578995 -99.507240
v -92.409241 1.232636 -133.958038
v -91.618416 2.077006 -99.520973
v -92.272095 0.731517 -133.884155
v -93.453667 1.152871 -116.666580
v -93.619560 1.652693 -116.705742
v -108.674324 -0.151933 -106.112091
v -76.912895 3.376060 -110.026306
v -76.735329 2.877089 -110.000679
v -108.851883 0.347039 -106.137711
v -92.704826 1.362578 -108.056389
v -92.882385 1.861549 -108.082008
v -77.304420 2.307569 -124.390182
v -109.678886 0.084189 -126.304359
v -109.526077 -0.416356 -126.249245
v -77.457230 2.808114 -124.445297
v -93.568054 1.446151 -125.374832
v -93.415245 0.945607 -125.319710
v -99.501022 1.279129 -97.993538
v -100.218117 0.083279 -135.342529
v -99.312531 0.781119 -97.979805
v -100.355263 0.584398 -135.416412
v -101.504097 0.434963 -116.341248
v -101.669991 0.934784 -116.380424
v -100.867142 1.104294 -107.109863
v -100.689575 0.605323 -107.084244
v -101.470657 0.264625 -125.784477
v -101.623474 0.765170 -125.839592
v -83.547333 2.376872 -101.034683
v -84.463219 1.880875 -132.499664
v -85.403236 1.870780 -116.991905
v -85.569138 2.370601 -117.031067
v -83.735825 2.874882 -101.048416
v -84.326073 1.379756 -132.425781
v -84.720070 2.119834 -109.028526
v -84.897644 2.618805 -109.054161
v -85.512642 2.127132 -124.910065
v -85.359840 1.626588 -124.854950
v -86.530296 -0.546059 -176.060196
v -86.496735 -1.050770 -175.961060
v -65.511307 1.155812 -151.229401
v -65.477745 0.651101 -151.130295
v -108.301285 -0.063841 -136.874771
v -108.164139 -0.564960 -136.800888
v -76.517197 2.529113 -131.041290
v -76.380051 2.027994 -130.967407
v -101.039780 -0.924428 -157.790527
v -72.589684 1.967929 -142.633163
v -72.494194 1.466053 -142.522034
v -101.135277 -0.422553 -157.901657
v -92.272095 0.731517 -133.884155
v -76.020805 0.304876 -163.644791
v -92.409241 1.232636 -133.958038
v -75.987244 -0.199834 -163.545685
v -86.766991 0.270812 -150.156281
v -86.862480 0.772688 -150.267410
v -105.414986 -0.733416 -147.426636
v -74.908562 2.249903 -137.104752
v -74.790543 1.748354 -137.011215
v -105.533005 -0.231868 -147.520187
v -90.102768 0.507469 -142.218918
v -90.220787 1.009018 -142.312469
v -69.218071 1.169825 -147.515350
v -94.948959 -0.630754 -167.414169
v -94.876656 -1.133011 -167.292374
v -69.290367 1.672081 -147.637161
v -82.119659 0.520663 -157.525665
v -82.047363 0.018407 -157.403870
v -100.355263 0.584398 -135.416412
v -81.241997 -0.625302 -169.753387
v -100.218117 0.083279 -135.342529
v -81.275551 -0.120592 -169.852478
v -93.903389 -0.326808 -153.973404
v -93.998878 0.175068 -154.084534
v -97.876892 0.388575 -144.916336
v -97.758873 -0.112974 -144.822769
v -88.462013 -0.557302 -162.348129
v -88.534309 -0.055046 -162.469910
v -84.326073 1.379756 -132.425781
v -70.766052 0.730344 -157.437088
v -79.630592 0.868432 -146.339157
v -79.726082 1.370308 -146.450287
v -84.463219 1.880875 -132.499664
v -70.732491 0.225634 -157.337982
v -82.446655 1.127912 -139.615067
v -82.564674 1.629460 -139.708603
v -75.705017 1.096372 -152.581406
v -75.632721 0.594116 -152.459610
v -43.425816 1.057124 -190.323364
v -43.405602 0.552064 -190.419479
v -44.342278 -0.631723 -157.801239
v -44.322063 -1.136783 -157.897354
v -86.530296 -0.546059 -176.060196
v -86.496735 -1.050770 -175.961060
v -65.511307 1.155812 -151.229401
v -65.477745 0.651101 -151.130295
v -65.986282 -0.433082 -187.418930
v -55.875156 0.182965 -156.332611
v -55.875340 -0.324668 -156.326035
v -65.986099 0.074551 -187.425507
v -75.987244 -0.199834 -163.545685
v -43.884045 0.212701 -174.062302
v -76.020805 0.304876 -163.644791
v -43.863834 -0.292360 -174.158417
v -60.930813 -0.378875 -171.872482
v -60.930626 0.128758 -171.879074
v -76.768143 -0.802879 -182.664841
v -60.923565 0.651385 -154.184235
v -60.913651 0.144621 -154.127716
v -76.778061 -0.296115 -182.721375
v -68.840897 -0.329129 -168.396286
v -68.850815 0.177635 -168.452805
v -50.313148 -0.750439 -157.596344
v -54.694611 0.539519 -189.917572
v -54.690643 0.032438 -189.963318
v -50.317108 -0.243358 -157.550598
v -52.505863 0.148080 -173.734070
v -52.501896 -0.359001 -173.779831
v -81.275551 -0.120592 -169.852478
v -43.634716 0.129852 -182.288956
v -81.241997 -0.625302 -169.753387
v -43.654930 0.634913 -182.192825
v -63.458546 -0.405978 -179.645706
v -63.458363 0.101655 -179.652283
v -72.814438 -0.059240 -175.587082
v -72.804520 -0.566004 -175.530579
v -53.596272 -0.163282 -181.871582
v -53.600235 0.343799 -181.825821
v -70.732491 0.225634 -157.337982
v -44.113159 -0.209510 -165.931763
v -58.403076 -0.351772 -164.099243
v -58.402889 0.155861 -164.105850
v -70.766052 0.730344 -157.437088
v -44.092949 -0.714571 -166.027878
v -64.877274 -0.092254 -161.261993
v -64.887192 0.414510 -161.318512
v -51.411488 -0.047639 -165.642334
v -51.407516 -0.554720 -165.688095
v -3.074429 3.011483 -176.714096
v -2.914742 2.526846 -176.956284
v -19.766819 -2.056360 -150.337418
v -19.607134 -2.540998 -150.579605
v -43.425922 1.057120 -190.323364
v -43.405708 0.552059 -190.419479
v -44.342331 -0.631718 -157.801239
v -44.322121 -1.136780 -157.897354
v -21.977127 1.609131 -186.410873
v -31.842358 -1.343620 -155.742828
v -31.764637 -1.840652 -155.925201
v -22.054848 2.106163 -186.228485
v -43.863914 -0.292360 -174.158417
v -11.420624 0.477561 -163.525757
v -43.884125 0.212700 -174.062302
v -11.260938 -0.007076 -163.767944
v -26.870882 -0.115760 -171.168030
v -26.948603 0.381272 -170.985641
v -32.436909 1.086830 -189.178635
v -38.133408 -0.995072 -157.216690
v -38.087875 -1.496734 -157.358765
v -32.482445 1.588492 -189.036545
v -35.262394 -0.204952 -173.268692
v -35.307926 0.296711 -173.126633
v -25.538126 -2.184193 -153.584686
v -12.274615 2.585341 -182.048920
v -12.159431 2.094020 -182.265350
v -25.653311 -1.692873 -153.368240
v -18.963963 0.446234 -167.708572
v -18.848778 -0.045087 -167.925018
v -43.655025 0.634910 -182.192825
v -7.087839 1.259885 -170.362106
v -43.634815 0.129849 -182.288956
v -7.247527 1.744522 -170.119919
v -24.424006 0.746685 -178.789444
v -24.501728 1.243717 -178.607071
v -33.895187 0.942602 -181.081589
v -33.849651 0.440939 -181.223648
v -15.504105 1.024467 -175.095184
v -15.619289 1.515788 -174.878754
v -44.093014 -0.714570 -166.027878
v -15.593722 -0.789400 -156.931580
v -29.317757 -0.978206 -163.546616
v -29.395481 -0.481174 -163.364227
v -44.113232 -0.209509 -165.931763
v -15.434035 -1.274037 -157.173782
v -36.675137 -0.850843 -165.313736
v -36.720669 -0.349181 -165.171661
v -22.308636 -0.623319 -160.538406
v -22.193451 -1.114640 -160.754852
v 21.634081 2.755336 -137.776886
v 21.890673 2.265999 -137.814896
v -9.543753 -1.776662 -133.164902
v -9.287163 -2.265999 -133.202927
v -3.074429 3.011483 -176.714096
v -2.914742 2.526846 -176.956284
v -19.766819 -2.056360 -150.337418
v -19.607134 -2.540998 -150.579605
v 14.506065 2.495497 -159.934128
v -12.556129 -2.010145 -143.723221
v -12.311106 -2.495497 -143.870087
v 14.261042 2.980850 -159.787292
v -11.260938 -0.007076 -163.767944
v 6.045164 0.489338 -135.470886
v -11.420624 0.477561 -163.525757
v 6.301755 0.000000 -135.508911
v 1.097479 0.000000 -151.902115
v 0.852456 0.485352 -151.755249
v 6.378588 2.605963 -169.967712
v -15.181559 -2.122679 -147.104553
v -14.976921 -2.605963 -147.321594
v 6.173949 3.089247 -169.750687
v -4.299167 0.000000 -158.644653
v -4.503805 0.483285 -158.427612
v -10.494597 -2.379377 -139.367767
v 19.258287 2.866798 -148.494675
v 19.518656 2.379377 -148.574631
v -10.754966 -1.891956 -139.287827
v 4.251659 0.487421 -143.891251
v 4.512029 0.000000 -143.971207
v -7.247527 1.744522 -170.119919
v 14.096213 1.132999 -136.661896
v -7.087839 1.259885 -170.362106
v 13.839622 1.622337 -136.623886
v 7.801772 1.247748 -155.918121
v 7.556749 1.733101 -155.771271
v 0.835072 1.786266 -164.089142
v 1.039711 1.302981 -164.306198
v 12.015342 1.189688 -146.272919
v 11.754972 1.677109 -146.192963
v -15.434035 -1.274037 -157.173782
v -1.749294 -0.643662 -134.317902
v -5.606814 -1.247748 -147.886093
v -5.851837 -0.762396 -147.739243
v -15.593722 -0.789400 -156.931580
v -1.492704 -1.132999 -134.355911
v -9.638043 -1.302981 -152.983124
v -9.842682 -0.819697 -152.766068
v -3.251654 -0.702267 -141.589523
v -2.991284 -1.189688 -141.669495
v 25.438046 2.336082 -102.823425
v 25.647371 1.840438 -102.847252
v -6.281110 -1.344793 -99.219032
v -6.071785 -1.840438 -99.242859
v 21.634081 2.755336 -137.776886
v 21.890673 2.265999 -137.814896
v -9.543753 -1.776662 -133.164902
v -9.287163 -2.265999 -133.202927
v 23.645725 2.054903 -119.526161
v -8.216749 -1.562264 -116.968239
v -7.982277 -2.054903 -116.987068
v 23.411253 2.547542 -119.507339
v 6.301755 0.000000 -135.508911
v 9.578469 0.495644 -101.021233
v 6.045164 0.489338 -135.470886
v 9.787793 0.000000 -101.045059
v 7.831725 0.000000 -118.256615
v 7.597252 0.492639 -118.237785
v 22.965096 2.158026 -128.186951
v -8.804221 -1.666957 -125.585152
v -8.558015 -2.158026 -125.605324
v 22.718889 2.649096 -128.166779
v 7.203540 0.000000 -126.896141
v 6.957335 0.491069 -126.875961
v -7.090604 -1.956172 -107.785599
v 24.291691 2.450238 -111.469017
v 24.514090 1.956172 -111.495110
v -7.313005 -1.462106 -107.759514
v 8.489343 0.494066 -109.614265
v 8.711743 0.000000 -109.640350
v 13.839622 1.622337 -136.623886
v 17.717581 0.920219 -101.946152
v 14.096213 1.132999 -136.661896
v 17.508259 1.415863 -101.922325
v 15.738725 1.027452 -118.891388
v 15.504252 1.520091 -118.872559
v 14.838112 1.570083 -127.521370
v 15.084317 1.079013 -127.541542
v 16.612917 0.978086 -110.567734
v 16.390518 1.472152 -110.541649
v -1.492704 -1.132999 -134.355911
v 1.648680 -0.424575 -100.120132
v -0.075276 -1.027452 -117.621841
v -0.309748 -0.534812 -117.603012
v -1.749294 -0.643662 -134.317902
v 1.858004 -0.920219 -100.143967
v -0.677237 -1.079013 -126.250732
v -0.923443 -0.587944 -126.230560
v 0.588169 -0.484020 -108.686882
v 0.810569 -0.978086 -108.712975
v 28.091114 1.870348 -66.858521
v 28.247818 1.369311 -66.862183
v -4.170971 -0.868274 -66.115211
v -4.014268 -1.369311 -66.118881
v 25.438046 2.336082 -102.823425
v 25.647371 1.840438 -102.847252
v -6.281110 -1.344793 -99.219032
v -6.071785 -1.840438 -99.242859
v 27.413374 1.602107 -84.849159
v -4.813029 -1.103529 -82.735916
v -4.630031 -1.602107 -82.747948
v 27.230370 2.100685 -84.837135
v 9.787793 0.000000 -101.045059
v 11.960072 0.501037 -66.486870
v 9.578469 0.495644 -101.021233
v 12.116776 0.000000 -66.490532
v 11.391670 0.000000 -83.798561
v 11.208672 0.498577 -83.786522
v 26.645756 1.719942 -93.902176
v -5.437357 -1.222761 -90.945099
v -5.241311 -1.719942 -90.963242
v 26.449711 2.217121 -93.884033
v 10.702222 0.000000 -92.432709
v 10.506177 0.497180 -92.414566
v -4.225558 -1.485870 -74.456032
v 27.769222 1.985726 -75.833954
v 27.939152 1.485870 -75.841301
v -4.395487 -0.986015 -74.448692
v 11.686866 0.499855 -75.141327
v 11.856796 0.000000 -75.148666
v 17.508259 1.415863 -101.922325
v 20.182297 0.684656 -66.676361
v 17.717581 0.920219 -101.946152
v 20.025593 1.185693 -66.672691
v 19.402521 0.801053 -84.323860
v 19.219521 1.299631 -84.311829
v 18.477943 1.357151 -93.149300
v 18.673988 0.859971 -93.167442
v 19.897974 0.742935 -75.494980
v 19.728043 1.242790 -75.487633
v 1.858004 -0.920219 -100.143967
v 3.894550 -0.183618 -66.301041
v 3.380820 -0.801053 -83.273254
v 3.197820 -0.302476 -83.261223
v 1.648680 -0.424575 -100.120132
v 4.051254 -0.684656 -66.304703
v 2.730456 -0.859971 -91.697975
v 2.534410 -0.362791 -91.679832
v 3.645689 -0.243080 -74.795006
v 3.815619 -0.742935 -74.802345
v 27.764593 1.375559 -30.983671
v 27.864107 0.870575 -30.978331
v -4.713147 -0.365590 -32.734070
v -4.613633 -0.870575 -32.728733
v 28.091114 1.870349 -66.858597
v 28.247816 1.369312 -66.862267
v -4.170975 -0.868275 -66.115288
v -4.014271 -1.369312 -66.118950
v 28.397434 1.130209 -48.935036
v -4.135490 -0.627056 -49.402161
v -4.006125 -1.130209 -49.400337
v 28.268072 1.633361 -48.936863
v 12.116773 0.000000 -66.490608
v 11.525723 0.504984 -31.858870
v 11.960070 0.501037 -66.486938
v 11.625237 0.000000 -31.853531
v 12.195655 0.000000 -49.167686
v 12.066292 0.503153 -49.169510
v 28.400091 1.251121 -57.895668
v -4.084180 -0.748987 -57.762856
v -3.940965 -1.251121 -57.763493
v 28.256876 1.753256 -57.895035
v 12.229563 0.000000 -57.829582
v 12.086348 0.502135 -57.828945
v -4.215372 -1.004961 -41.043343
v 28.119640 1.509057 -39.975266
v 28.234619 1.004961 -39.971470
v -4.330346 -0.500864 -41.047138
v 11.894647 0.504096 -40.511204
v 12.009623 0.000000 -40.507404
v 20.025591 1.185693 -66.672775
v 19.744671 0.435287 -31.415932
v 20.182295 0.684656 -66.676437
v 19.645159 0.940272 -31.421270
v 20.296545 0.565104 -49.051361
v 20.167181 1.068257 -49.053188
v 20.171612 1.127695 -57.861988
v 20.314827 0.625561 -57.862625
v 20.122120 0.502480 -40.239437
v 20.007143 1.006577 -40.243237
v 4.051251 -0.684656 -66.304779
v 3.406290 0.069697 -32.296471
v 4.094764 -0.565104 -49.284012
v 3.965402 -0.061951 -49.285835
v 3.894548 -0.183619 -66.301117
v 3.505802 -0.435287 -32.291130
v 4.144299 -0.625561 -57.796535
v 4.001084 -0.123426 -57.795902
v 3.782149 0.001616 -40.779171
v 3.897125 -0.502480 -40.775375
v 22.035204 0.599074 6.991721
v 22.045231 0.091459 6.994723
v -9.236927 0.416157 -2.546294
v -9.226896 -0.091459 -2.543291
v 27.764595 1.375560 -30.983755
v 27.864109 0.870575 -30.978415
v -4.713140 -0.365591 -32.734146
v -4.613626 -0.870575 -32.728809
v 26.450508 0.556362 -12.699487
v -6.020111 -0.049802 -16.480669
v -5.956847 -0.556362 -16.473333
v 26.387245 1.062922 -12.706821
v 11.625241 0.000000 -31.853611
v 6.399137 0.507615 2.222713
v 11.525728 0.504984 -31.858952
v 6.409167 0.000000 2.225716
v 10.246830 0.000000 -14.586411
v 10.183566 0.506560 -14.593746
v 27.293957 0.723809 -21.919554
v -5.264072 -0.218002 -24.507523
v -5.181475 -0.723809 -24.500994
v 27.211361 1.229616 -21.926083
v 11.056242 0.000000 -23.210274
v 10.973644 0.505807 -23.216803
v -7.007989 -0.338039 -9.378086
v 24.927259 0.845283 -2.672063
v 24.965174 0.338039 -2.664315
v -7.045903 0.169206 -9.385836
v 8.940680 0.507244 -6.028949
v 8.978592 0.000000 -6.021201
v 19.645163 0.940272 -31.421354
v 14.227199 0.045730 4.610220
v 19.744675 0.435288 -31.416012
v 14.217169 0.553345 4.607217
v 18.348669 0.278181 -13.642948
v 18.285406 0.784741 -13.650284
v 19.092505 0.867711 -22.571444
v 19.175100 0.361904 -22.564915
v 16.971882 0.169019 -4.342758
v 16.933969 0.676264 -4.350506
v 3.505807 -0.435288 -32.291210
v -1.418894 0.461886 -0.161791
v 2.144991 -0.278181 -15.529873
v 2.081727 0.228379 -15.537209
v 3.406295 0.069697 -32.296551
v -1.408865 -0.045730 -0.158787
v 2.937384 -0.361904 -23.855635
v 2.854787 0.143903 -23.862164
v 0.947389 0.338225 -7.707392
v 0.985301 -0.169019 -7.699644
vn -0.0282 0.9994 -0.0223
vn -0.9861 -0.1134 -0.1211
vn 0.1050 0.0002 -0.9945
vn 0.0097 -0.9999 -0.0026
vn -0.0259 -0.0000 0.9997
vn 0.9975 0.0349 0.0608
vn 0.9664 0.0536 0.2515
vn 0.0037 -0.9991 0.0427
vn -0.9701 -0.0229 -0.2416
vn -0.0071 1.0000 0.0025
vn -0.0056 1.0000 -0.0035
vn 0.0166 -0.9999 -0.0049
vn 0.0094 -1.0000 0.0019
vn 0.1050 0.0001 -0.9945
vn -0.0315 0.9995 0.0016
vn -0.0166 0.9999 0.0049
vn 0.0315 -0.9995 -0.0016
vn 0.0282 -0.9994 0.0223
vn 0.9858 0.1134 0.1238
vn -0.9690 -0.0536 -0.2410
vn -0.0037 0.9991 -0.0428
vn 0.0056 -1.0000 0.0035
vn -0.0094 1.0000 -0.0019
vn -0.0097 0.9999 0.0025
vn -0.9972 -0.0349 -0.0661
vn 0.9705 0.0229 0.2399
vn 0.0071 -1.0000 -0.0025
vn -0.0092 0.9999 -0.0048
vn 0.0041 -0.9999 0.0095
vn 0.0328 -0.9994 -0.0117
vn -0.0202 0.9996 0.0184
vn -0.0328 0.9994 0.0117
vn 0.0092 -0.9999 0.0048
vn 0.0202 -0.9996 -0.0184
vn -0.0041 0.9999 -0.0095
vn 0.0065 -1.0000 -0.0001
vn -0.0096 1.0000 0.0005
vn -0.0114 0.9998 -0.0141
vn 0.0299 -0.9995 0.0096
vn -0.0065 1.0000 0.0001
vn 0.0114 -0.9998 0.0141
vn 0.0096 -1.0000 -0.0005
vn -0.0299 0.9995 -0.0096
vn -0.0118 0.9999 0.0028
vn -0.9991 -0.0435 -0.0010
vn 0.0259 -0.0000 -0.9997
vn 0.0170 -0.9999 -0.0031
vn 0.0527 -0.0000 0.9986
vn 0.9968 0.0630 -0.0501
vn 0.9983 0.0506 -0.0278
vn 0.0137 -0.9999 -0.0029
vn -0.9975 -0.0570 0.0419
vn -0.0154 0.9999 0.0030
vn -0.0155 0.9999 -0.0001
vn 0.0138 -0.9999 0.0005
vn 0.0171 -0.9999 -0.0001
vn -0.0118 0.9999 -0.0010
vn -0.0138 0.9999 -0.0005
vn 0.0118 -0.9999 0.0010
vn 0.0118 -0.9999 -0.0028
vn 0.9991 0.0435 0.0001
vn -0.9983 -0.0506 0.0274
vn -0.0137 0.9999 0.0029
vn 0.0155 -0.9999 0.0001
vn -0.0171 0.9999 0.0001
vn -0.0170 0.9999 0.0031
vn -0.9968 -0.0630 0.0501
vn 0.9975 0.0570 -0.0420
vn 0.0154 -0.9999 -0.0030
vn -0.0172 0.9999 -0.0014
vn 0.0156 -0.9999 0.0018
vn 0.0118 -0.9999 0.0031
vn -0.0138 0.9999 -0.0023
vn -0.0118 0.9999 -0.0031
vn 0.0172 -0.9999 0.0014
vn 0.0138 -0.9999 0.0023
vn -0.0156 0.9999 -0.0018
vn 0.0155 -0.9999 -0.0014
vn -0.0171 0.9999 0.0016
vn -0.0137 0.9999 0.0012
vn 0.0118 -0.9999 -0.0010
vn -0.0155 0.9999 0.0014
vn 0.0137 -0.9999 -0.0012
vn 0.0171 -0.9999 -0.0016
vn -0.0118 0.9999 0.0010
vn -0.0185 0.9998 0.0032
vn -0.9961 -0.0688 0.0551
vn -0.0527 -0.0000 -0.9986
vn 0.0230 -0.9997 -0.0033
vn 0.0519 -0.0000 0.9987
vn 0.9949 0.0849 -0.0551
vn 0.9956 0.0743 -0.0579
vn 0.0200 -0.9998 -0.0033
vn -0.9952 -0.0796 0.0566
vn -0.0215 0.9998 0.0033
vn -0.0217 0.9998 0.0006
vn 0.0202 -0.9998 -0.0005
vn 0.0231 -0.9997 -0.0006
vn -0.0187 0.9998 0.0003
vn -0.0202 0.9998 0.0005
vn 0.0187 -0.9998 -0.0003
vn 0.0185 -0.9998 -0.0032
vn 0.9961 0.0688 -0.0551
vn -0.9956 -0.0743 0.0579
vn -0.0200 0.9998 0.0033
vn 0.0217 -0.9998 -0.0006
vn -0.0231 0.9997 0.0006
vn -0.0230 0.9997 0.0033
vn -0.9949 -0.0849 0.0551
vn 0.9952 0.0796 -0.0566
vn 0.0215 -0.9998 -0.0033
vn -0.0232 0.9997 -0.0007
vn 0.0217 -0.9998 0.0008
vn 0.0188 -0.9998 0.0011
vn -0.0203 0.9998 -0.0009
vn -0.0188 0.9998 -0.0011
vn 0.0232 -0.9997 0.0007
vn 0.0203 -0.9998 0.0009
vn -0.0217 0.9998 -0.0008
vn 0.0216 -0.9998 -0.0019
vn -0.0230 0.9997 0.0020
vn -0.0201 0.9998 0.0019
vn 0.0186 -0.9998 -0.0018
vn -0.0216 0.9998 0.0019
vn 0.0201 -0.9998 -0.0019
vn 0.0230 -0.9997 -0.0020
vn -0.0186 0.9998 0.0018
vn -0.0244 0.9997 0.0032
vn -0.9948 -0.0901 0.0484
vn -0.0519 -0.0000 -0.9987
vn 0.0289 -0.9996 -0.0027
vn 0.0129 -0.0000 0.9999
vn 0.9942 0.1060 -0.0173
vn 0.9946 0.0953 -0.0414
vn 0.0259 -0.9997 -0.0032
vn -0.9943 -0.1006 0.0345
vn -0.0273 0.9996 0.0030
vn -0.0274 0.9996 0.0003
vn 0.0260 -0.9997 -0.0004
vn 0.0289 -0.9996 0.0002
vn -0.0245 0.9997 0.0005
vn -0.0260 0.9997 0.0004
vn 0.0245 -0.9997 -0.0005
vn 0.0244 -0.9997 -0.0032
vn 0.9948 0.0901 -0.0484
vn -0.9946 -0.0953 0.0414
vn -0.0259 0.9997 0.0032
vn 0.0274 -0.9996 -0.0003
vn -0.0289 0.9996 -0.0002
vn -0.0289 0.9996 0.0027
vn -0.9942 -0.1060 0.0172
vn 0.9943 0.1006 -0.0343
vn 0.0273 -0.9996 -0.0030
vn -0.0289 0.9996 -0.0016
vn 0.0275 -0.9996 0.0011
vn 0.0246 -0.9997 0.0008
vn -0.0260 0.9997 -0.0009
vn -0.0246 0.9997 -0.0008
vn 0.0289 -0.9996 0.0016
vn 0.0260 -0.9997 0.0009
vn -0.0275 0.9996 -0.0011
vn 0.0274 -0.9996 -0.0016
vn -0.0289 0.9996 0.0012
vn -0.0259 0.9997 0.0018
vn 0.0245 -0.9997 -0.0019
vn -0.0274 0.9996 0.0016
vn 0.0259 -0.9997 -0.0018
vn 0.0289 -0.9996 -0.0012
vn -0.0245 0.9997 0.0019
vn -0.0311 0.9995 0.0045
vn -0.9934 -0.1142 0.0053
vn -0.0129 -0.0000 -0.9999
vn 0.0401 -0.9991 -0.0170
vn 0.4464 -0.0000 0.8948
vn 0.9575 0.1544 -0.2438
vn 0.9919 0.1267 -0.0098
vn 0.0345 -0.9994 -0.0056
vn -0.9857 -0.1407 0.0928
vn -0.0380 0.9992 0.0085
vn -0.0387 0.9992 0.0015
vn 0.0347 -0.9994 0.0015
vn 0.0425 -0.9991 -0.0097
vn -0.0312 0.9995 -0.0012
vn -0.0347 0.9994 -0.0015
vn 0.0312 -0.9995 0.0012
vn 0.0311 -0.9995 -0.0045
vn 0.9934 0.1142 -0.0054
vn -0.9919 -0.1267 0.0113
vn -0.0345 0.9994 0.0056
vn 0.0387 -0.9992 -0.0015
vn -0.0425 0.9991 0.0097
vn -0.0401 0.9991 0.0170
vn -0.9448 -0.1548 0.2887
vn 0.9863 0.1407 -0.0860
vn 0.0380 -0.9992 -0.0085
vn -0.0453 0.9990 0.0010
vn 0.0393 -0.9992 0.0036
vn 0.0312 -0.9995 0.0040
vn -0.0348 0.9994 -0.0054
vn -0.0312 0.9995 -0.0040
vn 0.0454 -0.9990 -0.0009
vn 0.0348 -0.9994 0.0054
vn -0.0393 0.9992 -0.0036
vn 0.0383 -0.9993 -0.0054
vn -0.0410 0.9991 0.0142
vn -0.0346 0.9994 0.0022
vn 0.0312 -0.9995 -0.0016
vn -0.0383 0.9993 0.0054
vn 0.0346 -0.9994 -0.0022
vn 0.4464 -0.0001 0.8948
vn 0.0410 -0.9991 -0.0142
vn -0.0312 0.9995 0.0016
vn -0.0344 0.9988 0.0357
vn -0.7392 -0.1674 0.6523
vn -0.4464 -0.0000 -0.8948
vn -0.0017 -0.9981 -0.0615
vn 0.9930 -0.0000 0.1183
vn 0.0941 0.2201 -0.9709
vn 0.1584 0.1822 -0.9704
vn 0.0141 -0.9986 -0.0519
vn -0.0484 -0.2041 0.9778
vn 0.0025 0.9984 0.0571
vn -0.0043 0.9984 0.0564
vn 0.0190 -0.9986 -0.0501
vn 0.0082 -0.9981 -0.0607
vn -0.0394 0.9988 0.0301
vn -0.0190 0.9986 0.0501
vn 0.0394 -0.9988 -0.0301
vn 0.0344 -0.9988 -0.0357
vn 0.8829 0.0570 0.4661
vn -0.3267 -0.1852 0.9268
vn -0.0142 0.9986 0.0519
vn 0.0043 -0.9984 -0.0564
vn -0.0082 0.9981 0.0607
vn 0.0017 0.9981 0.0615
vn -0.0976 -0.2201 0.9706
vn 0.0317 0.2039 -0.9785
vn -0.0025 -0.9984 -0.0571
vn -0.0123 0.9981 0.0603
vn 0.0087 -0.9984 -0.0560
vn 0.0569 -0.9983 -0.0104
vn -0.0293 0.9985 0.0463
vn -0.0565 0.9983 0.0108
vn 0.0123 -0.9981 -0.0603
vn 0.0294 -0.9985 -0.0462
vn -0.0087 0.9984 0.0560
vn 0.0006 -0.9984 -0.0568
vn -0.0036 0.9981 0.0611
vn -0.0157 0.9986 0.0513
vn 0.0359 -0.9988 -0.0340
vn -0.4464 0.0001 -0.8948
vn -0.0006 0.9984 0.0568
vn 0.0157 -0.9986 -0.0513
vn 0.0036 -0.9981 -0.0611
vn -0.0359 0.9988 0.0340
vn -0.0001 0.9978 0.0666
vn -0.1023 -0.2377 0.9659
vn -0.9930 -0.0000 -0.1183
vn -0.0533 -0.9967 -0.0617
vn 0.7410 0.0001 -0.6715
vn -0.6334 0.2854 -0.7193
vn -0.0310 0.2545 -0.9666
vn -0.0098 -0.9974 -0.0719
vn 0.3495 -0.2709 0.8969
vn 0.0334 0.9969 0.0715
vn 0.0253 0.9969 0.0747
vn -0.0003 -0.9974 -0.0725
vn 0.7410 -0.0000 -0.6715
vn -0.0520 -0.9967 -0.0627
vn -0.0097 0.9978 0.0657
vn 0.0004 0.9974 0.0725
vn 0.0097 -0.9978 -0.0657
vn 0.0001 -0.9978 -0.0666
vn 0.1066 0.2377 -0.9655
vn 0.0526 -0.2546 0.9656
vn 0.0098 0.9974 0.0719
vn -0.0253 -0.9969 -0.0747
vn 0.0519 0.9967 0.0627
vn 0.0533 0.9967 0.0617
vn 0.6069 -0.2859 0.7415
vn -0.3291 0.2708 -0.9046
vn -0.0334 -0.9969 -0.0715
vn 0.0509 0.9967 0.0635
vn -0.0126 -0.9967 -0.0797
vn 0.0154 -0.9978 -0.0652
vn -0.0095 0.9973 0.0732
vn -0.0154 0.9978 0.0652
vn -0.0509 -0.9967 -0.0635
vn 0.0095 -0.9973 -0.0732
vn 0.0129 0.9967 0.0796
vn -0.0305 -0.9969 -0.0726
vn 0.0527 0.9967 0.0621
vn 0.0061 0.9974 0.0721
vn 0.0046 -0.9978 -0.0662
vn 0.0305 0.9969 0.0726
vn -0.0061 -0.9974 -0.0721
vn -0.0527 -0.9967 -0.0621
vn -0.0046 0.9978 0.0662
vn 0.0564 0.9967 0.0590
vn 0.6688 -0.2886 0.6851
vn -0.7410 -0.0000 0.6715
vn -0.0675 -0.9968 -0.0419
vn 0.4814 -0.0000 -0.8765
vn -0.8221 0.2815 -0.4949
vn -0.7155 0.2863 -0.6373
vn -0.0600 -0.9967 -0.0543
vn 0.7770 -0.2839 0.5618
vn 0.0645 0.9968 0.0477
vn 0.0653 0.9968 0.0466
vn -0.0607 -0.9967 -0.0535
vn 0.4814 0.0001 -0.8765
vn -0.0682 -0.9968 -0.0407
vn 0.0572 0.9967 0.0582
vn 0.0607 0.9967 0.0535
vn -0.0572 -0.9967 -0.0582
vn -0.0564 -0.9967 -0.0590
vn -0.6681 0.2886 -0.6858
vn 0.7175 -0.2863 0.6350
vn 0.0600 0.9967 0.0543
vn -0.0653 -0.9968 -0.0466
vn 0.0682 0.9968 0.0407
vn 0.0675 0.9968 0.0419
vn 0.8215 -0.2814 0.4960
vn -0.7785 0.2839 -0.5597
vn -0.0645 -0.9968 -0.0477
vn 0.0687 0.9968 0.0400
vn -0.0658 -0.9968 -0.0459
vn -0.0577 -0.9967 -0.0577
vn 0.0612 0.9967 0.0530
vn 0.0577 0.9967 0.0577
vn -0.0687 -0.9968 -0.0400
vn -0.0612 -0.9967 -0.0530
vn 0.0658 0.9968 0.0459
vn -0.0648 -0.9968 -0.0472
vn 0.0679 0.9968 0.0413
vn 0.0603 0.9967 0.0539
vn -0.0568 -0.9967 -0.0586
vn -0.7410 -0.0001 0.6715
vn 0.0648 0.9968 0.0472
vn -0.0603 -0.9967 -0.0539
vn -0.0679 -0.9968 -0.0413
vn 0.0568 0.9967 0.0586
vn 0.0703 0.9969 0.0355
vn 0.8622 -0.2789 0.4229
vn -0.4814 -0.0000 0.8765
vn -0.0749 -0.9971 -0.0152
vn 0.1374 -0.0000 -0.9905
vn -0.9453 0.2714 -0.1812
vn -0.8971 0.2764 -0.3446
vn -0.0724 -0.9970 -0.0288
vn 0.9253 -0.2739 0.2621
vn 0.0740 0.9970 0.0220
vn 0.0744 0.9970 0.0207
vn -0.0729 -0.9970 -0.0276
vn -0.0751 -0.9971 -0.0140
vn 0.0708 0.9969 0.0343
vn 0.0729 0.9970 0.0276
vn -0.0708 -0.9969 -0.0343
vn -0.0703 -0.9969 -0.0355
vn -0.8623 0.2790 -0.4226
vn 0.8973 -0.2764 0.3442
vn 0.0724 0.9970 0.0288
vn -0.0744 -0.9970 -0.0207
vn 0.0751 0.9971 0.0140
vn 0.0749 0.9971 0.0152
vn 0.9456 -0.2714 0.1793
vn -0.9250 0.2739 -0.2632
vn -0.0740 -0.9970 -0.0220
vn 0.0753 0.9971 0.0132
vn -0.0746 -0.9970 -0.0199
vn -0.0712 -0.9969 -0.0336
vn 0.0732 0.9970 0.0268
vn 0.0712 0.9969 0.0336
vn -0.0753 -0.9971 -0.0132
vn -0.0732 -0.9970 -0.0268
vn 0.0746 0.9970 0.0199
vn -0.4814 -0.0001 0.8765
vn -0.0742 -0.9970 -0.0214
vn 0.0750 0.9971 0.0146
vn 0.0727 0.9970 0.0283
vn -0.0705 -0.9969 -0.0350
vn 0.0742 0.9970 0.0214
vn -0.0727 -0.9970 -0.0283
vn -0.0750 -0.9971 -0.0146
vn 0.0705 0.9969 0.0350
vn 0.0752 0.9971 0.0079
vn 0.9591 -0.2689 0.0887
vn -0.1374 -0.0000 0.9905
vn -0.0729 -0.9973 0.0092
vn -0.1711 -0.0000 -0.9853
vn -0.9560 0.2616 0.1326
vn -0.9638 0.2664 -0.0032
vn -0.0749 -0.9972 -0.0014
vn 0.9622 -0.2640 -0.0666
vn 0.0740 0.9972 -0.0042
vn 0.0740 0.9972 -0.0055
vn -0.0749 -0.9972 -0.0000
vn -0.0727 -0.9973 0.0104
vn 0.0754 0.9971 0.0066
vn 0.0749 0.9972 -0.0000
vn -0.0754 -0.9971 -0.0066
vn -0.0752 -0.9971 -0.0079
vn -0.9592 0.2689 -0.0876
vn 0.9638 -0.2664 0.0055
vn 0.0749 0.9972 0.0014
vn -0.0740 -0.9972 0.0055
vn 0.0727 0.9973 -0.0104
vn 0.0729 0.9973 -0.0092
vn 0.9560 -0.2616 -0.1324
vn -0.9621 0.2640 0.0679
vn -0.0740 -0.9972 0.0042
vn 0.0726 0.9973 -0.0112
vn -0.0739 -0.9972 0.0063
vn -0.0755 -0.9971 -0.0057
vn 0.0749 0.9972 -0.0009
vn 0.0755 0.9971 0.0057
vn -0.0726 -0.9973 0.0112
vn -0.0749 -0.9972 0.0009
vn 0.0739 0.9972 -0.0063
vn -0.0740 -0.9972 0.0048
vn 0.0728 0.9973 -0.0098
vn 0.0749 0.9972 0.0007
vn -0.0753 -0.9971 -0.0073
vn 0.0740 0.9972 -0.0048
vn -0.0749 -0.9972 -0.0007
vn -0.0728 -0.9973 0.0098
vn 0.0753 0.9971 0.0073
vn 0.0715 0.9974 -0.0136
vn 0.9465 -0.2592 -0.1922
vn 0.1711 -0.0000 0.9853
vn -0.0314 -0.9924 0.1189
vn -0.7727 -0.1240 -0.6225
vn -0.6319 0.3720 0.6800
vn -0.9331 0.2567 0.2520
vn -0.0698 -0.9974 0.0189
vn 0.8253 -0.2820 -0.4893
vn 0.0538 0.9954 -0.0787
vn 0.0651 0.9961 -0.0597
vn -0.0697 -0.9974 0.0192
vn -0.0481 -0.9935 0.1030
vn 0.0712 0.9974 -0.0147
vn 0.0697 0.9974 -0.0192
vn -0.0712 -0.9974 0.0147
vn -0.0715 -0.9974 0.0136
vn -0.9469 0.2592 0.1903
vn 0.9312 -0.2568 -0.2587
vn 0.0698 0.9974 -0.0189
vn -0.0652 -0.9961 0.0596
vn 0.0481 0.9935 -0.1030
vn 0.0314 0.9924 -0.1189
vn 0.6366 -0.3712 -0.6760
vn -0.8261 0.2819 0.4879
vn -0.0538 -0.9954 0.0788
vn 0.0606 0.9940 -0.0912
vn -0.0855 -0.9960 0.0252
vn -0.0711 -0.9974 0.0154
vn 0.0696 0.9974 -0.0194
vn 0.0711 0.9974 -0.0154
vn -0.0606 -0.9940 0.0911
vn -0.0696 -0.9974 0.0194
vn 0.0847 0.9961 -0.0265
vn -0.0577 -0.9957 0.0722
vn 0.0387 0.9930 -0.1119
vn 0.0697 0.9974 -0.0191
vn -0.0714 -0.9974 0.0141
vn 0.0577 0.9957 -0.0722
vn -0.0697 -0.9974 0.0191
vn -0.0387 -0.9930 0.1120
vn 0.0714 0.9974 -0.0141
vn 0.0447 0.9914 -0.1231
vn 0.5451 -0.4240 -0.7233
vn 0.7727 0.1240 0.6225
vn -0.3946 -0.9189 -0.0059
vn -0.5249 0.8380 -0.1494
vn -0.1786 0.2615 0.9485
vn -0.4502 0.4869 0.7484
vn -0.1134 -0.9896 0.0890
vn 0.2208 -0.3486 -0.9109
vn 0.3381 0.9411 -0.0096
vn 0.3431 0.9393 -0.0080
vn -0.1290 -0.9883 0.0810
vn -0.3822 -0.9241 -0.0032
vn 0.0634 0.9920 -0.1092
vn 0.1278 0.9884 -0.0816
vn -0.0634 -0.9920 0.1092
vn -0.0448 -0.9914 0.1230
vn -0.5461 0.4240 0.7225
vn 0.4149 -0.4741 -0.7766
vn 0.1122 0.9896 -0.0895
vn -0.3421 -0.9396 0.0083
vn 0.3822 0.9241 0.0032
vn 0.3946 0.9188 0.0060
vn 0.1791 -0.2623 -0.9482
vn -0.2019 0.3274 0.9231
vn -0.3374 -0.9413 0.0098
vn 0.3753 0.9269 0.0016
vn -0.3457 -0.9383 0.0072
vn -0.0758 -0.9921 0.0999
vn 0.1447 0.9868 -0.0729
vn 0.0759 0.9921 -0.0999
vn -0.3753 -0.9269 -0.0016
vn -0.1452 -0.9867 0.0726
vn 0.3471 0.9378 -0.0068
vn -0.3394 -0.9406 0.0092
vn 0.3887 0.9214 0.0046
vn 0.1183 0.9892 -0.0864
vn -0.0533 -0.9917 0.1167
vn 0.3403 0.9403 -0.0089
vn -0.1195 -0.9891 0.0858
vn -0.3886 -0.9214 -0.0046
vn 0.0532 0.9917 -0.1168
vn 0.4136 0.9103 0.0161
vn 0.1616 -0.2084 -0.9646
vn 0.5249 -0.8380 0.1494
vn -0.4094 -0.9117 -0.0335
vn -0.5277 0.8430 -0.1044
vn -0.1478 0.1116 0.9827
vn -0.1521 0.1675 0.9741
vn -0.4207 -0.9069 -0.0235
vn 0.1482 -0.1364 -0.9795
vn 0.4189 0.9076 0.0291
vn 0.4069 0.9131 0.0271
vn -0.4086 -0.9125 -0.0213
vn -0.3974 -0.9171 -0.0315
vn 0.4014 0.9158 0.0137
vn 0.4086 0.9125 0.0213
vn -0.4014 -0.9158 -0.0137
vn -0.4136 -0.9103 -0.0161
vn -0.1613 0.2079 0.9648
vn 0.1523 -0.1678 -0.9740
vn 0.4207 0.9069 0.0235
vn -0.4069 -0.9131 -0.0271
vn 0.3974 0.9171 0.0315
vn 0.4094 0.9117 0.0335
vn 0.1479 -0.1117 -0.9827
vn -0.1482 0.1362 0.9795
vn -0.4189 -0.9076 -0.0291
vn 0.3914 0.9197 0.0305
vn -0.4007 -0.9158 -0.0260
vn -0.3948 -0.9187 -0.0124
vn 0.4023 0.9153 0.0201
vn 0.3948 0.9187 0.0124
vn -0.3914 -0.9197 -0.0305
vn -0.4023 -0.9153 -0.0201
vn 0.4007 0.9158 0.0260
vn -0.4130 -0.9103 -0.0281
vn 0.4034 0.9144 0.0325
vn 0.4147 0.9097 0.0224
vn -0.4076 -0.9130 -0.0149
vn 0.4129 0.9103 0.0281
vn -0.4147 -0.9097 -0.0224
vn -0.4034 -0.9144 -0.0325
vn 0.4076 0.9130 0.0149
vn 0.3921 0.9192 0.0366
vn 0.1506 -0.0922 -0.9843
vn 0.5277 -0.8430 0.1044
vn -0.2720 -0.9617 -0.0343
vn -0.7474 0.6455 -0.1568
vn -0.1803 0.0598 0.9818
vn -0.1563 0.0772 0.9847
vn -0.3656 -0.9300 -0.0383
vn 0.1657 -0.0664 -0.9839
vn 0.3269 0.9443 0.0379
vn 0.3147 0.9485 0.0357
vn -0.3534 -0.9348 -0.0362
vn -0.2594 -0.9652 -0.0319
vn 0.3801 0.9243 0.0346
vn 0.3534 0.9348 0.0362
vn -0.3801 -0.9243 -0.0346
vn -0.3921 -0.9192 -0.0366
vn -0.1506 0.0922 0.9843
vn 0.1563 -0.0772 -0.9847
vn 0.3655 0.9300 0.0383
vn -0.3147 -0.9485 -0.0357
vn 0.2593 0.9653 0.0319
vn 0.2718 0.9618 0.0343
vn 0.1801 -0.0597 -0.9818
vn -0.1658 0.0665 0.9839
vn -0.3270 -0.9443 -0.0379
vn 0.2534 0.9669 0.0308
vn -0.3088 -0.9505 -0.0347
vn -0.3741 -0.9268 -0.0337
vn 0.3475 0.9370 0.0352
vn 0.3741 0.9268 0.0337
vn -0.2534 -0.9669 -0.0308
vn -0.3475 -0.9370 -0.0352
vn 0.3088 0.9505 0.0347
vn -0.3208 -0.9464 -0.0368
vn 0.2654 0.9636 0.0331
vn 0.3594 0.9324 0.0373
vn -0.3861 -0.9218 -0.0356
vn 0.3208 0.9464 0.0368
vn -0.3595 -0.9324 -0.0373
vn -0.2656 -0.9635 -0.0331
vn 0.3861 0.9218 0.0356
vn 0.1936 0.9807 0.0256
vn 0.2019 -0.0556 -0.9778
vn 0.7474 -0.6455 0.1568
vn 0.1664 -0.9836 0.0694
vn -0.7087 -0.6362 -0.3050
vn -0.3647 0.0217 0.9309
vn -0.2352 0.0495 0.9707
vn -0.0858 -0.9963 -0.0086
vn 0.2966 -0.0435 -0.9540
vn -0.0670 0.9973 -0.0311
vn -0.0609 0.9977 -0.0292
vn -0.0717 -0.9974 -0.0051
vn 0.1598 -0.9849 0.0668
vn 0.1808 0.9833 0.0228
vn 0.0715 0.9974 0.0050
vn -0.1809 -0.9832 -0.0229
vn -0.1940 -0.9807 -0.0257
vn -0.2023 0.0558 0.9777
vn 0.2339 -0.0492 -0.9710
vn 0.0852 0.9963 0.0084
vn 0.0611 -0.9977 0.0293
vn -0.1596 0.9849 -0.0668
vn -0.1661 0.9837 -0.0693
vn 0.3655 -0.0212 -0.9306
vn -0.2965 0.0435 0.9540
vn 0.0674 -0.9972 0.0313
vn -0.1570 0.9854 -0.0658
vn 0.0584 -0.9979 0.0285
vn -0.1748 -0.9844 -0.0216
vn 0.0655 0.9978 0.0035
vn 0.1748 0.9844 0.0216
vn 0.1571 -0.9854 0.0658
vn -0.0655 -0.9978 -0.0035
vn -0.0583 0.9979 -0.0284
vn 0.0640 -0.9975 0.0302
vn -0.1626 0.9843 -0.0680
vn 0.0780 0.9969 0.0066
vn -0.1873 -0.9820 -0.0242
vn -0.0637 0.9975 -0.0301
vn -0.0784 -0.9969 -0.0067
vn 0.1628 -0.9843 0.0680
vn 0.1870 0.9821 0.0242
vn -0.2466 0.9631 -0.1080
vn 0.4268 0.0239 -0.9040
vn 0.7087 0.6362 0.3050
vn 0.3596 -0.9147 0.1843
vn -0.4067 -0.8435 -0.3510
vn -0.5495 -0.1917 0.8132
vn -0.4771 -0.0795 0.8752
vn 0.3053 -0.9416 0.1423
vn 0.5173 0.1369 -0.8448
vn -0.3420 0.9245 -0.1683
vn -0.3362 0.9273 -0.1645
vn 0.2991 -0.9441 0.1389
vn -0.4067 -0.8435 -0.3509
vn 0.3539 -0.9178 0.1802
vn 0.7087 0.6361 0.3050
vn -0.2403 0.9650 -0.1050
vn -0.2991 0.9441 -0.1388
vn 0.2403 -0.9650 0.1050
vn 0.2467 -0.9630 0.1081
vn -0.4264 -0.0235 0.9042
vn 0.4772 0.0796 -0.8752
vn -0.3052 0.9416 -0.1422
vn 0.3362 -0.9273 0.1646
vn -0.3539 0.9178 -0.1802
vn -0.3595 0.9148 -0.1843
vn 0.5494 0.1915 -0.8133
vn -0.5173 -0.1370 0.8448
vn 0.3421 -0.9245 0.1683
vn -0.3514 0.9190 -0.1785
vn 0.3337 -0.9285 0.1630
vn 0.2377 -0.9658 0.1038
vn -0.2966 0.9451 -0.1374
vn -0.2377 0.9658 -0.1038
vn 0.3514 -0.9190 0.1785
vn 0.2966 -0.9451 0.1374
vn -0.3337 0.9285 -0.1630
vn 0.3390 -0.9260 0.1663
vn -0.3566 0.9163 -0.1821
vn -0.3020 0.9429 -0.1404
vn 0.2433 -0.9641 0.1064
vn -0.3389 0.9260 -0.1663
vn 0.3020 -0.9429 0.1405
vn 0.3566 -0.9163 0.1822
vn -0.2432 0.9641 -0.1064
vn -0.3600 0.9136 -0.1890
vn 0.5773 0.2452 -0.7788
vn 0.4067 0.8435 0.3509
vn 0.2854 -0.9491 0.1334
vn -0.4511 -0.6861 -0.5708
vn -0.6433 -0.3682 0.6713
vn -0.6005 -0.2909 0.7449
vn 0.3460 -0.9205 0.1817
vn 0.6220 0.3322 -0.7090
vn -0.3206 0.9331 -0.1632
vn -0.3159 0.9354 -0.1589
vn 0.3410 -0.9232 0.1774
vn 0.2809 -0.9511 0.1287
vn 0.4067 0.8435 0.3510
vn -0.3547 0.9166 -0.1847
vn -0.3410 0.9232 -0.1774
vn 0.3547 -0.9166 0.1847
vn 0.3600 -0.9136 0.1889
vn -0.5772 -0.2449 0.7790
vn 0.6006 0.2911 -0.7447
vn -0.3460 0.9204 -0.1818
vn 0.3159 -0.9354 0.1588
vn -0.2809 0.9511 -0.1287
vn -0.2855 0.9491 -0.1334
vn 0.6430 0.3676 -0.6719
vn -0.6220 -0.3320 0.7092
vn 0.3205 -0.9331 0.1632
vn -0.2789 0.9519 -0.1267
vn 0.3139 -0.9364 0.1570
vn 0.3523 -0.9178 0.1829
vn -0.3388 0.9243 -0.1756
vn -0.3523 0.9178 -0.1829
vn 0.2789 -0.9519 0.1267
vn 0.3388 -0.9243 0.1756
vn -0.3139 0.9364 -0.1570
vn 0.3181 -0.9343 0.1609
vn -0.2830 0.9501 -0.1309
vn -0.3434 0.9219 -0.1795
vn 0.3572 -0.9152 0.1867
vn -0.3181 0.9343 -0.1609
vn 0.3434 -0.9219 0.1795
vn 0.2830 -0.9501 0.1309
vn -0.3572 0.9152 -0.1867
vn -0.2433 0.9650 -0.0978
vn 0.6721 0.4032 -0.6211
vn 0.4511 0.6861 0.5708
vn 0.1388 -0.9903 0.0051
vn -0.3708 -0.1585 -0.9151
vn -0.8263 -0.4200 0.3754
vn -0.7460 -0.4482 0.4925
vn 0.1828 -0.9824 0.0376
vn 0.7957 0.4367 -0.4197
vn -0.1529 0.9882 -0.0115
vn -0.1438 0.9896 0.0059
vn 0.1678 -0.9857 0.0147
vn 0.1320 -0.9912 -0.0101
vn -0.2312 0.9693 -0.0832
vn -0.1677 0.9857 -0.0145
vn 0.2312 -0.9694 0.0831
vn 0.2430 -0.9651 0.0975
vn -0.6759 -0.4089 0.6132
vn 0.7485 0.4505 -0.4865
vn -0.1829 0.9824 -0.0378
vn 0.1439 -0.9896 -0.0059
vn -0.1320 0.9912 0.0101
vn -0.1388 0.9903 -0.0051
vn 0.8266 0.4201 -0.3746
vn -0.7952 -0.4364 0.4209
vn 0.1529 -0.9882 0.0114
vn -0.1290 0.9915 0.0166
vn 0.1401 -0.9901 -0.0130
vn 0.2269 -0.9708 0.0780
vn -0.1625 0.9867 -0.0066
vn -0.2269 0.9708 -0.0780
vn 0.1290 -0.9915 -0.0166
vn 0.1626 -0.9867 0.0068
vn -0.1401 0.9901 0.0131
vn 0.1481 -0.9890 0.0022
vn -0.1352 0.9908 0.0029
vn -0.1743 0.9844 -0.0246
vn 0.2364 -0.9675 0.0894
vn -0.1481 0.9890 -0.0022
vn 0.1743 -0.9844 0.0246
vn 0.1352 -0.9908 -0.0029
vn -0.2365 0.9675 -0.0896
vn -0.1292 0.9916 -0.0047
vn 0.8512 0.4028 -0.3364
vn 0.3708 0.1585 0.9151
vn 0.1075 -0.9941 0.0151
vn -0.1801 -0.0952 -0.9790
vn -0.9142 -0.3526 0.1999
vn -0.8724 -0.3853 0.3006
vn 0.1212 -0.9926 0.0066
vn 0.8909 0.3675 -0.2669
vn -0.1138 0.9935 -0.0092
vn -0.1100 0.9939 0.0042
vn 0.1165 -0.9932 -0.0072
vn -0.1801 -0.0951 -0.9790
vn 0.1044 -0.9945 0.0016
vn -0.1236 0.9923 0.0095
vn -0.1165 0.9932 0.0072
vn 0.1236 -0.9923 -0.0095
vn 0.1292 -0.9916 0.0047
vn -0.8510 -0.4028 0.3369
vn 0.8724 0.3853 -0.3009
vn -0.1212 0.9926 -0.0066
vn 0.1100 -0.9939 -0.0042
vn -0.1045 0.9945 -0.0016
vn -0.1075 0.9941 -0.0151
vn 0.9144 0.3528 -0.1984
vn -0.8914 -0.3677 0.2649
vn 0.1138 -0.9935 0.0092
vn -0.1032 0.9947 0.0041
vn 0.1084 -0.9941 -0.0100
vn 0.1211 -0.9925 -0.0157
vn -0.1145 0.9933 0.0131
vn -0.1211 0.9925 0.0157
vn 0.1032 -0.9947 -0.0041
vn 0.1145 -0.9933 -0.0131
vn -0.1084 0.9941 0.0100
vn 0.1118 -0.9937 0.0022
vn -0.1059 0.9943 -0.0079
vn -0.1188 0.9929 0.0006
vn 0.1263 -0.9920 -0.0027
vn -0.1118 0.9937 -0.0022
vn 0.1188 -0.9929 -0.0006
vn 0.1059 -0.9943 0.0079
vn -0.1263 0.9920 0.0027
vn -0.1008 0.9947 -0.0211
vn 0.9305 0.3358 -0.1465
vn 0.1801 0.0951 0.9790
vn 0.0770 -0.9959 0.0477
vn 0.1871 -0.0930 -0.9779
vn -0.9495 -0.2902 -0.1191
vn -0.9438 -0.3189 0.0875
vn 0.0937 -0.9952 0.0270
vn 0.9529 0.3031 -0.0046
vn -0.0862 0.9956 -0.0355
vn -0.0863 0.9960 -0.0211
vn 0.0926 -0.9956 0.0131
vn 0.0789 -0.9964 0.0322
vn 0.1801 0.0952 0.9790
vn -0.0987 0.9951 -0.0073
vn -0.0926 0.9956 -0.0131
vn 0.0987 -0.9951 0.0073
vn 0.1008 -0.9947 0.0211
vn -0.9305 -0.3358 0.1465
vn 0.9435 0.3185 -0.0913
vn -0.0937 0.9952 -0.0270
vn 0.0863 -0.9960 0.0211
vn -0.0789 0.9964 -0.0322
vn -0.0770 0.9959 -0.0477
vn 0.9491 0.2904 0.1220
vn -0.9528 -0.3035 0.0007
vn 0.0862 -0.9956 0.0355
vn -0.0796 0.9965 -0.0267
vn 0.0864 -0.9961 0.0156
vn 0.0978 -0.9952 0.0016
vn -0.0922 0.9957 -0.0075
vn -0.0978 0.9952 -0.0016
vn 0.0796 -0.9965 0.0267
vn 0.0922 -0.9957 0.0075
vn -0.0864 0.9961 -0.0157
vn 0.0863 -0.9959 0.0276
vn -0.0781 0.9962 -0.0390
vn -0.0932 0.9955 -0.0195
vn 0.0997 -0.9949 0.0137
vn -0.0863 0.9959 -0.0276
vn 0.0932 -0.9955 0.0195
vn 0.0781 -0.9962 0.0390
vn -0.0997 0.9949 -0.0137
vn -0.0661 0.9962 -0.0573
vn 0.9323 0.2762 0.2335
vn -0.1871 0.0930 0.9779
vn -0.0071 -0.9953 0.0968
vn 0.7636 -0.0752 -0.6413
vn -0.6986 -0.2227 -0.6800
vn -0.8898 -0.2651 -0.3714
vn 0.0532 -0.9964 0.0664
vn 0.8144 0.2568 0.5204
vn -0.0374 0.9964 -0.0756
vn -0.0467 0.9970 -0.0612
vn 0.0598 -0.9969 0.0514
vn 0.7636 -0.0751 -0.6413
vn 0.0338 -0.9980 0.0542
vn -0.0702 0.9967 -0.0418
vn -0.0598 0.9969 -0.0514
vn 0.0702 -0.9967 0.0417
vn 0.0661 -0.9962 0.0573
vn -0.9313 -0.2766 -0.2372
vn 0.8946 0.2639 0.3605
vn -0.0533 0.9964 -0.0663
vn 0.0467 -0.9970 0.0612
vn -0.0338 0.9980 -0.0542
vn 0.0070 0.9953 -0.0967
vn 0.6903 0.2236 0.6881
vn -0.8130 -0.2571 -0.5224
vn 0.0374 -0.9964 0.0756
vn -0.0448 0.9981 -0.0427
vn 0.0497 -0.9972 0.0567
vn 0.0715 -0.9968 0.0366
vn -0.0618 0.9970 -0.0468
vn -0.0715 0.9968 -0.0366
vn 0.0449 -0.9981 0.0427
vn 0.0618 -0.9970 0.0468
vn -0.0497 0.9972 -0.0567
vn 0.0428 -0.9968 0.0672
vn -0.0179 0.9973 -0.0708
vn -0.0570 0.9967 -0.0577
vn 0.0684 -0.9965 0.0484
vn -0.0429 0.9968 -0.0672
vn 0.0570 -0.9967 0.0577
vn 0.0179 -0.9973 0.0709
vn -0.0684 0.9965 -0.0484
vn 0.0316 0.9970 -0.0713
vn 0.5506 0.1500 0.8212
vn -0.7636 0.0751 0.6413
vn -0.0427 -0.9984 -0.0358
vn 0.9990 0.0343 0.0299
vn -0.0441 0.1377 -0.9895
vn -0.3990 -0.0607 -0.9149
vn -0.0466 -0.9982 0.0380
vn 0.2155 -0.0369 0.9758
vn 0.0500 0.9988 -0.0008
vn -0.0114 0.9998 0.0132
vn 0.0119 -0.9999 0.0125
vn 0.0177 -0.9991 -0.0390
vn -0.0199 0.9992 -0.0358
vn -0.0119 0.9999 -0.0125
vn 0.0199 -0.9992 0.0358
vn -0.0315 -0.9970 0.0713
vn -0.5567 -0.1496 -0.8171
vn 0.3998 0.0607 0.9146
vn 0.0467 0.9982 -0.0380
vn 0.0114 -0.9998 -0.0132
vn -0.0177 0.9991 0.0390
vn 0.0428 0.9984 0.0357
vn 0.0367 -0.1379 0.9898
vn -0.2189 0.0368 -0.9750
vn -0.0498 -0.9988 0.0008
vn -0.0366 0.9985 0.0400
vn 0.0295 -0.9994 -0.0174
vn 0.0346 -0.9991 0.0257
vn -0.0286 0.9996 -0.0052
vn -0.0346 0.9991 -0.0257
vn 0.0366 -0.9985 -0.0400
vn 0.0286 -0.9996 0.0052
vn -0.0296 0.9994 0.0174
vn -0.0136 -0.9999 -0.0075
vn 0.0076 0.9993 0.0377
vn 0.0115 0.9997 -0.0227
vn -0.0006 -0.9987 0.0500
vn 0.0136 0.9999 0.0075
vn -0.0115 -0.9997 0.0227
vn -0.0075 -0.9993 -0.0377
vn 0.0006 0.9987 -0.0500
vn 0.0300 0.9971 0.0693
vn -0.1009 -0.2353 0.9667
vn -0.9990 -0.0343 -0.0299
vn 0.0365 -0.9883 -0.1478
vn 0.8441 0.0102 0.5361
vn 0.4215 0.4802 -0.7692
vn 0.2286 0.3262 -0.9172
vn -0.0111 -0.9950 -0.0991
vn -0.3439 -0.4083 0.8456
vn -0.0122 0.9921 0.1248
vn -0.0634 0.9925 0.1048
vn 0.0438 -0.9954 -0.0855
vn 0.0845 -0.9890 -0.1217
vn -0.0284 0.9976 0.0633
vn -0.0439 0.9954 0.0855
vn 0.0284 -0.9976 -0.0633
vn -0.0299 -0.9972 -0.0693
vn 0.1001 0.2353 -0.9668
vn -0.2293 -0.3262 0.9171
vn 0.0112 0.9950 0.0991
vn 0.0633 -0.9925 -0.1048
vn -0.0845 0.9890 0.1217
vn -0.0364 0.9883 0.1479
vn -0.4220 -0.4802 0.7690
vn 0.3398 0.4082 -0.8473
vn 0.0123 -0.9921 -0.1248
vn -0.1014 0.9885 0.1124
vn 0.0813 -0.9919 -0.0977
vn 0.0475 -0.9970 -0.0614
vn -0.0626 0.9948 0.0808
vn -0.0475 0.9970 0.0614
vn 0.1013 -0.9885 -0.1124
vn 0.0626 -0.9948 -0.0808
vn -0.0813 0.9919 0.0977
vn 0.0410 -0.9927 -0.1136
vn -0.0634 0.9891 0.1332
vn -0.0200 0.9956 0.0915
vn 0.0036 -0.9978 -0.0659
vn -0.0409 0.9927 0.1136
vn 0.0200 -0.9956 -0.0914
vn 0.0635 -0.9891 -0.1332
vn -0.0035 0.9978 0.0659
vn -0.0893 0.9865 0.1376
vn -0.4976 -0.5175 0.6961
vn -0.8441 -0.0102 -0.5361
vn 0.1464 -0.9891 -0.0169
vn 0.1463 -0.0001 0.9892
vn 0.8592 0.4771 -0.1849
vn 0.6696 0.5127 -0.5373
vn 0.1376 -0.9865 -0.0887
vn -0.8010 -0.4947 0.3372
vn -0.1493 0.9878 0.0454
vn -0.1408 0.9879 0.0644
vn 0.1252 -0.9866 -0.1042
vn 0.1426 -0.9892 -0.0336
vn -0.0994 0.9866 0.1297
vn -0.1252 0.9866 0.1042
vn 0.0994 -0.9866 -0.1297
vn 0.0894 -0.9865 -0.1375
vn 0.5116 0.5179 -0.6857
vn -0.6706 -0.5127 0.5361
vn -0.1378 0.9865 0.0885
vn 0.1409 -0.9879 -0.0644
vn -0.1426 0.9892 0.0336
vn -0.1464 0.9891 0.0168
vn -0.8606 -0.4770 0.1783
vn 0.7967 0.4948 -0.3470
vn 0.1492 -0.9878 -0.0456
vn -0.1413 0.9892 0.0392
vn 0.1387 -0.9879 -0.0691
vn 0.1023 -0.9866 -0.1274
vn -0.1223 0.9866 0.1078
vn -0.1024 0.9866 0.1274
vn 0.1413 -0.9892 -0.0392
vn 0.1224 -0.9866 -0.1078
vn -0.1387 0.9879 0.0692
vn 0.1440 -0.9879 -0.0573
vn -0.1442 0.9892 0.0265
vn -0.1297 0.9866 0.0986
vn 0.0953 -0.9865 -0.1329
vn -0.1440 0.9879 0.0573
vn 0.1297 -0.9866 -0.0987
vn 0.1442 -0.9892 -0.0265
vn -0.0953 0.9865 0.1329
vn -0.1393 0.9902 0.0035
vn -0.8838 -0.4587 0.0921
vn -0.1463 0.0001 -0.9892
vn 0.1186 -0.9929 -0.0042
vn 0.1129 -0.0001 0.9936
vn 0.9084 0.4020 -0.1144
vn 0.8955 0.4402 -0.0658
vn 0.1322 -0.9912 -0.0001
vn -0.9019 -0.4218 0.0925
vn -0.1254 0.9921 0.0042
vn -0.1243 0.9921 0.0158
vn 0.1312 -0.9913 -0.0127
vn 0.1170 -0.9930 -0.0182
vn -0.1377 0.9903 0.0177
vn -0.1312 0.9913 0.0127
vn 0.1377 -0.9903 -0.0177
vn 0.1393 -0.9902 -0.0035
vn 0.8836 0.4587 -0.0941
vn -0.8955 -0.4402 0.0657
vn -0.1322 0.9912 0.0001
vn 0.1243 -0.9921 -0.0158
vn -0.1170 0.9930 0.0182
vn -0.1186 0.9929 0.0042
vn -0.9084 -0.4020 0.1145
vn 0.9019 0.4218 -0.0930
vn 0.1254 -0.9921 -0.0042
vn -0.1162 0.9929 0.0250
vn 0.1237 -0.9921 -0.0222
vn 0.1370 -0.9903 -0.0236
vn -0.1307 0.9912 0.0189
vn -0.1370 0.9903 0.0236
vn 0.1162 -0.9929 -0.0250
vn 0.1307 -0.9912 -0.0189
vn -0.1237 0.9921 0.0222
vn 0.1249 -0.9921 -0.0098
vn -0.1178 0.9930 0.0112
vn -0.1317 0.9913 0.0064
vn 0.1385 -0.9903 -0.0110
vn -0.1249 0.9921 0.0098
vn 0.1317 -0.9913 -0.0064
vn 0.1178 -0.9930 -0.0112
vn -0.1385 0.9903 0.0110
vn -0.1112 0.9938 0.0006
vn -0.9198 -0.3797 0.0986
vn -0.1129 0.0001 -0.9936
vn 0.0885 -0.9960 0.0080
vn 0.0230 -0.0001 0.9997
vn 0.9502 0.3104 -0.0294
vn 0.9312 0.3567 -0.0750
vn 0.1036 -0.9946 0.0027
vn -0.9413 -0.3337 0.0514
vn -0.0960 0.9954 -0.0055
vn -0.0953 0.9954 0.0085
vn 0.1025 -0.9947 -0.0117
vn 0.0881 -0.9961 -0.0061
vn -0.1097 0.9938 0.0152
vn -0.1025 0.9947 0.0117
vn 0.1097 -0.9938 -0.0152
vn 0.1112 -0.9938 -0.0006
vn 0.9199 0.3797 -0.0983
vn -0.9312 -0.3567 0.0752
vn -0.1036 0.9946 -0.0027
vn 0.0953 -0.9954 -0.0085
vn -0.0881 0.9961 0.0061
vn -0.0885 0.9960 -0.0080
vn -0.9502 -0.3104 0.0292
vn 0.9413 0.3337 -0.0514
vn 0.0960 -0.9954 0.0055
vn -0.0879 0.9961 0.0127
vn 0.0949 -0.9954 -0.0152
vn 0.1090 -0.9938 -0.0222
vn -0.1019 0.9946 0.0183
vn -0.1090 0.9938 0.0222
vn 0.0879 -0.9961 -0.0127
vn 0.1019 -0.9946 -0.0183
vn -0.0949 0.9954 0.0152
vn 0.0957 -0.9954 -0.0016
vn -0.0883 0.9961 -0.0008
vn -0.1030 0.9947 0.0047
vn 0.1104 -0.9939 -0.0081
vn -0.0957 0.9954 0.0016
vn 0.1030 -0.9947 -0.0047
vn 0.0883 -0.9961 0.0008
vn -0.1104 0.9939 0.0081
vn -0.0810 0.9967 -0.0097
vn -0.9580 -0.2865 0.0133
vn -0.0230 0.0001 -0.9997
vn 0.0570 -0.9983 0.0147
vn -0.0538 -0.0001 0.9986
vn 0.9772 0.2081 0.0425
vn 0.9651 0.2617 0.0031
vn 0.0733 -0.9972 0.0112
vn -0.9716 -0.2358 -0.0199
vn -0.0654 0.9978 -0.0127
vn -0.0658 0.9978 0.0022
vn 0.0734 -0.9973 -0.0032
vn -0.0538 -0.0000 0.9986
vn 0.0577 -0.9983 -0.0013
vn -0.0808 0.9967 0.0045
vn -0.0734 0.9973 0.0032
vn 0.0808 -0.9967 -0.0045
vn 0.0810 -0.9967 0.0097
vn 0.9580 0.2865 -0.0132
vn -0.9651 -0.2617 -0.0029
vn -0.0733 0.9972 -0.0112
vn 0.0658 -0.9978 -0.0022
vn -0.0577 0.9983 0.0013
vn -0.0570 0.9983 -0.0147
vn -0.9772 -0.2081 -0.0425
vn 0.9716 0.2358 0.0202
vn 0.0654 -0.9978 0.0127
vn -0.0581 0.9983 0.0089
vn 0.0659 -0.9978 -0.0093
vn 0.0807 -0.9967 -0.0112
vn -0.0734 0.9973 0.0101
vn -0.0807 0.9967 0.0112
vn 0.0581 -0.9983 -0.0089
vn 0.0734 -0.9973 -0.0101
vn -0.0659 0.9978 0.0093
vn 0.0656 -0.9978 0.0051
vn -0.0574 0.9983 -0.0065
vn -0.0733 0.9973 -0.0039
vn 0.0809 -0.9967 0.0025
vn -0.0656 0.9978 -0.0051
vn 0.0733 -0.9973 0.0039
vn 0.0574 -0.9983 0.0065
vn -0.0809 0.9967 -0.0025
vn -0.0479 0.9987 -0.0165
vn -0.9820 -0.1777 -0.0636
vn 0.0538 -0.0000 -0.9986
vn 0.0064 -0.9996 0.0278
vn -0.2917 -0.0001 0.9565
vn 0.9562 0.0482 0.2888
vn 0.9854 0.1432 0.0917
vn 0.0376 -0.9991 0.0189
vn -0.9849 -0.1004 -0.1411
vn -0.0236 0.9994 -0.0254
vn -0.0281 0.9996 0.0020
vn 0.0395 -0.9992 -0.0011
vn 0.0143 -0.9999 -0.0028
vn -0.0491 0.9988 0.0010
vn -0.0395 0.9992 0.0011
vn 0.0491 -0.9988 -0.0010
vn 0.0479 -0.9987 0.0165
vn 0.9820 0.1777 0.0638
vn -0.9855 -0.1432 -0.0910
vn -0.0376 0.9991 -0.0190
vn 0.0281 -0.9996 -0.0019
vn -0.0143 0.9999 0.0028
vn -0.0064 0.9996 -0.0278
vn -0.9511 -0.0482 -0.3050
vn 0.9841 0.1004 0.1466
vn 0.0236 -0.9994 0.0254
vn -0.0173 0.9997 0.0146
vn 0.0298 -0.9995 -0.0125
vn 0.0496 -0.9987 -0.0091
vn -0.0404 0.9991 0.0101
vn -0.0496 0.9987 0.0091
vn 0.0173 -0.9997 -0.0146
vn 0.0404 -0.9991 -0.0101
vn -0.0298 0.9995 0.0125
vn 0.0261 -0.9996 0.0105
vn -0.0107 0.9999 -0.0112
vn -0.0386 0.9992 -0.0086
vn 0.0485 -0.9988 0.0075
vn -0.0261 0.9996 -0.0105
vn 0.0386 -0.9992 0.0086
vn 0.0107 -0.9999 0.0112
vn -0.0485 0.9988 -0.0075
vt 0.409253 0.717978
vt 0.557695 0.717978
vt 0.557695 0.930118
vt 0.409253 0.930118
vt 0.375000 0.937500
vt 0.625000 0.937500
vt 0.625000 1.000000
vt 0.375000 1.000000
vt 0.375000 0.187500
vt 0.625000 0.187500
vt 0.625000 0.250000
vt 0.375000 0.250000
vt 0.770100 0.598113
vt 0.832600 0.598113
vt 0.832600 0.660613
vt 0.770100 0.660613
vt 0.530429 0.775024
vt 0.780429 0.775024
vt 0.780429 0.837524
vt 0.530429 0.837524
vt 0.516914 0.463571
vt 0.766914 0.463571
vt 0.766914 0.526071
vt 0.516914 0.526071
vt 0.516914 0.338571
vt 0.766914 0.338571
vt 0.766914 0.401071
vt 0.516914 0.401071
vt 0.645100 0.598113
vt 0.707600 0.598113
vt 0.707600 0.660613
vt 0.645100 0.660613
vt 0.375000 0.812500
vt 0.625000 0.812500
vt 0.625000 0.875000
vt 0.375000 0.875000
vt 0.112369 0.717978
vt 0.260811 0.717978
vt 0.260811 0.930118
vt 0.112369 0.930118
vt 0.112369 0.293698
vt 0.260811 0.293698
vt 0.260811 0.505838
vt 0.112369 0.505838
vt 0.645100 0.473113
vt 0.707600 0.473113
vt 0.707600 0.535613
vt 0.645100 0.535613
vt 0.530429 0.650024
vt 0.780429 0.650024
vt 0.780429 0.712524
vt 0.530429 0.712524
vt 0.770100 0.473113
vt 0.832600 0.473113
vt 0.832600 0.535613
vt 0.770100 0.535613
vt 0.375000 0.062500
vt 0.625000 0.062500
vt 0.625000 0.125000
vt 0.375000 0.125000
vt 0.409253 0.293698
vt 0.557695 0.293698
vt 0.557695 0.505838
vt 0.409253 0.505838
vt 0.582600 0.473113
vt 0.582600 0.535613
vt 0.582600 0.598113
vt 0.582600 0.660613
vt 0.516914 0.276071
vt 0.766914 0.276071
vt -0.036073 0.293698
vt -0.036073 0.505838
vt -0.036073 0.717978
vt -0.036073 0.930118
vt 0.375000 0.750000
vt 0.625000 0.750000
vt -0.036073 0.081559
vt 0.112369 0.081559
vt 0.707600 0.410613
vt 0.770100 0.410613
vt 0.582600 0.410613
vt 0.645100 0.410613
vt 0.260811 0.081559
vt 0.409253 0.081559
vt 0.557695 0.081559
vt 0.832600 0.410613
vt 0.530429 0.587524
vt 0.780429 0.587524
vt 0.375000 0.000000
vt 0.625000 0.000000
s 0
usemtl Material
f 48/1/1 45/2/1 7/3/1 20/4/1
f 21/5/2 20/6/2 7/7/2 8/8/2
f 33/9/3 31/10/3 5/11/3 6/12/3
f 50/13/4 46/14/4 4/15/4 25/16/4
f 46/17/5 42/18/5 3/19/5 4/20/5
f 27/21/6 26/22/6 1/23/6 2/24/6
f 19/25/7 22/26/7 12/27/7 9/28/7
f 47/29/8 43/30/8 11/31/8 21/32/8
f 25/33/9 28/34/9 10/35/9 11/36/9
f 49/37/10 44/38/10 10/39/10 28/40/10
f 40/41/11 36/42/11 18/43/11 29/44/11
f 38/45/12 35/46/12 17/47/12 23/48/12
f 32/49/5 34/50/5 14/51/5 16/52/5
f 39/53/13 32/54/13 16/55/13 30/56/13
f 41/57/14 45/58/14 15/59/14 13/60/14
f 37/61/15 31/62/15 15/63/15 24/64/15
f 36/42/16 37/61/16 24/64/16 18/43/16
f 33/65/17 38/45/17 23/48/17 13/66/17
f 41/67/18 47/29/18 21/32/18 8/68/18
f 6/69/19 5/70/19 22/26/19 19/25/19
f 11/36/20 10/35/20 20/6/20 21/5/20
f 44/38/21 48/1/21 20/4/21 10/39/21
f 35/46/22 39/53/22 30/56/22 17/47/22
f 34/71/23 40/41/23 29/44/23 14/72/23
f 42/73/24 49/37/24 28/40/24 3/74/24
f 4/75/25 3/76/25 28/34/25 25/33/25
f 9/28/26 12/27/26 26/22/26 27/21/26
f 43/30/27 50/13/27 25/16/27 11/31/27
f 1/77/28 26/78/28 40/41/28 34/71/28
f 9/79/29 27/80/29 39/53/29 35/46/29
f 6/81/30 19/82/30 38/45/30 33/65/30
f 12/83/31 22/84/31 37/61/31 36/42/31
f 22/84/32 5/85/32 31/62/32 37/61/32
f 27/80/33 2/86/33 32/54/33 39/53/33
f 2/87/5 1/88/5 34/50/5 32/49/5
f 19/82/34 9/79/34 35/46/34 38/45/34
f 26/78/35 12/83/35 36/42/35 40/41/35
f 13/60/3 15/59/3 31/10/3 33/9/3
f 17/47/36 30/56/36 50/13/36 43/30/36
f 14/72/37 29/44/37 49/37/37 42/73/37
f 18/43/38 24/64/38 48/1/38 44/38/38
f 13/66/39 23/48/39 47/29/39 41/67/39
f 8/89/3 7/90/3 45/58/3 41/57/3
f 29/44/40 18/43/40 44/38/40 49/37/40
f 23/48/41 17/47/41 43/30/41 47/29/41
f 16/52/5 14/51/5 42/18/5 46/17/5
f 30/56/42 16/55/42 46/14/42 50/13/42
f 24/64/43 15/63/43 45/2/43 48/1/43
f 98/1/44 95/2/44 57/3/44 70/4/44
f 71/5/45 70/6/45 57/7/45 58/8/45
f 83/9/46 81/10/46 55/11/46 56/12/46
f 100/13/47 96/14/47 54/15/47 75/16/47
f 96/17/48 92/18/48 53/19/48 54/20/48
f 77/21/49 76/22/49 51/23/49 52/24/49
f 69/25/50 72/26/50 62/27/50 59/28/50
f 97/29/51 93/30/51 61/31/51 71/32/51
f 75/33/52 78/34/52 60/35/52 61/36/52
f 99/37/53 94/38/53 60/39/53 78/40/53
f 90/41/54 86/42/54 68/43/54 79/44/54
f 88/45/55 85/46/55 67/47/55 73/48/55
f 82/49/48 84/50/48 64/51/48 66/52/48
f 89/53/56 82/54/56 66/55/56 80/56/56
f 91/57/46 95/58/46 65/59/46 63/60/46
f 87/61/57 81/62/57 65/63/57 74/64/57
f 86/42/58 87/61/58 74/64/58 68/43/58
f 83/65/59 88/45/59 73/48/59 63/66/59
f 91/67/60 97/29/60 71/32/60 58/68/60
f 56/69/61 55/70/61 72/26/61 69/25/61
f 61/36/62 60/35/62 70/6/62 71/5/62
f 94/38/63 98/1/63 70/4/63 60/39/63
f 85/46/64 89/53/64 80/56/64 67/47/64
f 84/71/65 90/41/65 79/44/65 64/72/65
f 92/73/66 99/37/66 78/40/66 53/74/66
f 54/75/67 53/76/67 78/34/67 75/33/67
f 59/28/68 62/27/68 76/22/68 77/21/68
f 93/30/69 100/13/69 75/16/69 61/31/69
f 51/77/70 76/78/70 90/41/70 84/71/70
f 59/79/71 77/80/71 89/53/71 85/46/71
f 56/81/72 69/82/72 88/45/72 83/65/72
f 62/83/73 72/84/73 87/61/73 86/42/73
f 72/84/74 55/85/74 81/62/74 87/61/74
f 77/80/75 52/86/75 82/54/75 89/53/75
f 52/87/48 51/88/48 84/50/48 82/49/48
f 69/82/76 59/79/76 85/46/76 88/45/76
f 76/78/77 62/83/77 86/42/77 90/41/77
f 63/60/46 65/59/46 81/10/46 83/9/46
f 67/47/78 80/56/78 100/13/78 93/30/78
f 64/72/79 79/44/79 99/37/79 92/73/79
f 68/43/80 74/64/80 98/1/80 94/38/80
f 63/66/81 73/48/81 97/29/81 91/67/81
f 58/89/46 57/90/46 95/58/46 91/57/46
f 79/44/82 68/43/82 94/38/82 99/37/82
f 73/48/83 67/47/83 93/30/83 97/29/83
f 66/52/48 64/51/48 92/18/48 96/17/48
f 80/56/84 66/55/84 96/14/84 100/13/84
f 74/64/85 65/63/85 95/2/85 98/1/85
f 148/1/86 145/2/86 107/3/86 120/4/86
f 121/5/87 120/6/87 107/7/87 108/8/87
f 133/9/88 131/10/88 105/11/88 106/12/88
f 150/13/89 146/14/89 104/15/89 125/16/89
f 146/17/90 142/18/90 103/19/90 104/20/90
f 127/21/91 126/22/91 101/23/91 102/24/91
f 119/25/92 122/26/92 112/27/92 109/28/92
f 147/29/93 143/30/93 111/31/93 121/32/93
f 125/33/94 128/34/94 110/35/94 111/36/94
f 149/37/95 144/38/95 110/39/95 128/40/95
f 140/41/96 136/42/96 118/43/96 129/44/96
f 138/45/97 135/46/97 117/47/97 123/48/97
f 132/49/90 134/50/90 114/51/90 116/52/90
f 139/53/98 132/54/98 116/55/98 130/56/98
f 141/57/88 145/58/88 115/59/88 113/60/88
f 137/61/99 131/62/99 115/63/99 124/64/99
f 136/42/100 137/61/100 124/64/100 118/43/100
f 133/65/101 138/45/101 123/48/101 113/66/101
f 141/67/102 147/29/102 121/32/102 108/68/102
f 106/69/103 105/70/103 122/26/103 119/25/103
f 111/36/104 110/35/104 120/6/104 121/5/104
f 144/38/105 148/1/105 120/4/105 110/39/105
f 135/46/106 139/53/106 130/56/106 117/47/106
f 134/71/107 140/41/107 129/44/107 114/72/107
f 142/73/108 149/37/108 128/40/108 103/74/108
f 104/75/109 103/76/109 128/34/109 125/33/109
f 109/28/110 112/27/110 126/22/110 127/21/110
f 143/30/111 150/13/111 125/16/111 111/31/111
f 101/77/112 126/78/112 140/41/112 134/71/112
f 109/79/113 127/80/113 139/53/113 135/46/113
f 106/81/114 119/82/114 138/45/114 133/65/114
f 112/83/115 122/84/115 137/61/115 136/42/115
f 122/84/116 105/85/116 131/62/116 137/61/116
f 127/80/117 102/86/117 132/54/117 139/53/117
f 102/87/90 101/88/90 134/50/90 132/49/90
f 119/82/118 109/79/118 135/46/118 138/45/118
f 126/78/119 112/83/119 136/42/119 140/41/119
f 113/60/88 115/59/88 131/10/88 133/9/88
f 117/47/120 130/56/120 150/13/120 143/30/120
f 114/72/121 129/44/121 149/37/121 142/73/121
f 118/43/122 124/64/122 148/1/122 144/38/122
f 113/66/123 123/48/123 147/29/123 141/67/123
f 108/89/88 107/90/88 145/58/88 141/57/88
f 129/44/124 118/43/124 144/38/124 149/37/124
f 123/48/125 117/47/125 143/30/125 147/29/125
f 116/52/90 114/51/90 142/18/90 146/17/90
f 130/56/126 116/55/126 146/14/126 150/13/126
f 124/64/127 115/63/127 145/2/127 148/1/127
f 198/1/128 195/2/128 157/3/128 170/4/128
f 171/5/129 170/6/129 157/7/129 158/8/129
f 183/9/130 181/10/130 155/11/130 156/12/130
f 200/13/131 196/14/131 154/15/131 175/16/131
f 196/17/132 192/18/132 153/19/132 154/20/132
f 177/21/133 176/22/133 151/23/133 152/24/133
f 169/25/134 172/26/134 162/27/134 159/28/134
f 197/29/135 193/30/135 161/31/135 171/32/135
f 175/33/136 178/34/136 160/35/136 161/36/136
f 199/37/137 194/38/137 160/39/137 178/40/137
f 190/41/138 186/42/138 168/43/138 179/44/138
f 188/45/139 185/46/139 167/47/139 173/48/139
f 182/49/132 184/50/132 164/51/132 166/52/132
f 189/53/140 182/54/140 166/55/140 180/56/140
f 191/57/130 195/58/130 165/59/130 163/60/130
f 187/61/141 181/62/141 165/63/141 174/64/141
f 186/42/142 187/61/142 174/64/142 168/43/142
f 183/65/143 188/45/143 173/48/143 163/66/143
f 191/67/144 197/29/144 171/32/144 158/68/144
f 156/69/145 155/70/145 172/26/145 169/25/145
f 161/36/146 160/35/146 170/6/146 171/5/146
f 194/38/147 198/1/147 170/4/147 160/39/147
f 185/46/148 189/53/148 180/56/148 167/47/148
f 184/71/149 190/41/149 179/44/149 164/72/149
f 192/73/150 199/37/150 178/40/150 153/74/150
f 154/75/151 153/76/151 178/34/151 175/33/151
f 159/28/152 162/27/152 176/22/152 177/21/152
f 193/30/153 200/13/153 175/16/153 161/31/153
f 151/77/154 176/78/154 190/41/154 184/71/154
f 159/79/155 177/80/155 189/53/155 185/46/155
f 156/81/156 169/82/156 188/45/156 183/65/156
f 162/83/157 172/84/157 187/61/157 186/42/157
f 172/84/158 155/85/158 181/62/158 187/61/158
f 177/80/159 152/86/159 182/54/159 189/53/159
f 152/87/132 151/88/132 184/50/132 182/49/132
f 169/82/160 159/79/160 185/46/160 188/45/160
f 176/78/161 162/83/161 186/42/161 190/41/161
f 163/60/130 165/59/130 181/10/130 183/9/130
f 167/47/162 180/56/162 200/13/162 193/30/162
f 164/72/163 179/44/163 199/37/163 192/73/163
f 168/43/164 174/64/164 198/1/164 194/38/164
f 163/66/165 173/48/165 197/29/165 191/67/165
f 158/89/130 157/90/130 195/58/130 191/57/130
f 179/44/166 168/43/166 194/38/166 199/37/166
f 173/48/167 167/47/167 193/30/167 197/29/167
f 166/52/132 164/51/132 192/18/132 196/17/132
f 180/56/168 166/55/168 196/14/168 200/13/168
f 174/64/169 165/63/169 195/2/169 198/1/169
f 248/1/170 245/2/170 207/3/170 220/4/170
f 221/5/171 220/6/171 207/7/171 208/8/171
f 233/9/172 231/10/172 205/11/172 206/12/172
f 250/13/173 246/14/173 204/15/173 225/16/173
f 246/17/174 242/18/174 203/19/174 204/20/174
f 227/21/175 226/22/175 201/23/175 202/24/175
f 219/25/176 222/26/176 212/27/176 209/28/176
f 247/29/177 243/30/177 211/31/177 221/32/177
f 225/33/178 228/34/178 210/35/178 211/36/178
f 249/37/179 244/38/179 210/39/179 228/40/179
f 240/41/180 236/42/180 218/43/180 229/44/180
f 238/45/181 235/46/181 217/47/181 223/48/181
f 232/49/174 234/50/174 214/51/174 216/52/174
f 239/53/182 232/54/182 216/55/182 230/56/182
f 241/57/172 245/58/172 215/59/172 213/60/172
f 237/61/183 231/62/183 215/63/183 224/64/183
f 236/42/184 237/61/184 224/64/184 218/43/184
f 233/65/185 238/45/185 223/48/185 213/66/185
f 241/67/186 247/29/186 221/32/186 208/68/186
f 206/69/187 205/70/187 222/26/187 219/25/187
f 211/36/188 210/35/188 220/6/188 221/5/188
f 244/38/189 248/1/189 220/4/189 210/39/189
f 235/46/190 239/53/190 230/56/190 217/47/190
f 234/71/191 240/41/191 229/44/191 214/72/191
f 242/73/192 249/37/192 228/40/192 203/74/192
f 204/75/193 203/76/193 228/34/193 225/33/193
f 209/28/194 212/27/194 226/22/194 227/21/194
f 243/30/195 250/13/195 225/16/195 211/31/195
f 201/77/196 226/78/196 240/41/196 234/71/196
f 209/79/197 227/80/197 239/53/197 235/46/197
f 206/81/198 219/82/198 238/45/198 233/65/198
f 212/83/199 222/84/199 237/61/199 236/42/199
f 222/84/200 205/85/200 231/62/200 237/61/200
f 227/80/201 202/86/201 232/54/201 239/53/201
f 202/87/174 201/88/174 234/50/174 232/49/174
f 219/82/202 209/79/202 235/46/202 238/45/202
f 226/78/203 212/83/203 236/42/203 240/41/203
f 213/60/172 215/59/172 231/10/172 233/9/172
f 217/47/204 230/56/204 250/13/204 243/30/204
f 214/72/205 229/44/205 249/37/205 242/73/205
f 218/43/206 224/64/206 248/1/206 244/38/206
f 213/66/207 223/48/207 247/29/207 241/67/207
f 208/89/172 207/90/172 245/58/172 241/57/172
f 229/44/208 218/43/208 244/38/208 249/37/208
f 223/48/209 217/47/209 243/30/209 247/29/209
f 216/52/210 214/51/210 242/18/210 246/17/210
f 230/56/211 216/55/211 246/14/211 250/13/211
f 224/64/212 215/63/212 245/2/212 248/1/212
f 298/1/213 295/2/213 257/3/213 270/4/213
f 271/5/214 270/6/214 257/7/214 258/8/214
f 283/9/215 281/10/215 255/11/215 256/12/215
f 300/13/216 296/14/216 254/15/216 275/16/216
f 296/17/217 292/18/217 253/19/217 254/20/217
f 277/21/218 276/22/218 251/23/218 252/24/218
f 269/25/219 272/26/219 262/27/219 259/28/219
f 297/29/220 293/30/220 261/31/220 271/32/220
f 275/33/221 278/34/221 260/35/221 261/36/221
f 299/37/222 294/38/222 260/39/222 278/40/222
f 290/41/223 286/42/223 268/43/223 279/44/223
f 288/45/224 285/46/224 267/47/224 273/48/224
f 282/49/217 284/50/217 264/51/217 266/52/217
f 289/53/225 282/54/225 266/55/225 280/56/225
f 291/57/215 295/58/215 265/59/215 263/60/215
f 287/61/226 281/62/226 265/63/226 274/64/226
f 286/42/227 287/61/227 274/64/227 268/43/227
f 283/65/228 288/45/228 273/48/228 263/66/228
f 291/67/229 297/29/229 271/32/229 258/68/229
f 256/69/230 255/70/230 272/26/230 269/25/230
f 261/36/231 260/35/231 270/6/231 271/5/231
f 294/38/232 298/1/232 270/4/232 260/39/232
f 285/46/233 289/53/233 280/56/233 267/47/233
f 284/71/234 290/41/234 279/44/234 264/72/234
f 292/73/235 299/37/235 278/40/235 253/74/235
f 254/75/236 253/76/236 278/34/236 275/33/236
f 259/28/237 262/27/237 276/22/237 277/21/237
f 293/30/238 300/13/238 275/16/238 261/31/238
f 251/77/239 276/78/239 290/41/239 284/71/239
f 259/79/240 277/80/240 289/53/240 285/46/240
f 256/81/241 269/82/241 288/45/241 283/65/241
f 262/83/242 272/84/242 287/61/242 286/42/242
f 272/84/243 255/85/243 281/62/243 287/61/243
f 277/80/244 252/86/244 282/54/244 289/53/244
f 252/87/217 251/88/217 284/50/217 282/49/217
f 269/82/245 259/79/245 285/46/245 288/45/245
f 276/78/246 262/83/246 286/42/246 290/41/246
f 263/60/215 265/59/215 281/10/215 283/9/215
f 267/47/247 280/56/247 300/13/247 293/30/247
f 264/72/248 279/44/248 299/37/248 292/73/248
f 268/43/249 274/64/249 298/1/249 294/38/249
f 263/66/250 273/48/250 297/29/250 291/67/250
f 258/89/251 257/90/251 295/58/251 291/57/251
f 279/44/252 268/43/252 294/38/252 299/37/252
f 273/48/253 267/47/253 293/30/253 297/29/253
f 266/52/217 264/51/217 292/18/217 296/17/217
f 280/56/254 266/55/254 296/14/254 300/13/254
f 274/64/255 265/63/255 295/2/255 298/1/255
f 348/1/256 345/2/256 307/3/256 320/4/256
f 321/5/257 320/6/257 307/7/257 308/8/257
f 333/9/258 331/10/258 305/11/258 306/12/258
f 350/13/259 346/14/259 304/15/259 325/16/259
f 346/17/260 342/18/260 303/19/260 304/20/260
f 327/21/261 326/22/261 301/23/261 302/24/261
f 319/25/262 322/26/262 312/27/262 309/28/262
f 347/29/263 343/30/263 311/31/263 321/32/263
f 325/33/264 328/34/264 310/35/264 311/36/264
f 349/37/265 344/38/265 310/39/265 328/40/265
f 340/41/266 336/42/266 318/43/266 329/44/266
f 338/45/267 335/46/267 317/47/267 323/48/267
f 332/49/268 334/50/268 314/51/268 316/52/268
f 339/53/269 332/54/269 316/55/269 330/56/269
f 341/57/258 345/58/258 315/59/258 313/60/258
f 337/61/270 331/62/270 315/63/270 324/64/270
f 336/42/271 337/61/271 324/64/271 318/43/271
f 333/65/272 338/45/272 323/48/272 313/66/272
f 341/67/273 347/29/273 321/32/273 308/68/273
f 306/69/274 305/70/274 322/26/274 319/25/274
f 311/36/275 310/35/275 320/6/275 321/5/275
f 344/38/276 348/1/276 320/4/276 310/39/276
f 335/46/277 339/53/277 330/56/277 317/47/277
f 334/71/278 340/41/278 329/44/278 314/72/278
f 342/73/279 349/37/279 328/40/279 303/74/279
f 304/75/280 303/76/280 328/34/280 325/33/280
f 309/28/281 312/27/281 326/22/281 327/21/281
f 343/30/282 350/13/282 325/16/282 311/31/282
f 301/77/283 326/78/283 340/41/283 334/71/283
f 309/79/284 327/80/284 339/53/284 335/46/284
f 306/81/285 319/82/285 338/45/285 333/65/285
f 312/83/286 322/84/286 337/61/286 336/42/286
f 322/84/287 305/85/287 331/62/287 337/61/287
f 327/80/288 302/86/288 332/54/288 339/53/288
f 302/87/268 301/88/268 334/50/268 332/49/268
f 319/82/289 309/79/289 335/46/289 338/45/289
f 326/78/290 312/83/290 336/42/290 340/41/290
f 313/60/258 315/59/258 331/10/258 333/9/258
f 317/47/291 330/56/291 350/13/291 343/30/291
f 314/72/292 329/44/292 349/37/292 342/73/292
f 318/43/293 324/64/293 348/1/293 344/38/293
f 313/66/294 323/48/294 347/29/294 341/67/294
f 308/89/258 307/90/258 345/58/258 341/57/258
f 329/44/295 318/43/295 344/38/295 349/37/295
f 323/48/296 317/47/296 343/30/296 347/29/296
f 316/52/268 314/51/268 342/18/268 346/17/268
f 330/56/297 316/55/297 346/14/297 350/13/297
f 324/64/298 315/63/298 345/2/298 348/1/298
f 398/1/299 395/2/299 357/3/299 370/4/299
f 371/5/300 370/6/300 357/7/300 358/8/300
f 383/9/301 381/10/301 355/11/301 356/12/301
f 400/13/302 396/14/302 354/15/302 375/16/302
f 396/17/303 392/18/303 353/19/303 354/20/303
f 377/21/304 376/22/304 351/23/304 352/24/304
f 369/25/305 372/26/305 362/27/305 359/28/305
f 397/29/306 393/30/306 361/31/306 371/32/306
f 375/33/307 378/34/307 360/35/307 361/36/307
f 399/37/308 394/38/308 360/39/308 378/40/308
f 390/41/309 386/42/309 368/43/309 379/44/309
f 388/45/310 385/46/310 367/47/310 373/48/310
f 382/49/311 384/50/311 364/51/311 366/52/311
f 389/53/312 382/54/312 366/55/312 380/56/312
f 391/57/301 395/58/301 365/59/301 363/60/301
f 387/61/313 381/62/313 365/63/313 374/64/313
f 386/42/314 387/61/314 374/64/314 368/43/314
f 383/65/315 388/45/315 373/48/315 363/66/315
f 391/67/316 397/29/316 371/32/316 358/68/316
f 356/69/317 355/70/317 372/26/317 369/25/317
f 361/36/318 360/35/318 370/6/318 371/5/318
f 394/38/319 398/1/319 370/4/319 360/39/319
f 385/46/320 389/53/320 380/56/320 367/47/320
f 384/71/321 390/41/321 379/44/321 364/72/321
f 392/73/322 399/37/322 378/40/322 353/74/322
f 354/75/323 353/76/323 378/34/323 375/33/323
f 359/28/324 362/27/324 376/22/324 377/21/324
f 393/30/325 400/13/325 375/16/325 361/31/325
f 351/77/326 376/78/326 390/41/326 384/71/326
f 359/79/327 377/80/327 389/53/327 385/46/327
f 356/81/328 369/82/328 388/45/328 383/65/328
f 362/83/329 372/84/329 387/61/329 386/42/329
f 372/84/330 355/85/330 381/62/330 387/61/330
f 377/80/331 352/86/331 382/54/331 389/53/331
f 352/87/303 351/88/303 384/50/303 382/49/303
f 369/82/332 359/79/332 385/46/332 388/45/332
f 376/78/333 362/83/333 386/42/333 390/41/333
f 363/60/301 365/59/301 381/10/301 383/9/301
f 367/47/334 380/56/334 400/13/334 393/30/334
f 364/72/335 379/44/335 399/37/335 392/73/335
f 368/43/336 374/64/336 398/1/336 394/38/336
f 363/66/337 373/48/337 397/29/337 391/67/337
f 358/89/338 357/90/338 395/58/338 391/57/338
f 379/44/339 368/43/339 394/38/339 399/37/339
f 373/48/340 367/47/340 393/30/340 397/29/340
f 366/52/303 364/51/303 392/18/303 396/17/303
f 380/56/341 366/55/341 396/14/341 400/13/341
f 374/64/342 365/63/342 395/2/342 398/1/342
f 448/1/343 445/2/343 407/3/343 420/4/343
f 421/5/344 420/6/344 407/7/344 408/8/344
f 433/9/345 431/10/345 405/11/345 406/12/345
f 450/13/346 446/14/346 404/15/346 425/16/346
f 446/17/347 442/18/347 403/19/347 404/20/347
f 427/21/348 426/22/348 401/23/348 402/24/348
f 419/25/349 422/26/349 412/27/349 409/28/349
f 447/29/350 443/30/350 411/31/350 421/32/350
f 425/33/351 428/34/351 410/35/351 411/36/351
f 449/37/352 444/38/352 410/39/352 428/40/352
f 440/41/353 436/42/353 418/43/353 429/44/353
f 438/45/354 435/46/354 417/47/354 423/48/354
f 432/49/347 434/50/347 414/51/347 416/52/347
f 439/53/355 432/54/355 416/55/355 430/56/355
f 441/57/345 445/58/345 415/59/345 413/60/345
f 437/61/356 431/62/356 415/63/356 424/64/356
f 436/42/357 437/61/357 424/64/357 418/43/357
f 433/65/358 438/45/358 423/48/358 413/66/358
f 441/67/359 447/29/359 421/32/359 408/68/359
f 406/69/360 405/70/360 422/26/360 419/25/360
f 411/36/361 410/35/361 420/6/361 421/5/361
f 444/38/362 448/1/362 420/4/362 410/39/362
f 435/46/363 439/53/363 430/56/363 417/47/363
f 434/71/364 440/41/364 429/44/364 414/72/364
f 442/73/365 449/37/365 428/40/365 403/74/365
f 404/75/366 403/76/366 428/34/366 425/33/366
f 409/28/367 412/27/367 426/22/367 427/21/367
f 443/30/368 450/13/368 425/16/368 411/31/368
f 401/77/369 426/78/369 440/41/369 434/71/369
f 409/79/370 427/80/370 439/53/370 435/46/370
f 406/81/371 419/82/371 438/45/371 433/65/371
f 412/83/372 422/84/372 437/61/372 436/42/372
f 422/84/373 405/85/373 431/62/373 437/61/373
f 427/80/374 402/86/374 432/54/374 439/53/374
f 402/87/347 401/88/347 434/50/347 432/49/347
f 419/82/375 409/79/375 435/46/375 438/45/375
f 426/78/376 412/83/376 436/42/376 440/41/376
f 413/60/377 415/59/377 431/10/377 433/9/377
f 417/47/378 430/56/378 450/13/378 443/30/378
f 414/72/379 429/44/379 449/37/379 442/73/379
f 418/43/380 424/64/380 448/1/380 444/38/380
f 413/66/381 423/48/381 447/29/381 441/67/381
f 408/89/345 407/90/345 445/58/345 441/57/345
f 429/44/382 418/43/382 444/38/382 449/37/382
f 423/48/383 417/47/383 443/30/383 447/29/383
f 416/52/347 414/51/347 442/18/347 446/17/347
f 430/56/384 416/55/384 446/14/384 450/13/384
f 424/64/385 415/63/385 445/2/385 448/1/385
f 498/1/386 495/2/386 457/3/386 470/4/386
f 471/5/387 470/6/387 457/7/387 458/8/387
f 483/9/388 481/10/388 455/11/388 456/12/388
f 500/13/389 496/14/389 454/15/389 475/16/389
f 496/17/390 492/18/390 453/19/390 454/20/390
f 477/21/391 476/22/391 451/23/391 452/24/391
f 469/25/392 472/26/392 462/27/392 459/28/392
f 497/29/393 493/30/393 461/31/393 471/32/393
f 475/33/394 478/34/394 460/35/394 461/36/394
f 499/37/395 494/38/395 460/39/395 478/40/395
f 490/41/396 486/42/396 468/43/396 479/44/396
f 488/45/397 485/46/397 467/47/397 473/48/397
f 482/49/390 484/50/390 464/51/390 466/52/390
f 489/53/398 482/54/398 466/55/398 480/56/398
f 491/57/388 495/58/388 465/59/388 463/60/388
f 487/61/399 481/62/399 465/63/399 474/64/399
f 486/42/400 487/61/400 474/64/400 468/43/400
f 483/65/401 488/45/401 473/48/401 463/66/401
f 491/67/402 497/29/402 471/32/402 458/68/402
f 456/69/403 455/70/403 472/26/403 469/25/403
f 461/36/404 460/35/404 470/6/404 471/5/404
f 494/38/405 498/1/405 470/4/405 460/39/405
f 485/46/406 489/53/406 480/56/406 467/47/406
f 484/71/407 490/41/407 479/44/407 464/72/407
f 492/73/408 499/37/408 478/40/408 453/74/408
f 454/75/409 453/76/409 478/34/409 475/33/409
f 459/28/410 462/27/410 476/22/410 477/21/410
f 493/30/411 500/13/411 475/16/411 461/31/411
f 451/77/412 476/78/412 490/41/412 484/71/412
f 459/79/413 477/80/413 489/53/413 485/46/413
f 456/81/414 469/82/414 488/45/414 483/65/414
f 462/83/415 472/84/415 487/61/415 486/42/415
f 472/84/416 455/85/416 481/62/416 487/61/416
f 477/80/417 452/86/417 482/54/417 489/53/417
f 452/87/390 451/88/390 484/50/390 482/49/390
f 469/82/418 459/79/418 485/46/418 488/45/418
f 476/78/419 462/83/419 486/42/419 490/41/419
f 463/60/388 465/59/388 481/10/388 483/9/388
f 467/47/420 480/56/420 500/13/420 493/30/420
f 464/72/421 479/44/421 499/37/421 492/73/421
f 468/43/422 474/64/422 498/1/422 494/38/422
f 463/66/423 473/48/423 497/29/423 491/67/423
f 458/89/388 457/90/388 495/58/388 491/57/388
f 479/44/424 468/43/424 494/38/424 499/37/424
f 473/48/425 467/47/425 493/30/425 497/29/425
f 466/52/390 464/51/390 492/18/390 496/17/390
f 480/56/426 466/55/426 496/14/426 500/13/426
f 474/64/427 465/63/427 495/2/427 498/1/427
f 548/1/428 545/2/428 507/3/428 520/4/428
f 521/5/429 520/6/429 507/7/429 508/8/429
f 533/9/430 531/10/430 505/11/430 506/12/430
f 550/13/431 546/14/431 504/15/431 525/16/431
f 546/17/432 542/18/432 503/19/432 504/20/432
f 527/21/433 526/22/433 501/23/433 502/24/433
f 519/25/434 522/26/434 512/27/434 509/28/434
f 547/29/435 543/30/435 511/31/435 521/32/435
f 525/33/436 528/34/436 510/35/436 511/36/436
f 549/37/437 544/38/437 510/39/437 528/40/437
f 540/41/438 536/42/438 518/43/438 529/44/438
f 538/45/439 535/46/439 517/47/439 523/48/439
f 532/49/432 534/50/432 514/51/432 516/52/432
f 539/53/440 532/54/440 516/55/440 530/56/440
f 541/57/430 545/58/430 515/59/430 513/60/430
f 537/61/441 531/62/441 515/63/441 524/64/441
f 536/42/442 537/61/442 524/64/442 518/43/442
f 533/65/443 538/45/443 523/48/443 513/66/443
f 541/67/444 547/29/444 521/32/444 508/68/444
f 506/69/445 505/70/445 522/26/445 519/25/445
f 511/36/446 510/35/446 520/6/446 521/5/446
f 544/38/447 548/1/447 520/4/447 510/39/447
f 535/46/448 539/53/448 530/56/448 517/47/448
f 534/71/449 540/41/449 529/44/449 514/72/449
f 542/73/450 549/37/450 528/40/450 503/74/450
f 504/75/451 503/76/451 528/34/451 525/33/451
f 509/28/452 512/27/452 526/22/452 527/21/452
f 543/30/453 550/13/453 525/16/453 511/31/453
f 501/77/454 526/78/454 540/41/454 534/71/454
f 509/79/455 527/80/455 539/53/455 535/46/455
f 506/81/456 519/82/456 538/45/456 533/65/456
f 512/83/457 522/84/457 537/61/457 536/42/457
f 522/84/458 505/85/458 531/62/458 537/61/458
f 527/80/459 502/86/459 532/54/459 539/53/459
f 502/87/432 501/88/432 534/50/432 532/49/432
f 519/82/460 509/79/460 535/46/460 538/45/460
f 526/78/461 512/83/461 536/42/461 540/41/461
f 513/60/430 515/59/430 531/10/430 533/9/430
f 517/47/462 530/56/462 550/13/462 543/30/462
f 514/72/463 529/44/463 549/37/463 542/73/463
f 518/43/464 524/64/464 548/1/464 544/38/464
f 513/66/465 523/48/465 547/29/465 541/67/465
f 508/89/430 507/90/430 545/58/430 541/57/430
f 529/44/466 518/43/466 544/38/466 549/37/466
f 523/48/467 517/47/467 543/30/467 547/29/467
f 516/52/432 514/51/432 542/18/432 546/17/432
f 530/56/468 516/55/468 546/14/468 550/13/468
f 524/64/469 515/63/469 545/2/469 548/1/469
f 598/1/470 595/2/470 557/3/470 570/4/470
f 571/5/471 570/6/471 557/7/471 558/8/471
f 583/9/472 581/10/472 555/11/472 556/12/472
f 600/13/473 596/14/473 554/15/473 575/16/473
f 596/17/474 592/18/474 553/19/474 554/20/474
f 577/21/475 576/22/475 551/23/475 552/24/475
f 569/25/476 572/26/476 562/27/476 559/28/476
f 597/29/477 593/30/477 561/31/477 571/32/477
f 575/33/478 578/34/478 560/35/478 561/36/478
f 599/37/479 594/38/479 560/39/479 578/40/479
f 590/41/480 586/42/480 568/43/480 579/44/480
f 588/45/481 585/46/481 567/47/481 573/48/481
f 582/49/474 584/50/474 564/51/474 566/52/474
f 589/53/482 582/54/482 566/55/482 580/56/482
f 591/57/472 595/58/472 565/59/472 563/60/472
f 587/61/483 581/62/483 565/63/483 574/64/483
f 586/42/484 587/61/484 574/64/484 568/43/484
f 583/65/485 588/45/485 573/48/485 563/66/485
f 591/67/486 597/29/486 571/32/486 558/68/486
f 556/69/487 555/70/487 572/26/487 569/25/487
f 561/36/488 560/35/488 570/6/488 571/5/488
f 594/38/489 598/1/489 570/4/489 560/39/489
f 585/46/490 589/53/490 580/56/490 567/47/490
f 584/71/491 590/41/491 579/44/491 564/72/491
f 592/73/492 599/37/492 578/40/492 553/74/492
f 554/75/493 553/76/493 578/34/493 575/33/493
f 559/28/494 562/27/494 576/22/494 577/21/494
f 593/30/495 600/13/495 575/16/495 561/31/495
f 551/77/496 576/78/496 590/41/496 584/71/496
f 559/79/497 577/80/497 589/53/497 585/46/497
f 556/81/498 569/82/498 588/45/498 583/65/498
f 562/83/499 572/84/499 587/61/499 586/42/499
f 572/84/500 555/85/500 581/62/500 587/61/500
f 577/80/501 552/86/501 582/54/501 589/53/501
f 552/87/474 551/88/474 584/50/474 582/49/474
f 569/82/502 559/79/502 585/46/502 588/45/502
f 576/78/503 562/83/503 586/42/503 590/41/503
f 563/60/472 565/59/472 581/10/472 583/9/472
f 567/47/504 580/56/504 600/13/504 593/30/504
f 564/72/505 579/44/505 599/37/505 592/73/505
f 568/43/506 574/64/506 598/1/506 594/38/506
f 563/66/507 573/48/507 597/29/507 591/67/507
f 558/89/472 557/90/472 595/58/472 591/57/472
f 579/44/508 568/43/508 594/38/508 599/37/508
f 573/48/509 567/47/509 593/30/509 597/29/509
f 566/52/474 564/51/474 592/18/474 596/17/474
f 580/56/510 566/55/510 596/14/510 600/13/510
f 574/64/511 565/63/511 595/2/511 598/1/511
f 648/1/512 645/2/512 607/3/512 620/4/512
f 621/5/513 620/6/513 607/7/513 608/8/513
f 633/9/514 631/10/514 605/11/514 606/12/514
f 650/13/515 646/14/515 604/15/515 625/16/515
f 646/17/516 642/18/516 603/19/516 604/20/516
f 627/21/517 626/22/517 601/23/517 602/24/517
f 619/25/518 622/26/518 612/27/518 609/28/518
f 647/29/519 643/30/519 611/31/519 621/32/519
f 625/33/520 628/34/520 610/35/520 611/36/520
f 649/37/521 644/38/521 610/39/521 628/40/521
f 640/41/522 636/42/522 618/43/522 629/44/522
f 638/45/523 635/46/523 617/47/523 623/48/523
f 632/49/516 634/50/516 614/51/516 616/52/516
f 639/53/524 632/54/524 616/55/524 630/56/524
f 641/57/514 645/58/514 615/59/514 613/60/514
f 637/61/525 631/62/525 615/63/525 624/64/525
f 636/42/526 637/61/526 624/64/526 618/43/526
f 633/65/527 638/45/527 623/48/527 613/66/527
f 641/67/528 647/29/528 621/32/528 608/68/528
f 606/69/529 605/70/529 622/26/529 619/25/529
f 611/36/530 610/35/530 620/6/530 621/5/530
f 644/38/531 648/1/531 620/4/531 610/39/531
f 635/46/532 639/53/532 630/56/532 617/47/532
f 634/71/533 640/41/533 629/44/533 614/72/533
f 642/73/534 649/37/534 628/40/534 603/74/534
f 604/75/535 603/76/535 628/34/535 625/33/535
f 609/28/536 612/27/536 626/22/536 627/21/536
f 643/30/537 650/13/537 625/16/537 611/31/537
f 601/77/538 626/78/538 640/41/538 634/71/538
f 609/79/539 627/80/539 639/53/539 635/46/539
f 606/81/540 619/82/540 638/45/540 633/65/540
f 612/83/541 622/84/541 637/61/541 636/42/541
f 622/84/542 605/85/542 631/62/542 637/61/542
f 627/80/543 602/86/543 632/54/543 639/53/543
f 602/87/516 601/88/516 634/50/516 632/49/516
f 619/82/544 609/79/544 635/46/544 638/45/544
f 626/78/545 612/83/545 636/42/545 640/41/545
f 613/60/514 615/59/514 631/10/514 633/9/514
f 617/47/546 630/56/546 650/13/546 643/30/546
f 614/72/547 629/44/547 649/37/547 642/73/547
f 618/43/548 624/64/548 648/1/548 644/38/548
f 613/66/549 623/48/549 647/29/549 641/67/549
f 608/89/514 607/90/514 645/58/514 641/57/514
f 629/44/550 618/43/550 644/38/550 649/37/550
f 623/48/551 617/47/551 643/30/551 647/29/551
f 616/52/516 614/51/516 642/18/516 646/17/516
f 630/56/552 616/55/552 646/14/552 650/13/552
f 624/64/553 615/63/553 645/2/553 648/1/553
f 698/1/554 695/2/554 657/3/554 670/4/554
f 671/5/555 670/6/555 657/7/555 658/8/555
f 683/9/556 681/10/556 655/11/556 656/12/556
f 700/13/557 696/14/557 654/15/557 675/16/557
f 696/17/558 692/18/558 653/19/558 654/20/558
f 677/21/559 676/22/559 651/23/559 652/24/559
f 669/25/560 672/26/560 662/27/560 659/28/560
f 697/29/561 693/30/561 661/31/561 671/32/561
f 675/33/562 678/34/562 660/35/562 661/36/562
f 699/37/563 694/38/563 660/39/563 678/40/563
f 690/41/564 686/42/564 668/43/564 679/44/564
f 688/45/565 685/46/565 667/47/565 673/48/565
f 682/49/558 684/50/558 664/51/558 666/52/558
f 689/53/566 682/54/566 666/55/566 680/56/566
f 691/57/556 695/58/556 665/59/556 663/60/556
f 687/61/567 681/62/567 665/63/567 674/64/567
f 686/42/568 687/61/568 674/64/568 668/43/568
f 683/65/569 688/45/569 673/48/569 663/66/569
f 691/67/570 697/29/570 671/32/570 658/68/570
f 656/69/571 655/70/571 672/26/571 669/25/571
f 661/36/572 660/35/572 670/6/572 671/5/572
f 694/38/573 698/1/573 670/4/573 660/39/573
f 685/46/574 689/53/574 680/56/574 667/47/574
f 684/71/575 690/41/575 679/44/575 664/72/575
f 692/73/576 699/37/576 678/40/576 653/74/576
f 654/75/577 653/76/577 678/34/577 675/33/577
f 659/28/578 662/27/578 676/22/578 677/21/578
f 693/30/579 700/13/579 675/16/579 661/31/579
f 651/77/580 676/78/580 690/41/580 684/71/580
f 659/79/581 677/80/581 689/53/581 685/46/581
f 656/81/582 669/82/582 688/45/582 683/65/582
f 662/83/583 672/84/583 687/61/583 686/42/583
f 672/84/584 655/85/584 681/62/584 687/61/584
f 677/80/585 652/86/585 682/54/585 689/53/585
f 652/87/558 651/88/558 684/50/558 682/49/558
f 669/82/586 659/79/586 685/46/586 688/45/586
f 676/78/587 662/83/587 686/42/587 690/41/587
f 663/60/556 665/59/556 681/10/556 683/9/556
f 667/47/588 680/56/588 700/13/588 693/30/588
f 664/72/589 679/44/589 699/37/589 692/73/589
f 668/43/590 674/64/590 698/1/590 694/38/590
f 663/66/591 673/48/591 697/29/591 691/67/591
f 658/89/556 657/90/556 695/58/556 691/57/556
f 679/44/592 668/43/592 694/38/592 699/37/592
f 673/48/593 667/47/593 693/30/593 697/29/593
f 666/52/558 664/51/558 692/18/558 696/17/558
f 680/56/594 666/55/594 696/14/594 700/13/594
f 674/64/595 665/63/595 695/2/595 698/1/595
f 748/1/596 745/2/596 707/3/596 720/4/596
f 721/5/597 720/6/597 707/7/597 708/8/597
f 733/9/598 731/10/598 705/11/598 706/12/598
f 750/13/599 746/14/599 704/15/599 725/16/599
f 746/17/600 742/18/600 703/19/600 704/20/600
f 727/21/601 726/22/601 701/23/601 702/24/601
f 719/25/602 722/26/602 712/27/602 709/28/602
f 747/29/603 743/30/603 711/31/603 721/32/603
f 725/33/604 728/34/604 710/35/604 711/36/604
f 749/37/605 744/38/605 710/39/605 728/40/605
f 740/41/606 736/42/606 718/43/606 729/44/606
f 738/45/607 735/46/607 717/47/607 723/48/607
f 732/49/600 734/50/600 714/51/600 716/52/600
f 739/53/608 732/54/608 716/55/608 730/56/608
f 741/57/598 745/58/598 715/59/598 713/60/598
f 737/61/609 731/62/609 715/63/609 724/64/609
f 736/42/610 737/61/610 724/64/610 718/43/610
f 733/65/611 738/45/611 723/48/611 713/66/611
f 741/67/612 747/29/612 721/32/612 708/68/612
f 706/69/613 705/70/613 722/26/613 719/25/613
f 711/36/614 710/35/614 720/6/614 721/5/614
f 744/38/615 748/1/615 720/4/615 710/39/615
f 735/46/616 739/53/616 730/56/616 717/47/616
f 734/71/617 740/41/617 729/44/617 714/72/617
f 742/73/618 749/37/618 728/40/618 703/74/618
f 704/75/619 703/76/619 728/34/619 725/33/619
f 709/28/620 712/27/620 726/22/620 727/21/620
f 743/30/621 750/13/621 725/16/621 711/31/621
f 701/77/622 726/78/622 740/41/622 734/71/622
f 709/79/623 727/80/623 739/53/623 735/46/623
f 706/81/624 719/82/624 738/45/624 733/65/624
f 712/83/625 722/84/625 737/61/625 736/42/625
f 722/84/626 705/85/626 731/62/626 737/61/626
f 727/80/627 702/86/627 732/54/627 739/53/627
f 702/87/600 701/88/600 734/50/600 732/49/600
f 719/82/628 709/79/628 735/46/628 738/45/628
f 726/78/629 712/83/629 736/42/629 740/41/629
f 713/60/598 715/59/598 731/10/598 733/9/598
f 717/47/630 730/56/630 750/13/630 743/30/630
f 714/72/631 729/44/631 749/37/631 742/73/631
f 718/43/632 724/64/632 748/1/632 744/38/632
f 713/66/633 723/48/633 747/29/633 741/67/633
f 708/89/598 707/90/598 745/58/598 741/57/598
f 729/44/634 718/43/634 744/38/634 749/37/634
f 723/48/635 717/47/635 743/30/635 747/29/635
f 716/52/600 714/51/600 742/18/600 746/17/600
f 730/56/636 716/55/636 746/14/636 750/13/636
f 724/64/637 715/63/637 745/2/637 748/1/637
f 798/1/638 795/2/638 757/3/638 770/4/638
f 771/5/639 770/6/639 757/7/639 758/8/639
f 783/9/640 781/10/640 755/11/640 756/12/640
f 800/13/641 796/14/641 754/15/641 775/16/641
f 796/17/642 792/18/642 753/19/642 754/20/642
f 777/21/643 776/22/643 751/23/643 752/24/643
f 769/25/644 772/26/644 762/27/644 759/28/644
f 797/29/645 793/30/645 761/31/645 771/32/645
f 775/33/646 778/34/646 760/35/646 761/36/646
f 799/37/647 794/38/647 760/39/647 778/40/647
f 790/41/648 786/42/648 768/43/648 779/44/648
f 788/45/649 785/46/649 767/47/649 773/48/649
f 782/49/650 784/50/650 764/51/650 766/52/650
f 789/53/651 782/54/651 766/55/651 780/56/651
f 791/57/652 795/58/652 765/59/652 763/60/652
f 787/61/653 781/62/653 765/63/653 774/64/653
f 786/42/654 787/61/654 774/64/654 768/43/654
f 783/65/655 788/45/655 773/48/655 763/66/655
f 791/67/656 797/29/656 771/32/656 758/68/656
f 756/69/657 755/70/657 772/26/657 769/25/657
f 761/36/658 760/35/658 770/6/658 771/5/658
f 794/38/659 798/1/659 770/4/659 760/39/659
f 785/46/660 789/53/660 780/56/660 767/47/660
f 784/71/661 790/41/661 779/44/661 764/72/661
f 792/73/662 799/37/662 778/40/662 753/74/662
f 754/75/663 753/76/663 778/34/663 775/33/663
f 759/28/664 762/27/664 776/22/664 777/21/664
f 793/30/665 800/13/665 775/16/665 761/31/665
f 751/77/666 776/78/666 790/41/666 784/71/666
f 759/79/667 777/80/667 789/53/667 785/46/667
f 756/81/668 769/82/668 788/45/668 783/65/668
f 762/83/669 772/84/669 787/61/669 786/42/669
f 772/84/670 755/85/670 781/62/670 787/61/670
f 777/80/671 752/86/671 782/54/671 789/53/671
f 752/87/650 751/88/650 784/50/650 782/49/650
f 769/82/672 759/79/672 785/46/672 788/45/672
f 776/78/673 762/83/673 786/42/673 790/41/673
f 763/60/640 765/59/640 781/10/640 783/9/640
f 767/47/674 780/56/674 800/13/674 793/30/674
f 764/72/675 779/44/675 799/37/675 792/73/675
f 768/43/676 774/64/676 798/1/676 794/38/676
f 763/66/677 773/48/677 797/29/677 791/67/677
f 758/89/652 757/90/652 795/58/652 791/57/652
f 779/44/678 768/43/678 794/38/678 799/37/678
f 773/48/679 767/47/679 793/30/679 797/29/679
f 766/52/642 764/51/642 792/18/642 796/17/642
f 780/56/680 766/55/680 796/14/680 800/13/680
f 774/64/681 765/63/681 795/2/681 798/1/681
f 848/1/682 845/2/682 807/3/682 820/4/682
f 821/5/683 820/6/683 807/7/683 808/8/683
f 833/9/684 831/10/684 805/11/684 806/12/684
f 850/13/685 846/14/685 804/15/685 825/16/685
f 846/17/686 842/18/686 803/19/686 804/20/686
f 827/21/687 826/22/687 801/23/687 802/24/687
f 819/25/688 822/26/688 812/27/688 809/28/688
f 847/29/689 843/30/689 811/31/689 821/32/689
f 825/33/690 828/34/690 810/35/690 811/36/690
f 849/37/691 844/38/691 810/39/691 828/40/691
f 840/41/692 836/42/692 818/43/692 829/44/692
f 838/45/693 835/46/693 817/47/693 823/48/693
f 832/49/686 834/50/686 814/51/686 816/52/686
f 839/53/694 832/54/694 816/55/694 830/56/694
f 841/57/695 845/58/695 815/59/695 813/60/695
f 837/61/696 831/62/696 815/63/696 824/64/696
f 836/42/697 837/61/697 824/64/697 818/43/697
f 833/65/698 838/45/698 823/48/698 813/66/698
f 841/67/699 847/29/699 821/32/699 808/68/699
f 806/69/700 805/70/700 822/26/700 819/25/700
f 811/36/701 810/35/701 820/6/701 821/5/701
f 844/38/702 848/1/702 820/4/702 810/39/702
f 835/46/703 839/53/703 830/56/703 817/47/703
f 834/71/704 840/41/704 829/44/704 814/72/704
f 842/73/705 849/37/705 828/40/705 803/74/705
f 804/75/706 803/76/706 828/34/706 825/33/706
f 809/28/707 812/27/707 826/22/707 827/21/707
f 843/30/708 850/13/708 825/16/708 811/31/708
f 801/77/709 826/78/709 840/41/709 834/71/709
f 809/79/710 827/80/710 839/53/710 835/46/710
f 806/81/711 819/82/711 838/45/711 833/65/711
f 812/83/712 822/84/712 837/61/712 836/42/712
f 822/84/713 805/85/713 831/62/713 837/61/713
f 827/80/714 802/86/714 832/54/714 839/53/714
f 802/87/686 801/88/686 834/50/686 832/49/686
f 819/82/715 809/79/715 835/46/715 838/45/715
f 826/78/716 812/83/716 836/42/716 840/41/716
f 813/60/684 815/59/684 831/10/684 833/9/684
f 817/47/717 830/56/717 850/13/717 843/30/717
f 814/72/718 829/44/718 849/37/718 842/73/718
f 818/43/719 824/64/719 848/1/719 844/38/719
f 813/66/720 823/48/720 847/29/720 841/67/720
f 808/89/695 807/90/695 845/58/695 841/57/695
f 829/44/721 818/43/721 844/38/721 849/37/721
f 823/48/722 817/47/722 843/30/722 847/29/722
f 816/52/686 814/51/686 842/18/686 846/17/686
f 830/56/723 816/55/723 846/14/723 850/13/723
f 824/64/724 815/63/724 845/2/724 848/1/724
f 898/1/725 895/2/725 857/3/725 870/4/725
f 871/5/726 870/6/726 857/7/726 858/8/726
f 883/9/727 881/10/727 855/11/727 856/12/727
f 900/13/728 896/14/728 854/15/728 875/16/728
f 896/17/729 892/18/729 853/19/729 854/20/729
f 877/21/730 876/22/730 851/23/730 852/24/730
f 869/25/731 872/26/731 862/27/731 859/28/731
f 897/29/732 893/30/732 861/31/732 871/32/732
f 875/33/733 878/34/733 860/35/733 861/36/733
f 899/37/734 894/38/734 860/39/734 878/40/734
f 890/41/735 886/42/735 868/43/735 879/44/735
f 888/45/736 885/46/736 867/47/736 873/48/736
f 882/49/729 884/50/729 864/51/729 866/52/729
f 889/53/737 882/54/737 866/55/737 880/56/737
f 891/57/727 895/58/727 865/59/727 863/60/727
f 887/61/738 881/62/738 865/63/738 874/64/738
f 886/42/739 887/61/739 874/64/739 868/43/739
f 883/65/740 888/45/740 873/48/740 863/66/740
f 891/67/741 897/29/741 871/32/741 858/68/741
f 856/69/742 855/70/742 872/26/742 869/25/742
f 861/36/743 860/35/743 870/6/743 871/5/743
f 894/38/744 898/1/744 870/4/744 860/39/744
f 885/46/745 889/53/745 880/56/745 867/47/745
f 884/71/746 890/41/746 879/44/746 864/72/746
f 892/73/747 899/37/747 878/40/747 853/74/747
f 854/75/748 853/76/748 878/34/748 875/33/748
f 859/28/749 862/27/749 876/22/749 877/21/749
f 893/30/750 900/13/750 875/16/750 861/31/750
f 851/77/751 876/78/751 890/41/751 884/71/751
f 859/79/752 877/80/752 889/53/752 885/46/752
f 856/81/753 869/82/753 888/45/753 883/65/753
f 862/83/754 872/84/754 887/61/754 886/42/754
f 872/84/755 855/85/755 881/62/755 887/61/755
f 877/80/756 852/86/756 882/54/756 889/53/756
f 852/87/729 851/88/729 884/50/729 882/49/729
f 869/82/757 859/79/757 885/46/757 888/45/757
f 876/78/758 862/83/758 886/42/758 890/41/758
f 863/60/727 865/59/727 881/10/727 883/9/727
f 867/47/759 880/56/759 900/13/759 893/30/759
f 864/72/760 879/44/760 899/37/760 892/73/760
f 868/43/761 874/64/761 898/1/761 894/38/761
f 863/66/762 873/48/762 897/29/762 891/67/762
f 858/89/727 857/90/727 895/58/727 891/57/727
f 879/44/763 868/43/763 894/38/763 899/37/763
f 873/48/764 867/47/764 893/30/764 897/29/764
f 866/52/729 864/51/729 892/18/729 896/17/729
f 880/56/765 866/55/765 896/14/765 900/13/765
f 874/64/766 865/63/766 895/2/766 898/1/766
f 948/1/767 945/2/767 907/3/767 920/4/767
f 921/5/768 920/6/768 907/7/768 908/8/768
f 933/9/769 931/10/769 905/11/769 906/12/769
f 950/13/770 946/14/770 904/15/770 925/16/770
f 946/17/771 942/18/771 903/19/771 904/20/771
f 927/21/772 926/22/772 901/23/772 902/24/772
f 919/25/773 922/26/773 912/27/773 909/28/773
f 947/29/774 943/30/774 911/31/774 921/32/774
f 925/33/775 928/34/775 910/35/775 911/36/775
f 949/37/776 944/38/776 910/39/776 928/40/776
f 940/41/777 936/42/777 918/43/777 929/44/777
f 938/45/778 935/46/778 917/47/778 923/48/778
f 932/49/779 934/50/779 914/51/779 916/52/779
f 939/53/780 932/54/780 916/55/780 930/56/780
f 941/57/769 945/58/769 915/59/769 913/60/769
f 937/61/781 931/62/781 915/63/781 924/64/781
f 936/42/782 937/61/782 924/64/782 918/43/782
f 933/65/783 938/45/783 923/48/783 913/66/783
f 941/67/784 947/29/784 921/32/784 908/68/784
f 906/69/785 905/70/785 922/26/785 919/25/785
f 911/36/786 910/35/786 920/6/786 921/5/786
f 944/38/787 948/1/787 920/4/787 910/39/787
f 935/46/788 939/53/788 930/56/788 917/47/788
f 934/71/789 940/41/789 929/44/789 914/72/789
f 942/73/790 949/37/790 928/40/790 903/74/790
f 904/75/791 903/76/791 928/34/791 925/33/791
f 909/28/792 912/27/792 926/22/792 927/21/792
f 943/30/793 950/13/793 925/16/793 911/31/793
f 901/77/794 926/78/794 940/41/794 934/71/794
f 909/79/795 927/80/795 939/53/795 935/46/795
f 906/81/796 919/82/796 938/45/796 933/65/796
f 912/83/797 922/84/797 937/61/797 936/42/797
f 922/84/798 905/85/798 931/62/798 937/61/798
f 927/80/799 902/86/799 932/54/799 939/53/799
f 902/87/771 901/88/771 934/50/771 932/49/771
f 919/82/800 909/79/800 935/46/800 938/45/800
f 926/78/801 912/83/801 936/42/801 940/41/801
f 913/60/769 915/59/769 931/10/769 933/9/769
f 917/47/802 930/56/802 950/13/802 943/30/802
f 914/72/803 929/44/803 949/37/803 942/73/803
f 918/43/804 924/64/804 948/1/804 944/38/804
f 913/66/805 923/48/805 947/29/805 941/67/805
f 908/89/769 907/90/769 945/58/769 941/57/769
f 929/44/806 918/43/806 944/38/806 949/37/806
f 923/48/807 917/47/807 943/30/807 947/29/807
f 916/52/771 914/51/771 942/18/771 946/17/771
f 930/56/808 916/55/808 946/14/808 950/13/808
f 924/64/809 915/63/809 945/2/809 948/1/809
f 998/1/810 995/2/810 957/3/810 970/4/810
f 971/5/811 970/6/811 957/7/811 958/8/811
f 983/9/812 981/10/812 955/11/812 956/12/812
f 1000/13/813 996/14/813 954/15/813 975/16/813
f 996/17/814 992/18/814 953/19/814 954/20/814
f 977/21/815 976/22/815 951/23/815 952/24/815
f 969/25/816 972/26/816 962/27/816 959/28/816
f 997/29/817 993/30/817 961/31/817 971/32/817
f 975/33/818 978/34/818 960/35/818 961/36/818
f 999/37/819 994/38/819 960/39/819 978/40/819
f 990/41/820 986/42/820 968/43/820 979/44/820
f 988/45/821 985/46/821 967/47/821 973/48/821
f 982/49/814 984/50/814 964/51/814 966/52/814
f 989/53/822 982/54/822 966/55/822 980/56/822
f 991/57/823 995/58/823 965/59/823 963/60/823
f 987/61/824 981/62/824 965/63/824 974/64/824
f 986/42/825 987/61/825 974/64/825 968/43/825
f 983/65/826 988/45/826 973/48/826 963/66/826
f 991/67/827 997/29/827 971/32/827 958/68/827
f 956/69/828 955/70/828 972/26/828 969/25/828
f 961/36/829 960/35/829 970/6/829 971/5/829
f 994/38/830 998/1/830 970/4/830 960/39/830
f 985/46/831 989/53/831 980/56/831 967/47/831
f 984/71/832 990/41/832 979/44/832 964/72/832
f 992/73/833 999/37/833 978/40/833 953/74/833
f 954/75/834 953/76/834 978/34/834 975/33/834
f 959/28/835 962/27/835 976/22/835 977/21/835
f 993/30/836 1000/13/836 975/16/836 961/31/836
f 951/77/837 976/78/837 990/41/837 984/71/837
f 959/79/838 977/80/838 989/53/838 985/46/838
f 956/81/839 969/82/839 988/45/839 983/65/839
f 962/83/840 972/84/840 987/61/840 986/42/840
f 972/84/841 955/85/841 981/62/841 987/61/841
f 977/80/842 952/86/842 982/54/842 989/53/842
f 952/87/814 951/88/814 984/50/814 982/49/814
f 969/82/843 959/79/843 985/46/843 988/45/843
f 976/78/844 962/83/844 986/42/844 990/41/844
f 963/60/823 965/59/823 981/10/823 983/9/823
f 967/47/845 980/56/845 1000/13/845 993/30/845
f 964/72/846 979/44/846 999/37/846 992/73/846
f 968/43/847 974/64/847 998/1/847 994/38/847
f 963/66/848 973/48/848 997/29/848 991/67/848
f 958/89/823 957/90/823 995/58/823 991/57/823
f 979/44/849 968/43/849 994/38/849 999/37/849
f 973/48/850 967/47/850 993/30/850 997/29/850
f 966/52/814 964/51/814 992/18/814 996/17/814
f 980/56/851 966/55/851 996/14/851 1000/13/851
f 974/64/852 965/63/852 995/2/852 998/1/852
f 1048/1/853 1045/2/853 1007/3/853 1020/4/853
f 1021/5/854 1020/6/854 1007/7/854 1008/8/854
f 1033/9/855 1031/10/855 1005/11/855 1006/12/855
f 1050/13/856 1046/14/856 1004/15/856 1025/16/856
f 1046/17/857 1042/18/857 1003/19/857 1004/20/857
f 1027/21/858 1026/22/858 1001/23/858 1002/24/858
f 1019/25/859 1022/26/859 1012/27/859 1009/28/859
f 1047/29/860 1043/30/860 1011/31/860 1021/32/860
f 1025/33/861 1028/34/861 1010/35/861 1011/36/861
f 1049/37/862 1044/38/862 1010/39/862 1028/40/862
f 1040/41/863 1036/42/863 1018/43/863 1029/44/863
f 1038/45/864 1035/46/864 1017/47/864 1023/48/864
f 1032/49/865 1034/50/865 1014/51/865 1016/52/865
f 1039/53/866 1032/54/866 1016/55/866 1030/56/866
f 1041/57/855 1045/58/855 1015/59/855 1013/60/855
f 1037/61/867 1031/62/867 1015/63/867 1024/64/867
f 1036/42/868 1037/61/868 1024/64/868 1018/43/868
f 1033/65/869 1038/45/869 1023/48/869 1013/66/869
f 1041/67/870 1047/29/870 1021/32/870 1008/68/870
f 1006/69/871 1005/70/871 1022/26/871 1019/25/871
f 1011/36/872 1010/35/872 1020/6/872 1021/5/872
f 1044/38/873 1048/1/873 1020/4/873 1010/39/873
f 1035/46/874 1039/53/874 1030/56/874 1017/47/874
f 1034/71/875 1040/41/875 1029/44/875 1014/72/875
f 1042/73/876 1049/37/876 1028/40/876 1003/74/876
f 1004/75/877 1003/76/877 1028/34/877 1025/33/877
f 1009/28/878 1012/27/878 1026/22/878 1027/21/878
f 1043/30/879 1050/13/879 1025/16/879 1011/31/879
f 1001/77/880 1026/78/880 1040/41/880 1034/71/880
f 1009/79/881 1027/80/881 1039/53/881 1035/46/881
f 1006/81/882 1019/82/882 1038/45/882 1033/65/882
f 1012/83/883 1022/84/883 1037/61/883 1036/42/883
f 1022/84/884 1005/85/884 1031/62/884 1037/61/884
f 1027/80/885 1002/86/885 1032/54/885 1039/53/885
f 1002/87/865 1001/88/865 1034/50/865 1032/49/865
f 1019/82/886 1009/79/886 1035/46/886 1038/45/886
f 1026/78/887 1012/83/887 1036/42/887 1040/41/887
f 1013/60/855 1015/59/855 1031/10/855 1033/9/855
f 1017/47/888 1030/56/888 1050/13/888 1043/30/888
f 1014/72/889 1029/44/889 1049/37/889 1042/73/889
f 1018/43/890 1024/64/890 1048/1/890 1044/38/890
f 1013/66/891 1023/48/891 1047/29/891 1041/67/891
f 1008/89/855 1007/90/855 1045/58/855 1041/57/855
f 1029/44/892 1018/43/892 1044/38/892 1049/37/892
f 1023/48/893 1017/47/893 1043/30/893 1047/29/893
f 1016/52/865 1014/51/865 1042/18/865 1046/17/865
f 1030/56/894 1016/55/894 1046/14/894 1050/13/894
f 1024/64/895 1015/63/895 1045/2/895 1048/1/895
f 1098/1/896 1095/2/896 1057/3/896 1070/4/896
f 1071/5/897 1070/6/897 1057/7/897 1058/8/897
f 1083/9/898 1081/10/898 1055/11/898 1056/12/898
f 1100/13/899 1096/14/899 1054/15/899 1075/16/899
f 1096/17/900 1092/18/900 1053/19/900 1054/20/900
f 1077/21/901 1076/22/901 1051/23/901 1052/24/901
f 1069/25/902 1072/26/902 1062/27/902 1059/28/902
f 1097/29/903 1093/30/903 1061/31/903 1071/32/903
f 1075/33/904 1078/34/904 1060/35/904 1061/36/904
f 1099/37/905 1094/38/905 1060/39/905 1078/40/905
f 1090/41/906 1086/42/906 1068/43/906 1079/44/906
f 1088/45/907 1085/46/907 1067/47/907 1073/48/907
f 1082/49/900 1084/50/900 1064/51/900 1066/52/900
f 1089/53/908 1082/54/908 1066/55/908 1080/56/908
f 1091/57/898 1095/58/898 1065/59/898 1063/60/898
f 1087/61/909 1081/62/909 1065/63/909 1074/64/909
f 1086/42/910 1087/61/910 1074/64/910 1068/43/910
f 1083/65/911 1088/45/911 1073/48/911 1063/66/911
f 1091/67/912 1097/29/912 1071/32/912 1058/68/912
f 1056/69/913 1055/70/913 1072/26/913 1069/25/913
f 1061/36/914 1060/35/914 1070/6/914 1071/5/914
f 1094/38/915 1098/1/915 1070/4/915 1060/39/915
f 1085/46/916 1089/53/916 1080/56/916 1067/47/916
f 1084/71/917 1090/41/917 1079/44/917 1064/72/917
f 1092/73/918 1099/37/918 1078/40/918 1053/74/918
f 1054/75/919 1053/76/919 1078/34/919 1075/33/919
f 1059/28/920 1062/27/920 1076/22/920 1077/21/920
f 1093/30/921 1100/13/921 1075/16/921 1061/31/921
f 1051/77/922 1076/78/922 1090/41/922 1084/71/922
f 1059/79/923 1077/80/923 1089/53/923 1085/46/923
f 1056/81/924 1069/82/924 1088/45/924 1083/65/924
f 1062/83/925 1072/84/925 1087/61/925 1086/42/925
f 1072/84/926 1055/85/926 1081/62/926 1087/61/926
f 1077/80/927 1052/86/927 1082/54/927 1089/53/927
f 1052/87/900 1051/88/900 1084/50/900 1082/49/900
f 1069/82/928 1059/79/928 1085/46/928 1088/45/928
f 1076/78/929 1062/83/929 1086/42/929 1090/41/929
f 1063/60/898 1065/59/898 1081/10/898 1083/9/898
f 1067/47/930 1080/56/930 1100/13/930 1093/30/930
f 1064/72/931 1079/44/931 1099/37/931 1092/73/931
f 1068/43/932 1074/64/932 1098/1/932 1094/38/932
f 1063/66/933 1073/48/933 1097/29/933 1091/67/933
f 1058/89/898 1057/90/898 1095/58/898 1091/57/898
f 1079/44/934 1068/43/934 1094/38/934 1099/37/934
f 1073/48/935 1067/47/935 1093/30/935 1097/29/935
f 1066/52/900 1064/51/900 1092/18/900 1096/17/900
f 1080/56/936 1066/55/936 1096/14/936 1100/13/936
f 1074/64/937 1065/63/937 1095/2/937 1098/1/937
f 1148/1/938 1145/2/938 1107/3/938 1120/4/938
f 1121/5/939 1120/6/939 1107/7/939 1108/8/939
f 1133/9/940 1131/10/940 1105/11/940 1106/12/940
f 1150/13/941 1146/14/941 1104/15/941 1125/16/941
f 1146/17/942 1142/18/942 1103/19/942 1104/20/942
f 1127/21/943 1126/22/943 1101/23/943 1102/24/943
f 1119/25/944 1122/26/944 1112/27/944 1109/28/944
f 1147/29/945 1143/30/945 1111/31/945 1121/32/945
f 1125/33/946 1128/34/946 1110/35/946 1111/36/946
f 1149/37/947 1144/38/947 1110/39/947 1128/40/947
f 1140/41/948 1136/42/948 1118/43/948 1129/44/948
f 1138/45/949 1135/46/949 1117/47/949 1123/48/949
f 1132/49/942 1134/50/942 1114/51/942 1116/52/942
f 1139/53/950 1132/54/950 1116/55/950 1130/56/950
f 1141/57/940 1145/58/940 1115/59/940 1113/60/940
f 1137/61/951 1131/62/951 1115/63/951 1124/64/951
f 1136/42/952 1137/61/952 1124/64/952 1118/43/952
f 1133/65/953 1138/45/953 1123/48/953 1113/66/953
f 1141/67/954 1147/29/954 1121/32/954 1108/68/954
f 1106/69/955 1105/70/955 1122/26/955 1119/25/955
f 1111/36/956 1110/35/956 1120/6/956 1121/5/956
f 1144/38/957 1148/1/957 1120/4/957 1110/39/957
f 1135/46/958 1139/53/958 1130/56/958 1117/47/958
f 1134/71/959 1140/41/959 1129/44/959 1114/72/959
f 1142/73/960 1149/37/960 1128/40/960 1103/74/960
f 1104/75/961 1103/76/961 1128/34/961 1125/33/961
f 1109/28/962 1112/27/962 1126/22/962 1127/21/962
f 1143/30/963 1150/13/963 1125/16/963 1111/31/963
f 1101/77/964 1126/78/964 1140/41/964 1134/71/964
f 1109/79/965 1127/80/965 1139/53/965 1135/46/965
f 1106/81/966 1119/82/966 1138/45/966 1133/65/966
f 1112/83/967 1122/84/967 1137/61/967 1136/42/967
f 1122/84/968 1105/85/968 1131/62/968 1137/61/968
f 1127/80/969 1102/86/969 1132/54/969 1139/53/969
f 1102/87/942 1101/88/942 1134/50/942 1132/49/942
f 1119/82/970 1109/79/970 1135/46/970 1138/45/970
f 1126/78/971 1112/83/971 1136/42/971 1140/41/971
f 1113/60/940 1115/59/940 1131/10/940 1133/9/940
f 1117/47/972 1130/56/972 1150/13/972 1143/30/972
f 1114/72/973 1129/44/973 1149/37/973 1142/73/973
f 1118/43/974 1124/64/974 1148/1/974 1144/38/974
f 1113/66/975 1123/48/975 1147/29/975 1141/67/975
f 1108/89/940 1107/90/940 1145/58/940 1141/57/940
f 1129/44/976 1118/43/976 1144/38/976 1149/37/976
f 1123/48/977 1117/47/977 1143/30/977 1147/29/977
f 1116/52/942 1114/51/942 1142/18/942 1146/17/942
f 1130/56/978 1116/55/978 1146/14/978 1150/13/978
f 1124/64/979 1115/63/979 1145/2/979 1148/1/979
f 1198/1/980 1195/2/980 1157/3/980 1170/4/980
f 1171/5/981 1170/6/981 1157/7/981 1158/8/981
f 1183/9/982 1181/10/982 1155/11/982 1156/12/982
f 1200/13/983 1196/14/983 1154/15/983 1175/16/983
f 1196/17/984 1192/18/984 1153/19/984 1154/20/984
f 1177/21/985 1176/22/985 1151/23/985 1152/24/985
f 1169/25/986 1172/26/986 1162/27/986 1159/28/986
f 1197/29/987 1193/30/987 1161/31/987 1171/32/987
f 1175/33/988 1178/34/988 1160/35/988 1161/36/988
f 1199/37/989 1194/38/989 1160/39/989 1178/40/989
f 1190/41/990 1186/42/990 1168/43/990 1179/44/990
f 1188/45/991 1185/46/991 1167/47/991 1173/48/991
f 1182/49/984 1184/50/984 1164/51/984 1166/52/984
f 1189/53/992 1182/54/992 1166/55/992 1180/56/992
f 1191/57/982 1195/58/982 1165/59/982 1163/60/982
f 1187/61/993 1181/62/993 1165/63/993 1174/64/993
f 1186/42/994 1187/61/994 1174/64/994 1168/43/994
f 1183/65/995 1188/45/995 1173/48/995 1163/66/995
f 1191/67/996 1197/29/996 1171/32/996 1158/68/996
f 1156/69/997 1155/70/997 1172/26/997 1169/25/997
f 1161/36/998 1160/35/998 1170/6/998 1171/5/998
f 1194/38/999 1198/1/999 1170/4/999 1160/39/999
f 1185/46/1000 1189/53/1000 1180/56/1000 1167/47/1000
f 1184/71/1001 1190/41/1001 1179/44/1001 1164/72/1001
f 1192/73/1002 1199/37/1002 1178/40/1002 1153/74/1002
f 1154/75/1003 1153/76/1003 1178/34/1003 1175/33/1003
f 1159/28/1004 1162/27/1004 1176/22/1004 1177/21/1004
f 1193/30/1005 1200/13/1005 1175/16/1005 1161/31/1005
f 1151/77/1006 1176/78/1006 1190/41/1006 1184/71/1006
f 1159/79/1007 1177/80/1007 1189/53/1007 1185/46/1007
f 1156/81/1008 1169/82/1008 1188/45/1008 1183/65/1008
f 1162/83/1009 1172/84/1009 1187/61/1009 1186/42/1009
f 1172/84/1010 1155/85/1010 1181/62/1010 1187/61/1010
f 1177/80/1011 1152/86/1011 1182/54/1011 1189/53/1011
f 1152/87/984 1151/88/984 1184/50/984 1182/49/984
f 1169/82/1012 1159/79/1012 1185/46/1012 1188/45/1012
f 1176/78/1013 1162/83/1013 1186/42/1013 1190/41/1013
f 1163/60/982 1165/59/982 1181/10/982 1183/9/982
f 1167/47/1014 1180/56/1014 1200/13/1014 1193/30/1014
f 1164/72/1015 1179/44/1015 1199/37/1015 1192/73/1015
f 1168/43/1016 1174/64/1016 1198/1/1016 1194/38/1016
f 1163/66/1017 1173/48/1017 1197/29/1017 1191/67/1017
f 1158/89/982 1157/90/982 1195/58/982 1191/57/982
f 1179/44/1018 1168/43/1018 1194/38/1018 1199/37/1018
f 1173/48/1019 1167/47/1019 1193/30/1019 1197/29/1019
f 1166/52/984 1164/51/984 1192/18/984 1196/17/984
f 1180/56/1020 1166/55/1020 1196/14/1020 1200/13/1020
f 1174/64/1021 1165/63/1021 1195/2/1021 1198/1/1021
f 1248/1/1022 1245/2/1022 1207/3/1022 1220/4/1022
f 1221/5/1023 1220/6/1023 1207/7/1023 1208/8/1023
f 1233/9/1024 1231/10/1024 1205/11/1024 1206/12/1024
f 1250/13/1025 1246/14/1025 1204/15/1025 1225/16/1025
f 1246/17/1026 1242/18/1026 1203/19/1026 1204/20/1026
f 1227/21/1027 1226/22/1027 1201/23/1027 1202/24/1027
f 1219/25/1028 1222/26/1028 1212/27/1028 1209/28/1028
f 1247/29/1029 1243/30/1029 1211/31/1029 1221/32/1029
f 1225/33/1030 1228/34/1030 1210/35/1030 1211/36/1030
f 1249/37/1031 1244/38/1031 1210/39/1031 1228/40/1031
f 1240/41/1032 1236/42/1032 1218/43/1032 1229/44/1032
f 1238/45/1033 1235/46/1033 1217/47/1033 1223/48/1033
f 1232/49/1026 1234/50/1026 1214/51/1026 1216/52/1026
f 1239/53/1034 1232/54/1034 1216/55/1034 1230/56/1034
f 1241/57/1024 1245/58/1024 1215/59/1024 1213/60/1024
f 1237/61/1035 1231/62/1035 1215/63/1035 1224/64/1035
f 1236/42/1036 1237/61/1036 1224/64/1036 1218/43/1036
f 1233/65/1037 1238/45/1037 1223/48/1037 1213/66/1037
f 1241/67/1038 1247/29/1038 1221/32/1038 1208/68/1038
f 1206/69/1039 1205/70/1039 1222/26/1039 1219/25/1039
f 1211/36/1040 1210/35/1040 1220/6/1040 1221/5/1040
f 1244/38/1041 1248/1/1041 1220/4/1041 1210/39/1041
f 1235/46/1042 1239/53/1042 1230/56/1042 1217/47/1042
f 1234/71/1043 1240/41/1043 1229/44/1043 1214/72/1043
f 1242/73/1044 1249/37/1044 1228/40/1044 1203/74/1044
f 1204/75/1045 1203/76/1045 1228/34/1045 1225/33/1045
f 1209/28/1046 1212/27/1046 1226/22/1046 1227/21/1046
f 1243/30/1047 1250/13/1047 1225/16/1047 1211/31/1047
f 1201/77/1048 1226/78/1048 1240/41/1048 1234/71/1048
f 1209/79/1049 1227/80/1049 1239/53/1049 1235/46/1049
f 1206/81/1050 1219/82/1050 1238/45/1050 1233/65/1050
f 1212/83/1051 1222/84/1051 1237/61/1051 1236/42/1051
f 1222/84/1052 1205/85/1052 1231/62/1052 1237/61/1052
f 1227/80/1053 1202/86/1053 1232/54/1053 1239/53/1053
f 1202/87/1026 1201/88/1026 1234/50/1026 1232/49/1026
f 1219/82/1054 1209/79/1054 1235/46/1054 1238/45/1054
f 1226/78/1055 1212/83/1055 1236/42/1055 1240/41/1055
f 1213/60/1024 1215/59/1024 1231/10/1024 1233/9/1024
f 1217/47/1056 1230/56/1056 1250/13/1056 1243/30/1056
f 1214/72/1057 1229/44/1057 1249/37/1057 1242/73/1057
f 1218/43/1058 1224/64/1058 1248/1/1058 1244/38/1058
f 1213/66/1059 1223/48/1059 1247/29/1059 1241/67/1059
f 1208/89/1024 1207/90/1024 1245/58/1024 1241/57/1024
f 1229/44/1060 1218/43/1060 1244/38/1060 1249/37/1060
f 1223/48/1061 1217/47/1061 1243/30/1061 1247/29/1061
f 1216/52/1026 1214/51/1026 1242/18/1026 1246/17/1026
f 1230/56/1062 1216/55/1062 1246/14/1062 1250/13/1062
f 1224/64/1063 1215/63/1063 1245/2/1063 1248/1/1063
f 1298/1/1064 1295/2/1064 1257/3/1064 1270/4/1064
f 1271/5/1065 1270/6/1065 1257/7/1065 1258/8/1065
f 1283/9/1066 1281/10/1066 1255/11/1066 1256/12/1066
f 1300/13/1067 1296/14/1067 1254/15/1067 1275/16/1067
f 1296/17/1068 1292/18/1068 1253/19/1068 1254/20/1068
f 1277/21/1069 1276/22/1069 1251/23/1069 1252/24/1069
f 1269/25/1070 1272/26/1070 1262/27/1070 1259/28/1070
f 1297/29/1071 1293/30/1071 1261/31/1071 1271/32/1071
f 1275/33/1072 1278/34/1072 1260/35/1072 1261/36/1072
f 1299/37/1073 1294/38/1073 1260/39/1073 1278/40/1073
f 1290/41/1074 1286/42/1074 1268/43/1074 1279/44/1074
f 1288/45/1075 1285/46/1075 1267/47/1075 1273/48/1075
f 1282/49/1068 1284/50/1068 1264/51/1068 1266/52/1068
f 1289/53/1076 1282/54/1076 1266/55/1076 1280/56/1076
f 1291/57/1066 1295/58/1066 1265/59/1066 1263/60/1066
f 1287/61/1077 1281/62/1077 1265/63/1077 1274/64/1077
f 1286/42/1078 1287/61/1078 1274/64/1078 1268/43/1078
f 1283/65/1079 1288/45/1079 1273/48/1079 1263/66/1079
f 1291/67/1080 1297/29/1080 1271/32/1080 1258/68/1080
f 1256/69/1081 1255/70/1081 1272/26/1081 1269/25/1081
f 1261/36/1082 1260/35/1082 1270/6/1082 1271/5/1082
f 1294/38/1083 1298/1/1083 1270/4/1083 1260/39/1083
f 1285/46/1084 1289/53/1084 1280/56/1084 1267/47/1084
f 1284/71/1085 1290/41/1085 1279/44/1085 1264/72/1085
f 1292/73/1086 1299/37/1086 1278/40/1086 1253/74/1086
f 1254/75/1087 1253/76/1087 1278/34/1087 1275/33/1087
f 1259/28/1088 1262/27/1088 1276/22/1088 1277/21/1088
f 1293/30/1089 1300/13/1089 1275/16/1089 1261/31/1089
f 1251/77/1090 1276/78/1090 1290/41/1090 1284/71/1090
f 1259/79/1091 1277/80/1091 1289/53/1091 1285/46/1091
f 1256/81/1092 1269/82/1092 1288/45/1092 1283/65/1092
f 1262/83/1093 1272/84/1093 1287/61/1093 1286/42/1093
f 1272/84/1094 1255/85/1094 1281/62/1094 1287/61/1094
f 1277/80/1095 1252/86/1095 1282/54/1095 1289/53/1095
f 1252/87/1068 1251/88/1068 1284/50/1068 1282/49/1068
f 1269/82/1096 1259/79/1096 1285/46/1096 1288/45/1096
f 1276/78/1097 1262/83/1097 1286/42/1097 1290/41/1097
f 1263/60/1066 1265/59/1066 1281/10/1066 1283/9/1066
f 1267/47/1098 1280/56/1098 1300/13/1098 1293/30/1098
f 1264/72/1099 1279/44/1099 1299/37/1099 1292/73/1099
f 1268/43/1100 1274/64/1100 1298/1/1100 1294/38/1100
f 1263/66/1101 1273/48/1101 1297/29/1101 1291/67/1101
f 1258/89/1066 1257/90/1066 1295/58/1066 1291/57/1066
f 1279/44/1102 1268/43/1102 1294/38/1102 1299/37/1102
f 1273/48/1103 1267/47/1103 1293/30/1103 1297/29/1103
f 1266/52/1068 1264/51/1068 1292/18/1068 1296/17/1068
f 1280/56/1104 1266/55/1104 1296/14/1104 1300/13/1104
f 1274/64/1105 1265/63/1105 1295/2/1105 1298/1/1105
f 1348/1/1106 1345/2/1106 1307/3/1106 1320/4/1106
f 1321/5/1107 1320/6/1107 1307/7/1107 1308/8/1107
f 1333/9/1108 1331/10/1108 1305/11/1108 1306/12/1108
f 1350/13/1109 1346/14/1109 1304/15/1109 1325/16/1109
f 1346/17/1110 1342/18/1110 1303/19/1110 1304/20/1110
f 1327/21/1111 1326/22/1111 1301/23/1111 1302/24/1111
f 1319/25/1112 1322/26/1112 1312/27/1112 1309/28/1112
f 1347/29/1113 1343/30/1113 1311/31/1113 1321/32/1113
f 1325/33/1114 1328/34/1114 1310/35/1114 1311/36/1114
f 1349/37/1115 1344/38/1115 1310/39/1115 1328/40/1115
f 1340/41/1116 1336/42/1116 1318/43/1116 1329/44/1116
f 1338/45/1117 1335/46/1117 1317/47/1117 1323/48/1117
f 1332/49/1118 1334/50/1118 1314/51/1118 1316/52/1118
f 1339/53/1119 1332/54/1119 1316/55/1119 1330/56/1119
f 1341/57/1108 1345/58/1108 1315/59/1108 1313/60/1108
f 1337/61/1120 1331/62/1120 1315/63/1120 1324/64/1120
f 1336/42/1121 1337/61/1121 1324/64/1121 1318/43/1121
f 1333/65/1122 1338/45/1122 1323/48/1122 1313/66/1122
f 1341/67/1123 1347/29/1123 1321/32/1123 1308/68/1123
f 1306/69/1124 1305/70/1124 1322/26/1124 1319/25/1124
f 1311/36/1125 1310/35/1125 1320/6/1125 1321/5/1125
f 1344/38/1126 1348/1/1126 1320/4/1126 1310/39/1126
f 1335/46/1127 1339/53/1127 1330/56/1127 1317/47/1127
f 1334/71/1128 1340/41/1128 1329/44/1128 1314/72/1128
f 1342/73/1129 1349/37/1129 1328/40/1129 1303/74/1129
f 1304/75/1130 1303/76/1130 1328/34/1130 1325/33/1130
f 1309/28/1131 1312/27/1131 1326/22/1131 1327/21/1131
f 1343/30/1132 1350/13/1132 1325/16/1132 1311/31/1132
f 1301/77/1133 1326/78/1133 1340/41/1133 1334/71/1133
f 1309/79/1134 1327/80/1134 1339/53/1134 1335/46/1134
f 1306/81/1135 1319/82/1135 1338/45/1135 1333/65/1135
f 1312/83/1136 1322/84/1136 1337/61/1136 1336/42/1136
f 1322/84/1137 1305/85/1137 1331/62/1137 1337/61/1137
f 1327/80/1138 1302/86/1138 1332/54/1138 1339/53/1138
f 1302/87/1118 1301/88/1118 1334/50/1118 1332/49/1118
f 1319/82/1139 1309/79/1139 1335/46/1139 1338/45/1139
f 1326/78/1140 1312/83/1140 1336/42/1140 1340/41/1140
f 1313/60/1108 1315/59/1108 1331/10/1108 1333/9/1108
f 1317/47/1141 1330/56/1141 1350/13/1141 1343/30/1141
f 1314/72/1142 1329/44/1142 1349/37/1142 1342/73/1142
f 1318/43/1143 1324/64/1143 1348/1/1143 1344/38/1143
f 1313/66/1144 1323/48/1144 1347/29/1144 1341/67/1144
f 1308/89/1108 1307/90/1108 1345/58/1108 1341/57/1108
f 1329/44/1145 1318/43/1145 1344/38/1145 1349/37/1145
f 1323/48/1146 1317/47/1146 1343/30/1146 1347/29/1146
f 1316/52/1118 1314/51/1118 1342/18/1118 1346/17/1118
f 1330/56/1147 1316/55/1147 1346/14/1147 1350/13/1147
f 1324/64/1148 1315/63/1148 1345/2/1148 1348/1/1148
f 1398/1/1149 1395/2/1149 1357/3/1149 1370/4/1149
f 1371/5/1150 1370/6/1150 1357/7/1150 1358/8/1150
f 1383/9/1151 1381/10/1151 1355/11/1151 1356/12/1151
f 1400/13/1152 1396/14/1152 1354/15/1152 1375/16/1152
f 1396/17/1153 1392/18/1153 1353/19/1153 1354/20/1153
f 1377/21/1154 1376/22/1154 1351/23/1154 1352/24/1154
f 1369/25/1155 1372/26/1155 1362/27/1155 1359/28/1155
f 1397/29/1156 1393/30/1156 1361/31/1156 1371/32/1156
f 1375/33/1157 1378/34/1157 1360/35/1157 1361/36/1157
f 1399/37/1158 1394/38/1158 1360/39/1158 1378/40/1158
f 1390/41/1159 1386/42/1159 1368/43/1159 1379/44/1159
f 1388/45/1160 1385/46/1160 1367/47/1160 1373/48/1160
f 1382/49/1153 1384/50/1153 1364/51/1153 1366/52/1153
f 1389/53/1161 1382/54/1161 1366/55/1161 1380/56/1161
f 1391/57/1151 1395/58/1151 1365/59/1151 1363/60/1151
f 1387/61/1162 1381/62/1162 1365/63/1162 1374/64/1162
f 1386/42/1163 1387/61/1163 1374/64/1163 1368/43/1163
f 1383/65/1164 1388/45/1164 1373/48/1164 1363/66/1164
f 1391/67/1165 1397/29/1165 1371/32/1165 1358/68/1165
f 1356/69/1166 1355/70/1166 1372/26/1166 1369/25/1166
f 1361/36/1167 1360/35/1167 1370/6/1167 1371/5/1167
f 1394/38/1168 1398/1/1168 1370/4/1168 1360/39/1168
f 1385/46/1169 1389/53/1169 1380/56/1169 1367/47/1169
f 1384/71/1170 1390/41/1170 1379/44/1170 1364/72/1170
f 1392/73/1171 1399/37/1171 1378/40/1171 1353/74/1171
f 1354/75/1172 1353/76/1172 1378/34/1172 1375/33/1172
f 1359/28/1173 1362/27/1173 1376/22/1173 1377/21/1173
f 1393/30/1174 1400/13/1174 1375/16/1174 1361/31/1174
f 1351/77/1175 1376/78/1175 1390/41/1175 1384/71/1175
f 1359/79/1176 1377/80/1176 1389/53/1176 1385/46/1176
f 1356/81/1177 1369/82/1177 1388/45/1177 1383/65/1177
f 1362/83/1178 1372/84/1178 1387/61/1178 1386/42/1178
f 1372/84/1179 1355/85/1179 1381/62/1179 1387/61/1179
f 1377/80/1180 1352/86/1180 1382/54/1180 1389/53/1180
f 1352/87/1153 1351/88/1153 1384/50/1153 1382/49/1153
f 1369/82/1181 1359/79/1181 1385/46/1181 1388/45/1181
f 1376/78/1182 1362/83/1182 1386/42/1182 1390/41/1182
f 1363/60/1151 1365/59/1151 1381/10/1151 1383/9/1151
f 1367/47/1183 1380/56/1183 1400/13/1183 1393/30/1183
f 1364/72/1184 1379/44/1184 1399/37/1184 1392/73/1184
f 1368/43/1185 1374/64/1185 1398/1/1185 1394/38/1185
f 1363/66/1186 1373/48/1186 1397/29/1186 1391/67/1186
f 1358/89/1151 1357/90/1151 1395/58/1151 1391/57/1151
f 1379/44/1187 1368/43/1187 1394/38/1187 1399/37/1187
f 1373/48/1188 1367/47/1188 1393/30/1188 1397/29/1188
f 1366/52/1153 1364/51/1153 1392/18/1153 1396/17/1153
f 1380/56/1189 1366/55/1189 1396/14/1189 1400/13/1189
f 1374/64/1190 1365/63/1190 1395/2/1190 1398/1/1190
o BézierCircle
v 8.899042 0.000000 123.853958
v 8.895828 0.000000 128.722137
v 8.897027 0.000000 133.605362
v 8.997741 0.000000 138.418259
v 9.293076 0.000000 143.075424
v 9.878134 0.000000 147.491470
v 10.848021 0.000000 151.581009
v 12.297839 0.000000 155.258652
v 14.322696 0.000000 158.439011
v 17.017693 0.000000 161.036682
v 20.477934 0.000000 162.966278
v 24.798523 0.000000 164.142426
v 30.074564 0.000000 164.479752
v 34.062355 0.000000 164.539383
v 37.916965 0.000000 164.816177
v 41.649048 0.000000 165.224335
v 45.269245 0.000000 165.678009
v 48.788208 0.000000 166.091385
v 52.216595 0.000000 166.378601
v 55.565044 0.000000 166.453857
v 58.844212 0.000000 166.231308
v 62.064747 0.000000 165.625137
v 65.237289 0.000000 164.549515
v 68.372505 0.000000 162.918594
v 71.481033 0.000000 160.646576
v 79.853149 0.000000 152.876022
v 87.127052 0.000000 144.680679
v 93.314926 0.000000 136.085556
v 98.428963 0.000000 127.115677
v 102.481331 0.000000 117.796021
v 105.484222 0.000000 108.151604
v 107.449829 0.000000 98.207420
v 108.390327 0.000000 87.988480
v 108.317902 0.000000 77.519783
v 107.244743 0.000000 66.826340
v 105.183037 0.000000 55.933151
v 102.144958 0.000000 44.865227
v 101.257088 -0.032322 42.964691
v 99.800049 -0.117536 40.900974
v 97.876808 -0.238011 38.728836
v 95.590317 -0.376116 36.503056
v 93.043533 -0.514221 34.278393
v 90.339409 -0.634696 32.109623
v 87.580887 -0.719910 30.051506
v 84.870941 -0.752232 28.158810
v 82.312523 -0.714033 26.486307
v 80.008568 -0.587681 25.088760
v 78.062057 -0.355547 24.020943
v 76.575928 0.000000 23.337612
v 70.445587 2.303747 21.155924
v 63.997379 5.013139 19.195986
v 57.284683 8.011839 17.422501
v 50.360874 11.183507 15.800169
v 43.279339 14.411805 14.293693
v 36.093464 17.580395 12.867771
v 28.856630 20.572941 11.487108
v 21.622217 23.273100 10.116403
v 14.443608 25.564541 8.720356
v 7.374185 27.330915 7.263671
v 0.467330 28.455894 5.711048
v -6.223581 28.823139 4.027187
v -13.105143 28.428177 1.978542
v -19.492123 27.417912 -0.341360
v -25.441599 25.889616 -2.946207
v -31.010653 23.940569 -5.849688
v -36.256355 21.668047 -9.065490
v -41.235790 19.169327 -12.607304
v -46.006031 16.541689 -16.488815
v -50.624149 13.882407 -20.723713
v -55.147236 11.288760 -25.325689
v -59.632351 8.858025 -30.308426
v -64.136589 6.687479 -35.685616
v -68.717026 4.874401 -41.470940
v -71.396912 4.162780 -45.497299
v -74.807724 3.548005 -51.640778
v -78.643044 3.017682 -59.575985
v -82.596428 2.559415 -68.977539
v -86.361465 2.160811 -79.520058
v -89.631729 1.809474 -90.878159
v -92.100784 1.493012 -102.726448
v -93.462219 1.199029 -114.739555
v -93.409599 0.915130 -126.592087
v -91.636505 0.628922 -137.958664
v -87.836510 0.328010 -148.513885
v -81.703178 0.000000 -157.932404
v -76.845016 -0.180783 -162.895554
v -71.530731 -0.298815 -166.923355
v -65.830162 -0.363060 -170.044922
v -59.813126 -0.382483 -172.289398
v -53.549442 -0.366048 -173.685883
v -47.108932 -0.322720 -174.263535
v -40.561413 -0.261463 -174.051453
v -33.976711 -0.191242 -173.078781
v -27.424646 -0.121020 -171.374649
v -20.975040 -0.059763 -168.968170
v -14.697713 -0.016435 -165.888474
v -8.662472 0.000000 -162.164658
v -4.479032 0.000000 -158.838943
v -1.138970 0.000000 -155.231247
v 1.462836 0.000000 -151.358246
v 3.431508 0.000000 -147.236557
v 4.872168 0.000000 -142.882858
v 5.889939 0.000000 -138.313797
v 6.589941 0.000000 -133.546036
v 7.077298 0.000000 -128.596222
v 7.457129 0.000000 -123.480995
v 7.834560 0.000000 -118.217026
v 8.314710 0.000000 -112.820961
v 9.002706 0.000000 -107.309448
v 10.342650 0.000000 -96.617729
v 11.304034 0.000000 -85.428299
v 11.919321 0.000000 -73.985893
v 12.220971 0.000000 -62.535236
v 12.241446 0.000000 -51.321056
v 12.013206 0.000000 -40.588074
v 11.568715 0.000000 -30.581020
v 10.940433 0.000000 -21.544611
v 10.160821 0.000000 -13.723579
v 9.262342 0.000000 -7.362647
v 8.277456 0.000000 -2.706539
v 7.238624 0.000000 0.000000
v 5.847654 0.000000 3.732449
v 4.998531 0.000000 9.483974
v 4.612119 0.000000 17.008236
v 4.609283 0.000000 26.058899
v 4.910887 0.000000 36.389622
v 5.437795 0.000000 47.754066
v 6.110872 0.000000 59.905895
v 6.850983 0.000000 72.598770
v 7.578990 0.000000 85.586357
v 8.215759 0.000000 98.622314
v 8.682156 0.000000 111.460297
l 1401 1402
l 1402 1403
l 1403 1404
l 1404 1405
l 1405 1406
l 1406 1407
l 1407 1408
l 1408 1409
l 1409 1410
l 1410 1411
l 1411 1412
l 1412 1413
l 1413 1414
l 1414 1415
l 1415 1416
l 1416 1417
l 1417 1418
l 1418 1419
l 1419 1420
l 1420 1421
l 1421 1422
l 1422 1423
l 1423 1424
l 1424 1425
l 1425 1426
l 1426 1427
l 1427 1428
l 1428 1429
l 1429 1430
l 1430 1431
l 1431 1432
l 1432 1433
l 1433 1434
l 1434 1435
l 1435 1436
l 1436 1437
l 1437 1438
l 1438 1439
l 1439 1440
l 1440 1441
l 1441 1442
l 1442 1443
l 1443 1444
l 1444 1445
l 1445 1446
l 1446 1447
l 1447 1448
l 1448 1449
l 1449 1450
l 1450 1451
l 1451 1452
l 1452 1453
l 1453 1454
l 1454 1455
l 1455 1456
l 1456 1457
l 1457 1458
l 1458 1459
l 1459 1460
l 1460 1461
l 1461 1462
l 1462 1463
l 1463 1464
l 1464 1465
l 1465 1466
l 1466 1467
l 1467 1468
l 1468 1469
l 1469 1470
l 1470 1471
l 1471 1472
l 1472 1473
l 1473 1474
l 1474 1475
l 1475 1476
l 1476 1477
l 1477 1478
l 1478 1479
l 1479 1480
l 1480 1481
l 1481 1482
l 1482 1483
l 1483 1484
l 1484 1485
l 1485 1486
l 1486 1487
l 1487 1488
l 1488 1489
l 1489 1490
l 1490 1491
l 1491 1492
l 1492 1493
l 1493 1494
l 1494 1495
l 1495 1496
l 1496 1497
l 1497 1498
l 1498 1499
l 1499 1500
l 1500 1501
l 1501 1502
l 1502 1503
l 1503 1504
l 1504 1505
l 1505 1506
l 1506 1507
l 1507 1508
l 1508 1509
l 1509 1510
l 1510 1511
l 1511 1512
l 1512 1513
l 1513 1514
l 1514 1515
l 1515 1516
l 1516 1517
l 1517 1518
l 1518 1519
l 1519 1520
l 1520 1521
l 1521 1522
l 1522 1523
l 1523 1524
l 1524 1525
l 1525 1526
l 1526 1527
l 1527 1528
l 1528 1529
l 1529 1530
l 1530 1531
l 1531 1532
l 1532 1401
