# Blender 4.3.2
# www.blender.org
mtllib ribbons.mtl
o Ribbons.001
v -173.334641 10.998143 -105.492851
v -173.327057 10.995806 -107.503830
v -173.319427 10.993461 -109.514809
v -149.319519 10.993425 -109.453430
v -149.311951 10.991085 -111.442429
v -173.311813 10.991114 -111.525803
v -173.304184 10.988763 -113.536751
v -149.304413 10.988747 -113.431404
v -149.295288 10.984904 -115.425102
v -173.295013 10.984902 -115.543015
v -149.282806 10.977798 -117.428940
v -149.270309 10.970686 -119.432793
v -173.282562 10.977788 -117.539093
v -173.270096 10.970675 -119.535156
v -173.257645 10.963561 -121.531219
v -149.257828 10.963575 -121.436630
v -149.245331 10.956464 -123.440437
v -173.245178 10.956453 -123.527260
v -149.232864 10.949343 -125.444305
v -149.232117 10.937376 -127.468803
v -173.232727 10.949342 -125.523308
v -149.231415 10.925395 -129.493301
v -173.232086 10.937324 -127.498749
v -173.231400 10.925319 -129.474197
v -149.230743 10.913403 -131.517776
v -173.230652 10.913325 -131.449631
v -173.229858 10.901343 -133.425049
v -149.230148 10.901398 -133.542252
v -149.229584 10.889383 -135.566742
v -173.229004 10.889374 -135.400482
v -173.253891 10.873010 -137.354477
v -149.255280 10.873099 -137.612244
v -149.285477 10.856093 -139.661179
v -173.282822 10.855946 -139.304962
v -149.315872 10.839061 -141.710129
v -173.311569 10.838906 -141.255463
v -173.340073 10.821895 -143.205902
v -149.346466 10.822004 -143.759033
v -149.377274 10.804920 -145.807968
v -173.368423 10.804906 -145.156387
v -173.441681 10.783071 -147.078476
v -149.455170 10.783228 -147.882690
v -149.538727 10.760989 -149.960205
v -173.519409 10.760743 -148.997467
v -149.622818 10.738706 -152.037704
v -149.707428 10.716376 -154.115158
v -173.596619 10.738461 -150.916473
v -173.673294 10.716227 -152.835480
v -173.759369 10.693245 -154.748856
v -149.803116 10.693289 -156.197052
v -149.966034 10.665637 -158.306870
v -150.130096 10.637914 -160.416580
v -173.907150 10.665357 -156.626602
v -174.053787 10.637541 -158.504349
v -150.295303 10.610119 -162.526230
v -174.199341 10.609797 -160.382248
v -174.343750 10.582125 -162.260254
v -150.461609 10.582252 -164.635773
v -150.689926 10.551256 -166.764908
v -150.965820 10.517874 -168.908569
v -174.542236 10.551023 -164.106476
v -174.780167 10.517398 -165.929138
v -175.015915 10.483884 -167.752045
v -151.243866 10.484380 -171.051941
v -175.249512 10.450475 -169.575256
v -151.524048 10.450781 -173.195023
v -175.506042 10.415843 -171.383377
v -151.835159 10.415968 -175.344406
v -152.260986 10.376745 -177.518707
v -175.856720 10.376189 -173.132156
v -152.690613 10.337366 -179.692352
v -176.203522 10.336692 -174.881622
v -176.546539 10.297350 -176.631866
v -153.124084 10.297831 -181.865173
v -153.566254 10.257996 -184.037796
v -154.186188 10.212868 -186.229691
v -176.889893 10.257974 -178.380219
v -177.372253 10.212238 -180.032364
v -177.848358 10.166710 -181.686172
v -154.812347 10.167534 -188.419876
v -155.444748 10.121995 -190.608292
v -178.318283 10.121385 -183.341827
v -178.785339 10.076137 -184.996948
v -156.087402 10.076159 -192.794647
v -156.948120 10.025303 -194.973923
v -179.413254 10.024598 -186.528946
v -157.818039 9.974209 -197.149734
v -180.031937 9.973299 -188.064423
v -158.697098 9.922871 -199.321808
v -180.641479 9.922244 -189.603592
v -159.620056 9.870693 -201.482712
v -181.269684 9.870564 -191.124435
v -160.760620 9.814709 -203.595734
v -161.913147 9.758488 -205.702515
v -182.050903 9.813986 -192.517670
v -163.077438 9.702030 -207.802673
v -182.820221 9.757648 -193.917114
v -183.577728 9.701547 -195.323196
v -184.442490 9.644147 -196.746613
v -164.292694 9.644184 -209.784454
v -165.586807 9.584103 -211.555115
v -166.883545 9.523988 -213.323990
v -185.522827 9.583992 -198.192688
v -186.600571 9.523872 -199.640488
v -187.675735 9.463786 -201.090103
v -168.182892 9.463838 -215.091156
v -169.357758 9.404314 -216.705093
v -188.853851 9.404198 -202.708557
v -170.435608 9.345266 -218.199844
v -171.515106 9.286187 -219.693436
v -190.112350 9.345006 -204.458466
v -191.369156 9.285849 -206.209503
v -172.596268 9.227074 -221.185852
v -192.624329 9.226723 -207.961716
v -193.877777 9.167632 -209.715042
v -173.679169 9.167926 -222.677155
v -174.763748 9.108745 -224.167343
v -195.129501 9.108574 -211.469437
v -175.818573 9.050035 -225.661774
v -196.360260 9.049970 -213.250549
v -176.576691 8.996070 -227.204102
v -197.403748 8.995461 -215.277893
v -177.340515 8.942002 -228.743103
v -178.110138 8.887827 -230.278992
v -198.441467 8.941056 -217.308533
v -199.473404 8.886756 -219.342331
v -178.885681 8.833545 -231.811890
v -200.499481 8.832563 -221.379105
v -179.667114 8.779160 -233.341904
v -180.454590 8.724665 -234.869202
v -201.519608 8.778474 -223.418762
v -202.533752 8.724493 -225.461151
v -181.064148 8.673863 -236.491974
v -203.343475 8.673514 -227.568237
v -204.075394 8.623688 -229.700226
v -181.611572 8.624366 -238.148636
v -204.802246 8.573946 -231.834045
v -182.164001 8.574781 -239.803375
v -182.721558 8.525113 -241.456314
v -205.523987 8.524289 -233.969711
v -183.284271 8.475359 -243.107590
v -206.240601 8.474718 -236.107086
v -183.852142 8.425518 -244.757248
v -206.951996 8.425234 -238.245987
v -207.554596 8.377216 -240.403275
v -184.326935 8.377357 -246.442856
v -208.005249 8.331230 -242.585754
v -184.666428 8.331644 -248.180420
v -185.010193 8.285868 -249.917023
v -208.451614 8.285307 -244.769318
v -185.358231 8.240034 -251.652664
v -185.710541 8.194138 -253.387451
v -208.893723 8.239441 -246.953796
v -209.331543 8.193638 -249.139130
v -186.067184 8.148182 -255.121460
v -186.401276 8.102537 -256.861115
v -209.765045 8.147893 -251.325256
v -210.166656 8.102509 -253.513489
v -186.544098 8.059546 -258.646423
v -210.364151 8.059336 -255.712799
v -186.690552 8.016517 -260.431244
v -210.558014 8.016199 -257.912506
v -186.840607 7.973453 -262.215698
v -210.748260 7.973098 -260.112640
v -186.994247 7.930350 -263.999817
v -187.151550 7.887215 -265.783661
v -210.934906 7.930036 -262.313049
v -187.312469 7.844040 -267.567383
v -211.117920 7.887006 -264.513763
v -211.297302 7.844015 -266.714661
v -211.291565 7.802268 -268.910400
v -187.295914 7.802326 -269.368347
v -187.256897 7.760812 -271.171753
v -211.256790 7.760704 -271.105438
v -187.221069 7.719281 -272.975128
v -211.218887 7.719155 -273.300507
v -187.188446 7.677738 -274.778564
v -211.177734 7.677620 -275.495575
v -187.158997 7.636181 -276.582062
v -211.133377 7.636098 -277.690460
v -187.132751 7.594609 -278.385742
v -211.085846 7.594592 -279.885284
v -210.895248 7.553202 -282.067810
v -186.969391 7.553161 -280.182861
v -186.755280 7.511770 -281.977661
v -210.647919 7.511845 -284.245453
v -186.544266 7.470388 -283.772736
v -210.397491 7.470479 -286.422791
v -210.144043 7.429100 -288.599823
v -186.336273 7.429019 -285.568176
v -186.131363 7.387659 -287.363953
v -209.887512 7.387714 -290.776428
v -209.627960 7.346318 -292.952637
v -185.929489 7.346309 -289.160187
v -185.595642 7.303839 -290.928833
v -209.228333 7.303986 -295.111664
v -185.214432 7.260985 -292.687469
v -184.836517 7.218174 -294.446777
v -208.774078 7.261270 -297.263855
v -208.316574 7.218512 -299.415405
v -207.855774 7.175712 -301.566284
v -184.461868 7.175404 -296.206726
v -184.090469 7.132673 -297.967468
v -207.391754 7.132872 -303.716400
v -183.722290 7.089982 -299.729004
v -206.924469 7.089991 -305.865753
v -206.265701 7.044205 -307.988617
v -183.181976 7.043800 -301.420410
v -205.596542 6.998228 -310.109497
v -182.639709 6.997588 -303.110596
v -182.101471 6.951473 -304.801941
v -204.923309 6.952157 -312.229126
v -181.567200 6.905447 -306.494659
v -204.246124 6.905995 -314.347473
v -203.564972 6.859738 -316.464447
v -181.036911 6.859517 -308.188690
v -180.415756 6.810277 -309.819855
v -179.714508 6.758149 -311.395233
v -202.765686 6.810758 -318.565186
v -179.019119 6.706222 -312.973053
v -201.858093 6.759233 -320.650604
v -200.944748 6.707505 -322.733521
v -200.025635 6.655577 -324.813904
v -178.329498 6.654497 -314.553436
v -177.645538 6.602976 -316.136444
v -176.881454 6.546520 -317.624542
v -199.100769 6.603443 -326.891541
v -198.039886 6.547442 -328.952393
v -196.833481 6.487208 -330.993713
v -176.036591 6.485084 -319.015045
v -175.201736 6.424113 -320.411346
v -195.617065 6.426508 -333.029297
v -194.390869 6.365342 -335.058838
v -174.376678 6.363611 -321.813721
v -193.154999 6.303713 -337.081879
v -173.561279 6.303570 -323.222382
v -172.565979 6.229072 -324.401581
v -191.620514 6.231338 -338.993500
v -190.050568 6.157421 -340.886658
v -171.570465 6.154237 -325.573761
v -188.467010 6.082717 -342.768524
v -170.588562 6.080189 -326.757233
v -169.619827 6.006928 -327.952545
v -186.870239 6.007226 -344.638550
v -168.320374 5.919573 -329.113647
v -166.988266 5.830869 -330.273590
v -185.213882 5.920664 -346.160919
v -165.659241 5.742359 -331.436707
v -183.549011 5.832795 -347.644287
v -181.881012 5.744730 -349.124390
v -164.333237 5.654046 -332.603149
v -180.210007 5.656468 -350.601196
v -163.010223 5.565931 -333.773010
v -178.536041 5.568009 -352.074615
v -176.859131 5.479355 -353.544617
v -161.690094 5.478012 -334.946228
v -160.372818 5.390290 -336.122894
v -158.948059 5.293175 -337.129700
v -175.179413 5.390503 -355.011139
v -157.505798 5.194445 -338.108063
v -173.355865 5.294043 -356.323822
v -171.502609 5.195998 -357.603912
v -156.066711 5.095907 -339.090820
v -169.646194 5.097762 -358.879639
v -167.786713 4.999334 -360.150909
v -154.630676 4.997561 -340.078064
v -165.924255 4.900714 -361.417572
v -153.197601 4.899408 -341.069824
v -151.767395 4.801447 -342.066193
v -164.058914 4.801902 -362.679749
v -150.292847 4.697972 -342.898895
v -162.067123 4.698572 -363.812225
v -159.986053 4.592065 -364.851410
v -148.789917 4.590769 -343.623016
v -147.291168 4.483770 -344.355103
v -157.900742 4.485352 -365.882629
v -145.796417 4.376974 -345.095245
v -144.305481 4.270383 -345.843628
v -155.811478 4.378437 -366.905792
v -153.718430 4.271317 -367.920654
v -142.818024 4.163993 -346.600189
v -151.621765 4.163992 -368.927155
v -149.337067 4.052211 -369.645935
v -141.280365 4.051777 -347.038635
v -147.047897 3.940324 -370.352234
v -139.747131 3.939666 -347.489624
v -138.217926 3.827663 -347.953186
v -136.692368 3.715767 -348.429565
v -144.754700 3.828331 -371.045837
v -135.169983 3.603975 -348.918793
v -142.457901 3.716231 -371.726746
v -133.625259 3.492105 -349.105530
v -140.157913 3.604027 -372.394745
v -137.751328 3.491653 -372.748169
v -135.330139 3.379390 -373.051300
v -132.080444 3.380100 -349.272308
v -130.537903 3.267965 -349.455383
v -128.996948 3.155699 -349.654724
v -132.906754 3.267256 -373.338196
v -130.481735 3.155251 -373.608734
v -127.456215 3.044078 -349.830994
v -128.054138 3.043871 -373.823547
v -125.909569 2.938333 -349.708832
v -125.613625 2.936739 -373.707001
v -123.173294 2.830013 -373.573761
v -124.362686 2.832181 -349.603271
v -122.814987 2.725624 -349.514343
v -120.733810 2.723694 -373.423950
v -121.265854 2.618658 -349.442017
v -118.295746 2.617783 -373.257568
v -115.899460 2.516444 -372.919800
v -119.719986 2.517585 -349.225891
v -118.177643 2.422903 -348.847900
v -116.632584 2.327644 -348.483643
v -113.549149 2.420221 -372.397308
v -115.084381 2.231808 -348.133118
v -111.201553 2.324575 -371.861023
v -108.857140 2.229507 -371.311157
v -106.516342 2.135016 -370.747620
v -113.532509 2.135394 -347.796082
v -112.002289 2.053310 -347.213776
v -110.473137 1.973198 -346.596985
v -104.303391 2.051365 -369.945404
v -102.115021 1.970065 -369.094543
v -108.940445 1.892495 -345.989685
v -107.403915 1.811202 -345.391876
v -99.930222 1.889356 -368.234192
v -97.749237 1.809239 -367.364319
v -105.869751 1.732023 -344.767761
v -95.595490 1.731687 -366.457367
v -104.372116 1.669097 -343.929871
v -93.588737 1.666940 -365.370911
v -102.871506 1.605665 -343.097961
v -91.584991 1.602700 -364.278442
v -101.367737 1.541725 -342.271881
v -89.584404 1.538967 -363.180084
v -99.860687 1.477279 -341.451721
v -87.587105 1.475741 -362.075958
v -98.365509 1.417674 -340.581665
v -96.909782 1.372372 -339.562439
v -85.635857 1.417164 -360.927582
v -83.804909 1.370461 -359.668732
v -81.976212 1.324154 -358.406433
v -95.451813 1.326674 -338.546753
v -93.991508 1.280578 -337.534424
v -80.149826 1.278243 -357.140747
v -92.528839 1.234084 -336.525513
v -78.325821 1.232732 -355.871643
v -91.076080 1.191255 -335.486481
v -76.532913 1.190946 -354.578278
v -74.854454 1.162586 -353.200012
v -89.669975 1.164055 -334.318787
v -73.177521 1.134529 -351.819733
v -88.262344 1.136552 -333.152954
v -86.853157 1.108753 -331.989075
v -71.502151 1.106770 -350.437561
v -85.442398 1.080651 -330.827087
v -69.828354 1.079312 -349.053497
v -84.030029 1.052247 -329.666992
v -68.156158 1.052156 -347.667542
v -66.594032 1.041347 -346.207703
v -82.674431 1.042334 -328.391388
v -81.321320 1.033327 -327.109863
v -79.967163 1.024089 -325.829468
v -65.039543 1.031746 -344.742310
v -63.486107 1.022377 -343.275818
v -78.611923 1.014617 -324.550201
v -61.933723 1.013242 -341.808197
v -77.255623 1.004914 -323.272064
v -60.382427 1.004339 -340.339386
v -75.850174 0.995324 -321.946655
v -58.880280 0.995322 -338.917908
v -149.327087 10.995772 -107.464432
v -149.334656 10.998126 -105.475433
v -173.339569 10.999992 -104.128258
v -149.339569 10.999992 -104.128258
vn 0.0034 1.0000 0.0034
vn 0.0035 1.0000 0.0035
vn 0.0031 1.0000 0.0031
vn 0.0031 1.0000 0.0029
vn 0.0033 1.0000 0.0032
vn 0.0036 1.0000 0.0033
vn 0.0033 1.0000 0.0031
vn 0.0037 1.0000 0.0034
vn 0.0033 1.0000 0.0030
vn 0.0038 1.0000 0.0034
vn 0.0036 1.0000 0.0032
vn 0.0044 1.0000 0.0044
vn 0.0108 0.9999 0.0092
vn 0.0066 1.0000 0.0058
vn 0.0113 0.9999 0.0093
vn 0.0106 0.9999 0.0090
vn 0.0107 0.9999 0.0086
vn 0.0118 0.9999 0.0097
vn 0.0110 0.9999 0.0088
vn 0.0109 0.9999 0.0085
vn 0.0111 0.9999 0.0086
vn 0.0121 0.9999 0.0092
vn 0.0178 0.9998 0.0130
vn 0.0127 0.9999 0.0097
vn 0.0201 0.9997 0.0141
vn 0.0183 0.9997 0.0133
vn 0.0189 0.9997 0.0128
vn 0.0213 0.9997 0.0149
vn 0.0196 0.9997 0.0132
vn 0.0191 0.9997 0.0124
vn 0.0199 0.9997 0.0129
vn 0.0206 0.9997 0.0129
vn 0.0267 0.9995 0.0160
vn 0.0199 0.9997 0.0124
vn 0.0303 0.9994 0.0169
vn 0.0270 0.9995 0.0158
vn 0.0279 0.9995 0.0149
vn 0.0326 0.9993 0.0183
vn 0.0295 0.9994 0.0155
vn 0.0284 0.9995 0.0143
vn 0.0298 0.9994 0.0148
vn 0.0283 0.9995 0.0135
vn 0.0300 0.9994 0.0142
vn 0.0278 0.9995 0.0132
vn 0.0313 0.9994 0.0137
vn 0.0347 0.9993 0.0152
vn 0.0403 0.9990 0.0176
vn 0.0455 0.9988 0.0183
vn 0.0454 0.9988 0.0182
vn 0.0403 0.9991 0.0147
vn 0.0382 0.9992 0.0130
vn 0.0359 0.9993 0.0132
vn 0.0434 0.9990 0.0146
vn 0.0475 0.9987 0.0160
vn 0.0376 0.9992 0.0115
vn 0.0358 0.9993 0.0109
vn 0.0381 0.9992 0.0101
vn 0.0437 0.9990 0.0117
vn 0.0529 0.9985 0.0141
vn 0.0586 0.9982 0.0135
vn 0.0584 0.9982 0.0134
vn 0.0530 0.9985 0.0103
vn 0.0585 0.9982 0.0114
vn 0.0443 0.9990 0.0086
vn 0.0413 0.9991 0.0066
vn 0.0404 0.9992 0.0065
vn 0.0430 0.9991 0.0053
vn 0.0488 0.9988 0.0061
vn 0.0582 0.9983 0.0072
vn 0.0433 0.9991 0.0037
vn 0.0502 0.9987 0.0043
vn 0.0615 0.9981 0.0053
vn 0.0684 0.9977 0.0033
vn 0.0682 0.9977 0.0033
vn 0.0613 0.9981 0.0007
vn 0.0682 0.9977 0.0008
vn 0.0503 0.9987 0.0006
vn 0.0457 0.9990 -0.0011
vn 0.0448 0.9990 -0.0011
vn 0.0458 0.9989 -0.0029
vn 0.0529 0.9986 -0.0033
vn 0.0645 0.9979 -0.0040
vn 0.0457 0.9989 -0.0046
vn 0.0528 0.9986 -0.0053
vn 0.0645 0.9979 -0.0064
vn 0.0713 0.9974 -0.0098
vn 0.0636 0.9979 -0.0111
vn 0.0707 0.9974 -0.0124
vn 0.0523 0.9986 -0.0091
vn 0.0459 0.9989 -0.0097
vn 0.0456 0.9989 -0.0097
vn 0.0454 0.9989 -0.0112
vn 0.0515 0.9986 -0.0127
vn 0.0616 0.9980 -0.0152
vn 0.0449 0.9989 -0.0127
vn 0.0510 0.9986 -0.0144
vn 0.0610 0.9980 -0.0172
vn 0.0667 0.9975 -0.0213
vn 0.0599 0.9980 -0.0213
vn 0.0661 0.9975 -0.0235
vn 0.0500 0.9986 -0.0178
vn 0.0430 0.9989 -0.0170
vn 0.0432 0.9989 -0.0171
vn 0.0432 0.9989 -0.0170
vn 0.0424 0.9989 -0.0180
vn 0.0469 0.9987 -0.0199
vn 0.0541 0.9983 -0.0230
vn 0.0418 0.9989 -0.0191
vn 0.0462 0.9987 -0.0212
vn 0.0535 0.9983 -0.0245
vn 0.0574 0.9980 -0.0282
vn 0.0574 0.9979 -0.0282
vn 0.0523 0.9983 -0.0275
vn 0.0568 0.9979 -0.0299
vn 0.0450 0.9987 -0.0237
vn 0.0495 0.9984 -0.0278
vn 0.0532 0.9981 -0.0299
vn 0.0436 0.9988 -0.0245
vn 0.0435 0.9987 -0.0270
vn 0.0398 0.9989 -0.0240
vn 0.0382 0.9990 -0.0228
vn 0.0429 0.9987 -0.0279
vn 0.0413 0.9988 -0.0260
vn 0.0436 0.9986 -0.0298
vn 0.0408 0.9988 -0.0268
vn 0.0397 0.9988 -0.0283
vn 0.0465 0.9984 -0.0318
vn 0.0416 0.9987 -0.0299
vn 0.0391 0.9988 -0.0291
vn 0.0403 0.9987 -0.0304
vn 0.0349 0.9990 -0.0273
vn 0.0354 0.9990 -0.0287
vn 0.0326 0.9991 -0.0255
vn 0.0349 0.9990 -0.0294
vn 0.0339 0.9990 -0.0277
vn 0.0353 0.9989 -0.0311
vn 0.0333 0.9990 -0.0283
vn 0.0324 0.9990 -0.0295
vn 0.0375 0.9988 -0.0329
vn 0.0337 0.9990 -0.0309
vn 0.0318 0.9990 -0.0301
vn 0.0332 0.9989 -0.0316
vn 0.0312 0.9990 -0.0307
vn 0.0322 0.9990 -0.0321
vn 0.0257 0.9993 -0.0264
vn 0.0214 0.9995 -0.0221
vn 0.0241 0.9994 -0.0249
vn 0.0203 0.9995 -0.0226
vn 0.0235 0.9994 -0.0261
vn 0.0286 0.9991 -0.0318
vn 0.0310 0.9988 -0.0371
vn 0.0311 0.9988 -0.0373
vn 0.0263 0.9991 -0.0342
vn 0.0294 0.9988 -0.0383
vn 0.0214 0.9994 -0.0278
vn 0.0180 0.9995 -0.0270
vn 0.0167 0.9996 -0.0240
vn 0.0161 0.9996 -0.0227
vn 0.0180 0.9994 -0.0289
vn 0.0167 0.9995 -0.0254
vn 0.0153 0.9995 -0.0262
vn 0.0197 0.9993 -0.0317
vn 0.0163 0.9995 -0.0284
vn 0.0131 0.9996 -0.0244
vn 0.0133 0.9996 -0.0265
vn 0.0117 0.9997 -0.0218
vn 0.0116 0.9996 -0.0243
vn 0.0116 0.9997 -0.0232
vn 0.0114 0.9996 -0.0256
vn 0.0109 0.9997 -0.0233
vn 0.0101 0.9997 -0.0238
vn 0.0123 0.9995 -0.0274
vn 0.0105 0.9996 -0.0250
vn 0.0094 0.9997 -0.0237
vn 0.0093 0.9997 -0.0239
vn 0.0079 0.9997 -0.0214
vn 0.0079 0.9997 -0.0224
vn 0.0074 0.9998 -0.0200
vn 0.0076 0.9997 -0.0233
vn 0.0074 0.9997 -0.0216
vn 0.0068 0.9997 -0.0218
vn 0.0081 0.9997 -0.0247
vn 0.0069 0.9997 -0.0228
vn 0.0063 0.9997 -0.0220
vn 0.0065 0.9997 -0.0229
vn 0.0055 0.9998 -0.0206
vn 0.0053 0.9998 -0.0212
vn 0.0051 0.9998 -0.0194
vn 0.0050 0.9998 -0.0213
vn 0.0051 0.9998 -0.0206
vn 0.0046 0.9997 -0.0220
vn 0.0047 0.9998 -0.0207
vn 0.0041 0.9998 -0.0209
vn 0.0049 0.9997 -0.0233
vn 0.0042 0.9998 -0.0216
vn 0.0038 0.9998 -0.0209
vn 0.0037 0.9998 -0.0215
vn 0.0032 0.9998 -0.0200
vn 0.0031 0.9998 -0.0208
vn 0.0030 0.9998 -0.0189
vn 0.0027 0.9998 -0.0210
vn 0.0029 0.9998 -0.0203
vn 0.0024 0.9998 -0.0216
vn 0.0025 0.9998 -0.0203
vn 0.0020 0.9998 -0.0205
vn 0.0025 0.9997 -0.0227
vn 0.0020 0.9998 -0.0211
vn 0.0017 0.9998 -0.0205
vn 0.0016 0.9998 -0.0212
vn 0.0013 0.9998 -0.0200
vn 0.0011 0.9998 -0.0212
vn 0.0012 0.9998 -0.0189
vn 0.0007 0.9998 -0.0213
vn 0.0009 0.9998 -0.0207
vn 0.0003 0.9998 -0.0218
vn 0.0006 0.9998 -0.0206
vn -0.0000 0.9998 -0.0206
vn 0.0003 0.9997 -0.0230
vn -0.0001 0.9998 -0.0213
vn -0.0004 0.9998 -0.0206
vn -0.0004 0.9998 -0.0214
vn -0.0007 0.9998 -0.0205
vn -0.0011 0.9998 -0.0221
vn -0.0007 0.9998 -0.0192
vn -0.0015 0.9998 -0.0221
vn -0.0012 0.9998 -0.0214
vn -0.0020 0.9997 -0.0226
vn -0.0016 0.9998 -0.0213
vn -0.0022 0.9998 -0.0212
vn -0.0021 0.9997 -0.0240
vn -0.0024 0.9998 -0.0220
vn -0.0026 0.9998 -0.0213
vn -0.0027 0.9998 -0.0219
vn -0.0029 0.9998 -0.0211
vn -0.0037 0.9997 -0.0233
vn -0.0028 0.9998 -0.0198
vn -0.0042 0.9997 -0.0233
vn -0.0037 0.9997 -0.0225
vn -0.0048 0.9997 -0.0239
vn -0.0041 0.9997 -0.0224
vn -0.0048 0.9997 -0.0223
vn -0.0051 0.9997 -0.0254
vn -0.0052 0.9997 -0.0231
vn -0.0053 0.9997 -0.0221
vn -0.0056 0.9997 -0.0231
vn -0.0057 0.9997 -0.0218
vn -0.0068 0.9997 -0.0242
vn -0.0053 0.9998 -0.0204
vn -0.0076 0.9997 -0.0247
vn -0.0068 0.9997 -0.0236
vn -0.0083 0.9996 -0.0253
vn -0.0072 0.9997 -0.0235
vn -0.0081 0.9997 -0.0233
vn -0.0089 0.9996 -0.0271
vn -0.0087 0.9997 -0.0243
vn -0.0086 0.9997 -0.0230
vn -0.0091 0.9997 -0.0242
vn -0.0091 0.9997 -0.0230
vn -0.0099 0.9996 -0.0246
vn -0.0099 0.9997 -0.0231
vn -0.0117 0.9996 -0.0259
vn -0.0091 0.9997 -0.0213
vn -0.0123 0.9996 -0.0256
vn -0.0112 0.9996 -0.0245
vn -0.0134 0.9996 -0.0261
vn -0.0118 0.9996 -0.0242
vn -0.0128 0.9996 -0.0238
vn -0.0144 0.9995 -0.0281
vn -0.0136 0.9996 -0.0249
vn -0.0133 0.9996 -0.0234
vn -0.0142 0.9996 -0.0246
vn -0.0140 0.9996 -0.0232
vn -0.0158 0.9996 -0.0255
vn -0.0132 0.9997 -0.0219
vn -0.0162 0.9995 -0.0253
vn -0.0157 0.9996 -0.0250
vn -0.0166 0.9995 -0.0252
vn -0.0159 0.9996 -0.0247
vn -0.0169 0.9995 -0.0250
vn -0.0163 0.9996 -0.0246
vn -0.0172 0.9995 -0.0247
vn -0.0166 0.9996 -0.0243
vn -0.0177 0.9995 -0.0248
vn -0.0169 0.9996 -0.0240
vn -0.0174 0.9996 -0.0242
vn -0.0171 0.9996 -0.0245
vn -0.0181 0.9995 -0.0254
vn -0.0167 0.9996 -0.0247
vn -0.0176 0.9995 -0.0254
vn -0.0153 0.9996 -0.0237
vn -0.0172 0.9995 -0.0257
vn -0.0159 0.9995 -0.0259
vn -0.0142 0.9997 -0.0219
vn -0.0145 0.9996 -0.0241
vn -0.0156 0.9995 -0.0278
vn -0.0131 0.9996 -0.0250
vn -0.0173 0.9994 -0.0306
vn -0.0111 0.9997 -0.0231
vn -0.0140 0.9995 -0.0270
vn -0.0112 0.9996 -0.0252
vn -0.0098 0.9997 -0.0205
vn -0.0103 0.9997 -0.0234
vn -0.0108 0.9996 -0.0263
vn -0.0091 0.9997 -0.0238
vn -0.0117 0.9995 -0.0286
vn -0.0075 0.9997 -0.0217
vn -0.0096 0.9996 -0.0255
vn -0.0073 0.9997 -0.0227
vn -0.0068 0.9998 -0.0198
vn -0.0068 0.9997 -0.0214
vn -0.0069 0.9997 -0.0237
vn -0.0060 0.9997 -0.0217
vn -0.0074 0.9997 -0.0253
vn -0.0048 0.9998 -0.0196
vn -0.0061 0.9997 -0.0230
vn -0.0044 0.9998 -0.0199
vn -0.0045 0.9998 -0.0184
vn -0.0042 0.9998 -0.0191
vn -0.0042 0.9998 -0.0204
vn -0.0037 0.9998 -0.0193
vn -0.0045 0.9998 -0.0216
vn -0.0030 0.9998 -0.0174
vn -0.0037 0.9998 -0.0200
vn -0.0028 0.9998 -0.0175
vn -0.0028 0.9999 -0.0166
vn -0.0025 0.9999 -0.0167
vn -0.0024 0.9999 -0.0169
vn -0.0023 0.9999 -0.0165
vn -0.0022 0.9998 -0.0172
vn -0.0019 0.9999 -0.0163
vn -0.0023 0.9998 -0.0181
vn -0.0014 0.9999 -0.0141
vn -0.0017 0.9999 -0.0157
vn -0.0013 0.9999 -0.0136
vn -0.0014 0.9999 -0.0138
vn -0.0012 0.9999 -0.0137
vn -0.0011 0.9999 -0.0142
vn -0.0010 0.9999 -0.0140
vn -0.0012 0.9999 -0.0147
vn -0.0007 0.9999 -0.0120
vn -0.0009 0.9999 -0.0140
vn -0.0006 0.9999 -0.0114
vn -0.0007 0.9999 -0.0121
vn -0.0006 0.9999 -0.0117
vn -0.0005 0.9999 -0.0107
vn -0.0005 0.9999 -0.0116
vn -0.0005 0.9999 -0.0111
vn -0.0004 0.9999 -0.0115
vn -0.0002 1.0000 -0.0089
vn -0.0003 0.9999 -0.0106
vn -0.0002 1.0000 -0.0083
vn -0.0003 1.0000 -0.0094
vn -0.0002 1.0000 -0.0087
vn -0.0001 1.0000 -0.0087
vn -0.0001 1.0000 -0.0085
vn -0.0001 1.0000 -0.0072
vn -0.0001 1.0000 -0.0081
vn -0.0000 1.0000 -0.0059
vn -0.0000 1.0000 -0.0069
vn -0.0000 1.0000 -0.0061
vn -0.0000 1.0000 -0.0048
vn -0.0000 1.0000 -0.0036
vn -0.0000 1.0000 -0.0047
vn -0.0000 1.0000 -0.0035
vn -0.0000 1.0000 -0.0027
vn -0.0000 1.0000 -0.0015
vn -0.0000 1.0000 -0.0012
vn -0.0000 1.0000 -0.0016
vn -0.0000 1.0000 -0.0013
vn -0.0000 1.0000 -0.0014
vn 0.0438 0.9989 0.0191
vn 0.0457 0.9988 0.0184
vn 0.0323 0.9994 0.0118
vn 0.0340 0.9994 0.0104
vn 0.0586 0.9982 0.0156
vn 0.0587 0.9982 0.0135
vn 0.0390 0.9992 0.0075
vn 0.0395 0.9992 0.0063
vn 0.0641 0.9979 0.0080
vn 0.0686 0.9976 0.0059
vn 0.0685 0.9976 0.0033
vn 0.0437 0.9990 0.0005
vn 0.0439 0.9990 -0.0011
vn 0.0717 0.9974 -0.0045
vn 0.0717 0.9974 -0.0071
vn 0.0453 0.9989 -0.0079
vn 0.0452 0.9989 -0.0096
vn 0.0679 0.9976 -0.0168
vn 0.0672 0.9976 -0.0190
vn 0.0666 0.9976 -0.0212
vn 0.0440 0.9989 -0.0157
vn 0.0435 0.9989 -0.0171
vn 0.0587 0.9980 -0.0250
vn 0.0580 0.9980 -0.0266
vn 0.0573 0.9980 -0.0282
vn 0.0406 0.9989 -0.0213
vn 0.0399 0.9990 -0.0224
vn 0.0387 0.9990 -0.0231
vn 0.0319 0.9989 -0.0354
vn 0.0308 0.9988 -0.0370
vn 0.0184 0.9995 -0.0238
vn 0.0171 0.9996 -0.0241
vt 0.007012 0.042945
vt 0.035472 0.126233
vt 0.000000 0.045810
vt 0.014254 0.039984
vt 0.042026 0.123569
vt 0.021499 0.037028
vt 0.048350 0.121000
vt 0.060992 0.115848
vt 0.054672 0.118427
vt 0.028745 0.034078
vt 0.067309 0.113264
vt 0.035994 0.031132
vt 0.073628 0.110703
vt 0.050807 0.025698
vt 0.043261 0.028216
vt 0.058356 0.023188
vt 0.079987 0.108612
vt 0.092698 0.104404
vt 0.086344 0.106512
vt 0.065908 0.020687
vt 0.099049 0.102287
vt 0.073463 0.018194
vt 0.105398 0.100161
vt 0.088856 0.013668
vt 0.081020 0.015710
vt 0.096767 0.011749
vt 0.111736 0.098537
vt 0.124398 0.095504
vt 0.118069 0.097028
vt 0.104681 0.009845
vt 0.130724 0.093966
vt 0.112599 0.007956
vt 0.137046 0.092413
vt 0.128706 0.004743
vt 0.120520 0.006081
vt 0.136991 0.003617
vt 0.143308 0.091421
vt 0.155777 0.089785
vt 0.149544 0.090615
vt 0.145280 0.002515
vt 0.162007 0.088931
vt 0.153572 0.001437
vt 0.168235 0.088052
vt 0.170427 0.000138
vt 0.161867 0.000384
vt 0.179031 0.000055
vt 0.174307 0.087951
vt 0.186398 0.087899
vt 0.180353 0.087944
vt 0.187636 0.000009
vt 0.192443 0.087817
vt 0.196240 0.000000
vt 0.198447 0.087854
vt 0.213611 0.001364
vt 0.204865 0.000190
vt 0.222352 0.002590
vt 0.204203 0.088758
vt 0.215734 0.090413
vt 0.209965 0.089611
vt 0.231085 0.003866
vt 0.221511 0.091165
vt 0.248448 0.007210
vt 0.239810 0.005192
vt 0.257003 0.009869
vt 0.227088 0.092475
vt 0.265541 0.012587
vt 0.232488 0.094280
vt 0.243339 0.097717
vt 0.237904 0.096028
vt 0.274060 0.015361
vt 0.248796 0.099349
vt 0.290574 0.022140
vt 0.282558 0.018193
vt 0.298507 0.026273
vt 0.253839 0.101994
vt 0.306414 0.030460
vt 0.258852 0.104718
vt 0.268961 0.110008
vt 0.263892 0.107389
vt 0.314292 0.034700
vt 0.274003 0.112694
vt 0.329036 0.044417
vt 0.322054 0.039091
vt 0.335990 0.049782
vt 0.278569 0.116384
vt 0.342916 0.055186
vt 0.283163 0.120035
vt 0.292440 0.127221
vt 0.287786 0.123647
vt 0.349811 0.060627
vt 0.297125 0.130758
vt 0.362515 0.072317
vt 0.356674 0.066105
vt 0.368332 0.078554
vt 0.301217 0.135315
vt 0.374126 0.084813
vt 0.305331 0.139848
vt 0.313632 0.148847
vt 0.309470 0.144359
vt 0.379896 0.091094
vt 0.317820 0.153314
vt 0.385640 0.097398
vt 0.321766 0.158113
vt 0.395669 0.110681
vt 0.390957 0.103901
vt 0.400367 0.117472
vt 0.325345 0.163412
vt 0.405047 0.124274
vt 0.328939 0.168699
vt 0.336175 0.179239
vt 0.332549 0.173975
vt 0.409712 0.131088
vt 0.339818 0.184493
vt 0.414360 0.137913
vt 0.343363 0.189820
vt 0.422672 0.152041
vt 0.418864 0.144809
vt 0.426467 0.159281
vt 0.346317 0.195585
vt 0.430246 0.166528
vt 0.349284 0.201341
vt 0.355262 0.212831
vt 0.352266 0.207090
vt 0.434012 0.173783
vt 0.358274 0.218565
vt 0.437762 0.181045
vt 0.361299 0.224292
vt 0.441498 0.188314
vt 0.364212 0.229980
vt 0.448146 0.204204
vt 0.445153 0.195706
vt 0.451078 0.212726
vt 0.365949 0.235348
vt 0.369605 0.246016
vt 0.367746 0.240692
vt 0.453948 0.221268
vt 0.371454 0.251363
vt 0.458231 0.238371
vt 0.456673 0.229827
vt 0.459747 0.246925
vt 0.372385 0.257255
vt 0.374370 0.269015
vt 0.373357 0.263139
vt 0.461222 0.255487
vt 0.375426 0.274884
vt 0.463565 0.272498
vt 0.462655 0.264055
vt 0.463988 0.280818
vt 0.376076 0.280979
vt 0.464388 0.289141
vt 0.376328 0.287293
vt 0.376900 0.299916
vt 0.376602 0.293605
vt 0.464764 0.297464
vt 0.377220 0.306226
vt 0.465118 0.305788
vt 0.377194 0.312621
vt 0.464620 0.322156
vt 0.465082 0.314022
vt 0.464143 0.330289
vt 0.376774 0.319111
vt 0.375980 0.332092
vt 0.376369 0.325601
vt 0.463651 0.338421
vt 0.375606 0.338585
vt 0.463143 0.346552
vt 0.375224 0.345079
vt 0.461363 0.362638
vt 0.462598 0.354676
vt 0.460116 0.370598
vt 0.374161 0.351585
vt 0.458856 0.378557
vt 0.373111 0.358094
vt 0.371046 0.371115
vt 0.372072 0.364603
vt 0.457585 0.386514
vt 0.370031 0.377629
vt 0.456302 0.394469
vt 0.368842 0.384115
vt 0.452843 0.410155
vt 0.454823 0.402374
vt 0.450852 0.417932
vt 0.367165 0.390521
vt 0.448850 0.425707
vt 0.365499 0.396929
vt 0.362200 0.409754
vt 0.363844 0.403340
vt 0.446837 0.433479
vt 0.360567 0.416172
vt 0.444813 0.441248
vt 0.358757 0.422530
vt 0.439860 0.456523
vt 0.442589 0.448959
vt 0.437119 0.464084
vt 0.356470 0.428730
vt 0.434368 0.471641
vt 0.354195 0.434933
vt 0.349676 0.447353
vt 0.351930 0.441141
vt 0.431605 0.479193
vt 0.347433 0.453569
vt 0.428832 0.486742
vt 0.345117 0.459747
vt 0.422446 0.501541
vt 0.425959 0.494254
vt 0.418922 0.508822
vt 0.342217 0.465632
vt 0.415385 0.516097
vt 0.339329 0.471523
vt 0.333589 0.483321
vt 0.336453 0.477419
vt 0.411836 0.523367
vt 0.330736 0.489230
vt 0.408275 0.530630
vt 0.327896 0.495144
vt 0.400447 0.544838
vt 0.404703 0.537887
vt 0.396085 0.551739
vt 0.324462 0.500651
vt 0.391710 0.558632
vt 0.320958 0.506109
vt 0.313991 0.517050
vt 0.317468 0.511576
vt 0.387321 0.565517
vt 0.310528 0.522534
vt 0.382919 0.572392
vt 0.307078 0.528027
vt 0.373602 0.585839
vt 0.378503 0.579259
vt 0.368352 0.592213
vt 0.303234 0.533164
vt 0.363087 0.598575
vt 0.299119 0.538056
vt 0.290936 0.547877
vt 0.295020 0.542960
vt 0.357807 0.604925
vt 0.286867 0.552806
vt 0.352511 0.611262
vt 0.282813 0.557749
vt 0.347201 0.617585
vt 0.278591 0.562494
vt 0.335500 0.629368
vt 0.341657 0.623722
vt 0.329326 0.634997
vt 0.273886 0.566679
vt 0.323136 0.640608
vt 0.269198 0.570881
vt 0.259872 0.579338
vt 0.264527 0.575100
vt 0.316929 0.646201
vt 0.255233 0.583594
vt 0.310707 0.651776
vt 0.250609 0.587868
vt 0.297916 0.661800
vt 0.304470 0.657332
vt 0.291326 0.666150
vt 0.245033 0.591589
vt 0.284731 0.670493
vt 0.239362 0.595256
vt 0.278132 0.674831
vt 0.233694 0.598929
vt 0.271529 0.679162
vt 0.228032 0.602608
vt 0.264921 0.683488
vt 0.222373 0.606293
vt 0.258761 0.687469
vt 0.216718 0.609984
vt 0.253175 0.691010
vt 0.210576 0.613955
vt 0.247583 0.694541
vt 0.203806 0.618286
vt 0.241983 0.698063
vt 0.197042 0.622625
vt 0.183521 0.632149
vt 0.190286 0.626975
vt 0.237151 0.701791
vt 0.176775 0.637795
vt 0.228233 0.709374
vt 0.232708 0.705602
vt 0.223726 0.713109
vt 0.170060 0.643479
vt 0.157377 0.655371
vt 0.163378 0.649200
vt 0.219574 0.717481
vt 0.151511 0.661638
vt 0.211324 0.726375
vt 0.215462 0.721941
vt 0.207158 0.730786
vt 0.145671 0.667930
vt 0.134781 0.680872
vt 0.139858 0.674245
vt 0.203381 0.735829
vt 0.129737 0.687519
vt 0.195787 0.745897
vt 0.199593 0.740870
vt 0.191961 0.750909
vt 0.124711 0.694181
vt 0.115332 0.707700
vt 0.119705 0.700856
vt 0.188484 0.756433
vt 0.110988 0.714555
vt 0.181515 0.767488
vt 0.185006 0.761964
vt 0.178013 0.773003
vt 0.106656 0.721419
vt 0.098442 0.735226
vt 0.102336 0.728290
vt 0.174754 0.778846
vt 0.094661 0.742182
vt 0.171554 0.784770
vt 0.090887 0.749141
vt 0.165132 0.796606
vt 0.168347 0.790690
vt 0.162022 0.802655
vt 0.087121 0.756104
vt 0.080188 0.770071
vt 0.083536 0.763081
vt 0.159054 0.808883
vt 0.076845 0.777064
vt 0.153108 0.821334
vt 0.156083 0.815110
vt 0.150130 0.827558
vt 0.073505 0.784058
vt 0.067100 0.798043
vt 0.070169 0.791054
vt 0.147315 0.833983
vt 0.064074 0.805032
vt 0.144525 0.840441
vt 0.061050 0.812021
vt 0.138940 0.853354
vt 0.141734 0.846898
vt 0.136158 0.859826
vt 0.058028 0.819011
vt 0.052225 0.832961
vt 0.055029 0.825999
vt 0.133492 0.866455
vt 0.049421 0.839923
vt 0.130825 0.873083
vt 0.046618 0.846885
vt 0.125490 0.886338
vt 0.128158 0.879711
vt 0.122831 0.892984
vt 0.043816 0.853848
vt 0.038370 0.867724
vt 0.041034 0.860804
vt 0.120232 0.899736
vt 0.035705 0.874643
vt 0.117633 0.906488
vt 0.033041 0.881562
vt 0.115033 0.913240
vt 0.030376 0.888482
vt 0.109834 0.926743
vt 0.112433 0.919992
vt 0.025115 0.902266
vt 0.027712 0.895402
vt 0.107247 0.933581
vt 0.022519 0.909130
vt 0.104660 0.940419
vt 0.019922 0.915995
vt 0.102074 0.947257
vt 0.017325 0.922859
vt 0.099487 0.954095
vt 0.014729 0.929724
vt 0.094289 0.967801
vt 0.096901 0.960932
vt 0.091667 0.974683
vt 0.012134 0.936549
vt 0.006946 0.950163
vt 0.009540 0.943356
vt 0.089044 0.981565
vt 0.004352 0.956970
vt 0.086421 0.988448
vt 0.001758 0.963778
vt 0.083798 0.995330
vt 0.000000 0.968388
vt 0.082018 1.000000
s 1
usemtl Material.003
f 370/1/1 371/2/2 372/3/3
f 368/4/4 369/5/5 370/1/1
f 366/6/6 367/7/7 368/4/4
f 366/6/6 363/8/6 364/9/8
f 365/10/9 362/11/10 363/8/6
f 361/12/11 359/13/12 362/11/10
f 358/14/13 359/13/12 360/15/14
f 356/16/15 357/17/16 358/14/13
f 356/16/15 354/18/17 355/19/18
f 353/20/19 352/21/20 354/18/17
f 351/22/21 349/23/22 352/21/20
f 348/24/23 349/23/22 350/25/24
f 346/26/25 347/27/26 348/24/23
f 346/26/25 344/28/27 345/29/28
f 343/30/29 340/31/30 344/28/27
f 342/32/31 339/33/32 340/31/30
f 338/34/33 339/33/32 341/35/34
f 336/36/35 337/37/36 338/34/33
f 336/36/35 333/38/37 335/39/38
f 334/40/39 331/41/40 333/38/37
f 332/42/41 329/43/42 331/41/40
f 328/44/43 329/43/42 330/45/44
f 327/46/45 326/47/46 328/44/47
f 327/46/48 322/48/49 325/49/48
f 324/50/50 321/51/51 322/48/52
f 323/52/53 320/53/54 321/51/51
f 318/54/55 320/53/56 319/55/56
f 317/56/57 316/57/58 318/54/59
f 317/56/60 313/58/61 314/59/60
f 315/60/62 312/61/63 313/58/64
f 310/62/65 312/61/66 311/63/66
f 308/64/67 309/65/68 310/62/69
f 305/66/70 307/67/71 308/64/72
f 305/66/73 303/68/74 306/69/73
f 304/70/75 301/71/76 303/68/77
f 300/72/78 301/71/79 302/73/79
f 299/74/80 298/75/81 300/72/82
f 295/76/83 297/77/84 299/74/85
f 295/76/86 292/78/86 296/79/86
f 294/80/87 290/81/88 292/78/89
f 291/82/90 290/81/91 293/83/91
f 289/84/92 288/85/93 291/82/94
f 285/86/95 287/87/96 289/84/97
f 285/86/98 284/88/98 286/89/98
f 283/90/99 281/91/100 284/88/101
f 280/92/102 281/91/103 282/93/104
f 279/94/105 278/95/106 280/92/107
f 276/96/108 277/97/109 279/94/110
f 276/96/111 274/98/112 275/99/111
f 273/100/113 271/101/114 274/98/115
f 272/102/116 269/103/117 271/101/118
f 267/104/119 269/103/120 270/105/121
f 265/106/122 268/107/123 267/104/119
f 264/108/124 266/109/125 265/106/122
f 264/108/124 260/110/126 263/111/127
f 262/112/128 258/113/129 260/110/126
f 261/114/130 257/115/131 258/113/129
f 255/116/132 257/115/131 259/117/133
f 254/118/134 256/119/135 255/116/132
f 252/120/136 253/121/137 254/118/134
f 252/120/136 248/122/138 251/123/139
f 250/124/140 246/125/141 248/122/138
f 249/126/142 245/127/143 246/125/141
f 247/128/144 243/129/145 245/127/143
f 241/130/146 243/129/145 244/131/147
f 239/132/148 242/133/149 241/130/150
f 239/132/151 237/134/152 240/135/151
f 238/136/153 236/137/154 237/134/155
f 233/138/156 236/137/157 235/139/158
f 232/140/159 234/141/160 233/138/156
f 232/140/159 230/142/161 231/143/162
f 229/144/163 226/145/164 230/142/161
f 227/146/165 226/145/164 228/147/166
f 223/148/167 225/149/168 227/146/165
f 222/150/169 224/151/170 223/148/167
f 222/150/169 218/152/171 220/153/172
f 221/154/173 217/155/174 218/152/171
f 219/156/175 216/157/176 217/155/174
f 214/158/177 216/157/176 215/159/178
f 212/160/179 213/161/180 214/158/177
f 212/160/179 210/162/181 211/163/182
f 209/164/183 208/165/184 210/162/181
f 207/166/185 205/167/186 208/165/184
f 204/168/187 205/167/186 206/169/188
f 201/170/189 203/171/190 204/168/187
f 200/172/191 202/173/192 201/170/189
f 200/172/191 197/174/193 198/175/194
f 199/176/195 195/177/196 197/174/193
f 196/178/197 194/179/198 195/177/196
f 192/180/199 194/179/198 193/181/200
f 189/182/201 191/183/202 192/180/199
f 188/184/203 190/185/204 189/182/201
f 188/184/203 185/186/205 187/187/206
f 186/188/207 184/189/208 185/186/205
f 183/190/209 181/191/210 184/189/208
f 180/192/211 181/191/210 182/193/212
f 178/194/213 179/195/214 180/192/211
f 176/196/215 177/197/216 178/194/213
f 176/196/215 173/198/217 175/199/218
f 174/200/219 172/201/220 173/198/217
f 171/202/221 168/203/222 172/201/220
f 169/204/223 168/203/222 170/205/224
f 167/206/225 166/207/226 169/204/223
f 164/208/227 165/209/228 167/206/225
f 164/208/227 161/210/229 163/211/230
f 162/212/231 159/213/232 161/210/229
f 160/214/233 156/215/234 159/213/232
f 157/216/235 156/215/234 158/217/236
f 154/218/237 155/219/238 157/216/235
f 153/220/239 152/221/240 154/218/237
f 153/220/239 149/222/241 151/223/242
f 150/224/243 148/225/244 149/222/241
f 147/226/245 146/227/246 148/225/244
f 144/228/247 146/227/246 145/229/248
f 142/230/249 143/231/250 144/228/247
f 140/232/251 141/233/252 142/230/249
f 140/232/251 138/234/253 139/235/254
f 137/236/255 136/237/256 138/234/253
f 135/238/257 133/239/258 136/237/256
f 134/240/259 130/241/260 133/239/258
f 131/242/261 130/241/260 132/243/262
f 128/244/263 129/245/264 131/242/261
f 126/246/265 127/247/266 128/244/263
f 126/246/265 123/248/267 124/249/268
f 125/250/269 121/251/270 123/248/267
f 122/252/271 119/253/272 121/251/270
f 118/254/273 119/253/272 120/255/274
f 115/256/275 117/257/276 118/254/273
f 114/258/277 116/259/278 115/256/275
f 112/260/279 113/261/280 114/258/277
f 111/262/281 110/263/282 112/260/279
f 108/264/283 109/265/284 111/262/281
f 105/266/285 107/267/285 108/264/283
f 104/268/286 106/269/287 105/266/285
f 103/270/288 102/271/289 104/268/286
f 99/272/290 101/273/291 103/270/288
f 99/272/290 96/274/292 100/275/293
f 98/276/294 94/277/295 96/274/292
f 95/278/296 94/277/295 97/279/297
f 92/280/298 93/281/299 95/278/296
f 92/280/298 89/282/300 91/283/301
f 90/284/302 87/285/303 89/282/300
f 86/286/304 87/285/303 88/287/305
f 83/288/306 85/289/307 86/286/304
f 83/288/306 81/290/308 84/291/309
f 82/292/310 80/293/311 81/290/308
f 78/294/312 80/293/311 79/295/313
f 77/296/314 76/297/315 78/294/312
f 77/296/314 74/298/316 75/299/317
f 73/300/318 71/301/319 74/298/316
f 70/302/320 71/301/319 72/303/321
f 67/304/322 69/305/323 70/302/320
f 67/304/322 66/306/324 68/307/325
f 65/308/326 64/309/327 66/306/324
f 63/310/328 60/311/329 64/309/327
f 61/312/330 60/311/329 62/313/331
f 57/314/332 59/315/333 61/312/330
f 57/314/332 55/316/334 58/317/335
f 56/318/336 52/319/337 55/316/334
f 53/320/338 52/319/337 54/321/339
f 49/322/340 51/323/341 53/320/338
f 49/322/340 46/324/342 50/325/343
f 48/326/344 45/327/345 46/324/342
f 47/328/346 43/329/347 45/327/345
f 41/330/348 43/329/347 44/331/346
f 40/332/349 42/333/350 41/330/348
f 40/332/349 38/334/351 39/335/352
f 37/336/353 35/337/351 38/334/351
f 36/338/353 33/339/354 35/337/351
f 31/340/355 33/339/354 34/341/354
f 30/342/356 32/343/357 31/340/355
f 30/342/356 28/344/358 29/345/359
f 27/346/360 25/347/358 28/344/358
f 26/348/360 22/349/358 25/347/358
f 24/350/360 20/351/358 22/349/358
f 21/352/361 20/351/358 23/353/360
f 21/352/361 17/354/362 19/355/363
f 18/356/362 16/357/364 17/354/362
f 15/358/362 12/359/364 16/357/364
f 14/360/362 11/361/364 12/359/364
f 13/362/362 9/363/365 11/361/364
f 7/364/366 9/363/365 10/365/365
f 6/366/367 8/367/368 7/364/366
f 6/366/367 4/368/367 5/369/367
f 3/370/367 373/371/367 4/368/367
f 2/372/367 374/373/369 373/371/367
f 1/374/369 376/375/370 374/373/369
f 370/1/1 369/5/5 371/2/2
f 368/4/4 367/7/7 369/5/5
f 366/6/6 364/9/8 367/7/7
f 366/6/6 365/10/9 363/8/6
f 365/10/9 361/12/11 362/11/10
f 361/12/11 360/15/14 359/13/12
f 358/14/13 357/17/16 359/13/12
f 356/16/15 355/19/18 357/17/16
f 356/16/15 353/20/19 354/18/17
f 353/20/19 351/22/21 352/21/20
f 351/22/21 350/25/24 349/23/22
f 348/24/23 347/27/26 349/23/22
f 346/26/25 345/29/28 347/27/26
f 346/26/25 343/30/29 344/28/27
f 343/30/29 342/32/31 340/31/30
f 342/32/31 341/35/34 339/33/32
f 338/34/33 337/37/36 339/33/32
f 336/36/35 335/39/38 337/37/36
f 336/36/35 334/40/39 333/38/37
f 334/40/39 332/42/41 331/41/40
f 332/42/41 330/45/44 329/43/42
f 328/44/47 326/47/46 329/43/371
f 327/46/48 325/49/48 326/47/372
f 327/46/373 324/50/50 322/48/52
f 324/50/50 323/52/53 321/51/51
f 323/52/374 319/55/56 320/53/56
f 318/54/59 316/57/58 320/53/375
f 317/56/60 314/59/60 316/57/376
f 317/56/377 315/60/62 313/58/64
f 315/60/378 311/63/66 312/61/66
f 310/62/69 309/65/68 312/61/379
f 308/64/72 307/67/71 309/65/380
f 305/66/73 306/69/73 307/67/381
f 305/66/382 304/70/75 303/68/77
f 304/70/383 302/73/79 301/71/79
f 300/72/82 298/75/81 301/71/384
f 299/74/85 297/77/84 298/75/385
f 295/76/86 296/79/86 297/77/86
f 295/76/386 294/80/87 292/78/89
f 294/80/387 293/83/91 290/81/91
f 291/82/94 288/85/93 290/81/388
f 289/84/97 287/87/96 288/85/389
f 285/86/98 286/89/98 287/87/390
f 285/86/391 283/90/99 284/88/101
f 283/90/392 282/93/104 281/91/103
f 280/92/107 278/95/106 281/91/393
f 279/94/110 277/97/109 278/95/394
f 276/96/111 275/99/111 277/97/395
f 276/96/396 273/100/113 274/98/115
f 273/100/397 272/102/116 271/101/118
f 272/102/398 270/105/121 269/103/120
f 267/104/119 268/107/123 269/103/120
f 265/106/122 266/109/125 268/107/123
f 264/108/124 263/111/127 266/109/125
f 264/108/124 262/112/128 260/110/126
f 262/112/128 261/114/130 258/113/129
f 261/114/130 259/117/133 257/115/131
f 255/116/132 256/119/135 257/115/131
f 254/118/134 253/121/137 256/119/135
f 252/120/136 251/123/139 253/121/137
f 252/120/136 250/124/140 248/122/138
f 250/124/140 249/126/142 246/125/141
f 249/126/142 247/128/144 245/127/143
f 247/128/144 244/131/147 243/129/145
f 241/130/150 242/133/149 243/129/399
f 239/132/151 240/135/151 242/133/400
f 239/132/401 238/136/153 237/134/155
f 238/136/402 235/139/158 236/137/157
f 233/138/156 234/141/160 236/137/157
f 232/140/159 231/143/162 234/141/160
f 232/140/159 229/144/163 230/142/161
f 229/144/163 228/147/166 226/145/164
f 227/146/165 225/149/168 226/145/164
f 223/148/167 224/151/170 225/149/168
f 222/150/169 220/153/172 224/151/170
f 222/150/169 221/154/173 218/152/171
f 221/154/173 219/156/175 217/155/174
f 219/156/175 215/159/178 216/157/176
f 214/158/177 213/161/180 216/157/176
f 212/160/179 211/163/182 213/161/180
f 212/160/179 209/164/183 210/162/181
f 209/164/183 207/166/185 208/165/184
f 207/166/185 206/169/188 205/167/186
f 204/168/187 203/171/190 205/167/186
f 201/170/189 202/173/192 203/171/190
f 200/172/191 198/175/194 202/173/192
f 200/172/191 199/176/195 197/174/193
f 199/176/195 196/178/197 195/177/196
f 196/178/197 193/181/200 194/179/198
f 192/180/199 191/183/202 194/179/198
f 189/182/201 190/185/204 191/183/202
f 188/184/203 187/187/206 190/185/204
f 188/184/203 186/188/207 185/186/205
f 186/188/207 183/190/209 184/189/208
f 183/190/209 182/193/212 181/191/210
f 180/192/211 179/195/214 181/191/210
f 178/194/213 177/197/216 179/195/214
f 176/196/215 175/199/218 177/197/216
f 176/196/215 174/200/219 173/198/217
f 174/200/219 171/202/221 172/201/220
f 171/202/221 170/205/224 168/203/222
f 169/204/223 166/207/226 168/203/222
f 167/206/225 165/209/228 166/207/226
f 164/208/227 163/211/230 165/209/228
f 164/208/227 162/212/231 161/210/229
f 162/212/231 160/214/233 159/213/232
f 160/214/233 158/217/236 156/215/234
f 157/216/235 155/219/238 156/215/234
f 154/218/237 152/221/240 155/219/238
f 153/220/239 151/223/242 152/221/240
f 153/220/239 150/224/243 149/222/241
f 150/224/243 147/226/245 148/225/244
f 147/226/245 145/229/248 146/227/246
f 144/228/247 143/231/250 146/227/246
f 142/230/249 141/233/252 143/231/250
f 140/232/251 139/235/254 141/233/252
f 140/232/251 137/236/255 138/234/253
f 137/236/255 135/238/257 136/237/256
f 135/238/257 134/240/259 133/239/258
f 134/240/259 132/243/262 130/241/260
f 131/242/261 129/245/264 130/241/260
f 128/244/263 127/247/266 129/245/264
f 126/246/265 124/249/268 127/247/266
f 126/246/265 125/250/269 123/248/267
f 125/250/269 122/252/271 121/251/270
f 122/252/271 120/255/274 119/253/272
f 118/254/273 117/257/276 119/253/272
f 115/256/275 116/259/278 117/257/276
f 114/258/277 113/261/280 116/259/278
f 112/260/279 110/263/282 113/261/280
f 111/262/281 109/265/284 110/263/282
f 108/264/283 107/267/285 109/265/284
f 105/266/285 106/269/287 107/267/285
f 104/268/286 102/271/289 106/269/287
f 103/270/288 101/273/291 102/271/289
f 99/272/290 100/275/293 101/273/291
f 99/272/290 98/276/294 96/274/292
f 98/276/294 97/279/297 94/277/295
f 95/278/296 93/281/299 94/277/295
f 92/280/298 91/283/301 93/281/299
f 92/280/298 90/284/302 89/282/300
f 90/284/302 88/287/305 87/285/303
f 86/286/304 85/289/307 87/285/303
f 83/288/306 84/291/309 85/289/307
f 83/288/306 82/292/310 81/290/308
f 82/292/310 79/295/313 80/293/311
f 78/294/312 76/297/315 80/293/311
f 77/296/314 75/299/317 76/297/315
f 77/296/314 73/300/318 74/298/316
f 73/300/318 72/303/321 71/301/319
f 70/302/320 69/305/323 71/301/319
f 67/304/322 68/307/325 69/305/323
f 67/304/322 65/308/326 66/306/324
f 65/308/326 63/310/328 64/309/327
f 63/310/328 62/313/331 60/311/329
f 61/312/330 59/315/333 60/311/329
f 57/314/332 58/317/335 59/315/333
f 57/314/332 56/318/336 55/316/334
f 56/318/336 54/321/339 52/319/337
f 53/320/338 51/323/341 52/319/337
f 49/322/340 50/325/343 51/323/341
f 49/322/340 48/326/344 46/324/342
f 48/326/344 47/328/346 45/327/345
f 47/328/346 44/331/346 43/329/347
f 41/330/348 42/333/350 43/329/347
f 40/332/349 39/335/352 42/333/350
f 40/332/349 37/336/353 38/334/351
f 37/336/353 36/338/353 35/337/351
f 36/338/353 34/341/354 33/339/354
f 31/340/355 32/343/357 33/339/354
f 30/342/356 29/345/359 32/343/357
f 30/342/356 27/346/360 28/344/358
f 27/346/360 26/348/360 25/347/358
f 26/348/360 24/350/360 22/349/358
f 24/350/360 23/353/360 20/351/358
f 21/352/361 19/355/363 20/351/358
f 21/352/361 18/356/362 17/354/362
f 18/356/362 15/358/362 16/357/364
f 15/358/362 14/360/362 12/359/364
f 14/360/362 13/362/362 11/361/364
f 13/362/362 10/365/365 9/363/365
f 7/364/366 8/367/368 9/363/365
f 6/366/367 5/369/367 8/367/368
f 6/366/367 3/370/367 4/368/367
f 3/370/367 2/372/367 373/371/367
f 2/372/367 1/374/369 374/373/369
f 1/374/369 375/376/370 376/375/370
o Ribbons.002
v 86.809372 11.003540 286.443359
v 85.194633 10.996603 288.115112
v 103.767220 11.003538 303.426636
v 102.605194 10.996408 304.633972
v 85.194633 10.996603 288.115112
v 83.665031 10.978580 289.776733
v 102.605194 10.996408 304.633972
v 101.427521 10.978533 305.916565
v 83.665031 10.978580 289.776733
v 82.285263 10.953006 291.308807
v 101.427521 10.978533 305.916565
v 100.130836 10.953002 307.356689
v 82.285263 10.953006 291.308807
v 80.955742 10.922790 292.788879
v 100.130836 10.953002 307.356689
v 98.787621 10.922810 308.851990
v 80.955742 10.922790 292.788879
v 79.646118 10.889239 294.238861
v 98.787621 10.922810 308.851990
v 97.416519 10.889266 310.369995
v 79.646118 10.889239 294.238861
v 78.343597 10.853141 295.667633
v 97.416519 10.889266 310.369995
v 96.024612 10.853167 311.896698
v 78.343597 10.853141 295.667633
v 77.042282 10.815013 297.079437
v 96.024612 10.853167 311.896698
v 94.615273 10.815021 313.425385
v 77.042282 10.815013 297.079437
v 75.737114 10.774634 298.471222
v 94.615273 10.815021 313.425385
v 93.184860 10.774656 314.950806
v 75.737114 10.774634 298.471222
v 74.425827 10.732609 299.846558
v 93.184860 10.774656 314.950806
v 91.736679 10.732648 316.469879
v 74.425827 10.732609 299.846558
v 73.108818 10.689342 301.208466
v 91.736679 10.732648 316.469879
v 90.273621 10.689369 317.982544
v 73.108818 10.689342 301.208466
v 71.784531 10.644711 302.554962
v 90.273621 10.689369 317.982544
v 88.793533 10.644727 319.486969
v 71.784531 10.644711 302.554962
v 70.448563 10.598372 303.879364
v 88.793533 10.644727 319.486969
v 87.289879 10.598421 320.978149
v 70.448563 10.598372 303.879364
v 69.106194 10.551182 305.191620
v 87.289879 10.598421 320.978149
v 85.772591 10.551215 322.460999
v 69.106194 10.551182 305.191620
v 67.753525 10.502686 306.484863
v 85.772591 10.551215 322.460999
v 84.234795 10.502716 323.931000
v 67.753525 10.502686 306.484863
v 66.388931 10.452845 307.756012
v 84.234795 10.502716 323.931000
v 82.673798 10.452896 325.385620
v 66.388931 10.452845 307.756012
v 65.019035 10.402388 309.016846
v 82.673798 10.452896 325.385620
v 81.100739 10.402397 326.831970
v 65.019035 10.402388 309.016846
v 63.632229 10.350163 310.245483
v 81.100739 10.402397 326.831970
v 79.495201 10.350216 328.255646
v 63.632229 10.350163 310.245483
v 62.239075 10.297280 311.460785
v 79.495201 10.350216 328.255646
v 77.874977 10.297325 329.668427
v 62.239075 10.297280 311.460785
v 60.834450 10.243235 312.652649
v 77.874977 10.297325 329.668427
v 76.230637 10.243277 331.063477
v 60.834450 10.243235 312.652649
v 59.417618 10.187988 313.818054
v 76.230637 10.243277 331.063477
v 74.559860 10.188053 332.438293
v 59.417618 10.187988 313.818054
v 57.994663 10.132112 314.969452
v 74.559860 10.188053 332.438293
v 72.873528 10.132129 333.800781
v 57.994663 10.132112 314.969452
v 56.554176 10.074530 316.079987
v 72.873528 10.132129 333.800781
v 71.148560 10.074611 335.132629
v 56.554176 10.074530 316.079987
v 55.110680 10.016605 317.181763
v 71.148560 10.074611 335.132629
v 69.412560 10.016624 336.454956
v 55.110680 10.016605 317.181763
v 53.649071 9.956898 318.237061
v 69.412560 10.016624 336.454956
v 67.633682 9.956981 337.741699
v 53.649071 9.956898 318.237061
v 52.182991 9.896676 319.277618
v 67.633682 9.956981 337.741699
v 65.838837 9.896729 339.013824
v 52.182991 9.896676 319.277618
v 50.703423 9.835056 320.278748
v 65.838837 9.896729 339.013824
v 64.007431 9.835137 340.253784
v 50.703423 9.835056 320.278748
v 49.215832 9.772523 321.251709
v 64.007431 9.835137 340.253784
v 62.149376 9.772608 341.468628
v 49.215832 9.772523 321.251709
v 47.719292 9.708969 322.193451
v 62.149376 9.772608 341.468628
v 60.261635 9.709034 342.655334
v 47.719292 9.708969 322.193451
v 46.211884 9.644105 323.091858
v 60.261635 9.709034 342.655334
v 58.335854 9.644210 343.804352
v 46.211884 9.644105 323.091858
v 44.699883 9.578593 323.968781
v 58.335854 9.644210 343.804352
v 56.387981 9.578637 344.930389
v 44.699883 9.578593 323.968781
v 43.175087 9.511383 324.784790
v 56.387981 9.578637 344.930389
v 54.389977 9.511510 346.003357
v 43.175087 9.511383 324.784790
v 41.649704 9.443909 325.591400
v 54.389977 9.511510 346.003357
v 52.378380 9.443915 347.059906
v 41.649704 9.443909 325.591400
v 40.110718 9.374356 326.316772
v 52.378380 9.443915 347.059906
v 50.304024 9.374491 348.044495
v 40.110718 9.374356 326.316772
v 38.565659 9.304583 327.035339
v 50.304024 9.374491 348.044495
v 48.222694 9.304617 349.006683
v 38.565659 9.304583 327.035339
v 36.974377 9.233071 327.694336
v 48.222694 9.304617 349.006683
v 46.122829 9.233176 349.882263
v 36.974377 9.233071 327.694336
v 35.352932 9.161124 328.345947
v 46.122829 9.233176 349.882263
v 44.035439 9.161164 350.720367
v 35.352932 9.161124 328.345947
v 33.666454 9.088104 328.974365
v 44.035439 9.161164 350.720367
v 41.976902 9.088158 351.489624
v 33.666454 9.088104 328.974365
v 31.953753 9.014512 329.590302
v 41.976902 9.088158 351.489624
v 39.928547 9.014548 352.226624
v 31.953753 9.014512 329.590302
v 30.214296 8.940326 330.192841
v 39.928547 9.014548 352.226624
v 37.890789 8.940352 352.932007
v 30.214296 8.940326 330.192841
v 28.467876 8.865338 330.765839
v 37.890789 8.940352 352.932007
v 35.839687 8.865381 353.605652
v 28.467876 8.865338 330.765839
v 26.718163 8.789963 331.324646
v 35.839687 8.865381 353.605652
v 33.781334 8.789982 354.261749
v 26.718163 8.789963 331.324646
v 24.961231 8.713574 331.845093
v 33.781334 8.789982 354.261749
v 31.706345 8.713621 354.877777
v 24.961231 8.713574 331.845093
v 23.203119 8.636992 332.358368
v 31.706345 8.713621 354.877777
v 29.626974 8.636996 355.482666
v 23.203119 8.636992 332.358368
v 21.438190 8.559175 332.823761
v 29.626974 8.636996 355.482666
v 27.527607 8.559229 356.038391
v 21.438190 8.559175 332.823761
v 19.672987 8.481215 333.283539
v 27.527607 8.559229 356.038391
v 25.424572 8.481229 356.584167
v 19.672987 8.481215 333.283539
v 17.903397 8.402095 333.697052
v 25.424572 8.481229 356.584167
v 23.302536 8.402146 357.081848
v 17.903397 8.402095 333.697052
v 16.133579 8.322672 334.098206
v 23.302536 8.402146 357.081848
v 21.174412 8.322701 357.562866
v 16.133579 8.322672 334.098206
v 14.361963 8.242280 334.459595
v 21.174412 8.322701 357.562866
v 19.030102 8.242331 358.001251
v 14.361963 8.242280 334.459595
v 12.590637 8.161362 334.798706
v 19.030102 8.242331 358.001251
v 16.876274 8.161404 358.412964
v 12.590637 8.161362 334.798706
v 10.819500 8.079682 335.105652
v 16.876274 8.161404 358.412964
v 14.709420 8.079727 358.788300
v 10.819500 8.079682 335.105652
v 9.050214 7.997232 335.378662
v 14.709420 8.079727 358.788300
v 12.529400 7.997291 359.125122
v 9.050214 7.997232 335.378662
v 7.282398 7.914256 335.628662
v 12.529400 7.997291 359.125122
v 10.339807 7.914289 359.433136
v 7.282398 7.914256 335.628662
v 5.519247 7.830249 335.831299
v 10.339807 7.914289 359.433136
v 8.133219 7.830317 359.688477
v 5.519247 7.830249 335.831299
v 3.757878 7.745970 336.021790
v 8.133219 7.830317 359.688477
v 5.920917 7.745980 359.924164
v 3.757878 7.745970 336.021790
v 2.005595 7.660382 336.149261
v 5.920917 7.745980 359.924164
v 3.687782 7.660455 360.090210
v 2.005595 7.660382 336.149261
v 0.256151 7.574584 336.266449
v 3.687782 7.660455 360.090210
v 1.449982 7.574608 360.236694
v 0.256151 7.574584 336.266449
v -1.481738 7.487633 336.325043
v 1.449982 7.574608 360.236694
v -0.805980 7.487705 360.315521
v -1.481738 7.487633 336.325043
v -3.212768 7.400241 336.359833
v -0.805980 7.487705 360.315521
v -3.069618 7.400293 360.359375
v -3.212768 7.400241 336.359833
v -4.932430 7.312037 336.350952
v -3.069618 7.400293 360.359375
v -5.346004 7.312092 360.347351
v -4.932430 7.312037 336.350952
v -6.638041 7.223078 336.297760
v -5.346004 7.312092 360.347351
v -7.633698 7.223151 360.277100
v -6.638041 7.223078 336.297760
v -8.334864 7.133675 336.219238
v -7.633698 7.223151 360.277100
v -9.928391 7.133699 360.166321
v -8.334864 7.133675 336.219238
v -10.007103 7.043225 336.072723
v -9.928391 7.133699 360.166321
v -12.236753 7.043303 359.968903
v -10.007103 7.043225 336.072723
v -11.671298 6.952528 335.910095
v -12.236753 7.043303 359.968903
v -14.548357 6.952552 359.737000
v -11.671298 6.952528 335.910095
v -13.306229 6.860884 335.677765
v -14.548357 6.952552 359.737000
v -16.870111 6.860951 359.411652
v -13.306229 6.860884 335.677765
v -14.924452 6.768880 335.413971
v -16.870111 6.860951 359.411652
v -19.194117 6.768930 359.031128
v -14.924452 6.768880 335.413971
v -16.520733 6.676364 335.106873
v -19.194117 6.768930 359.031128
v -21.520975 6.676398 358.580261
v -16.520733 6.676364 335.106873
v -18.082922 6.583301 334.737579
v -21.520975 6.676398 358.580261
v -23.847260 6.583351 358.035095
v -18.082922 6.583301 334.737579
v -19.631702 6.490051 334.348419
v -23.847260 6.583351 358.035095
v -26.170675 6.490057 357.440460
v -19.631702 6.490051 334.348419
v -21.131704 6.396322 333.877106
v -26.170675 6.490057 357.440460
v -28.485283 6.396348 356.722778
v -21.131704 6.396322 333.877106
v -22.610306 6.302537 333.377106
v -28.485283 6.396348 356.722778
v -30.789093 6.302540 355.940521
v -22.610306 6.302537 333.377106
v -24.056814 6.208628 332.830200
v -30.789093 6.302540 355.940521
v -33.078331 6.208630 355.070129
v -24.056814 6.208628 332.830200
v -25.456116 6.114849 332.217438
v -33.078331 6.208630 355.070129
v -35.340683 6.114820 354.087402
v -25.456116 6.114849 332.217438
v -26.837088 6.021150 331.582977
v -35.340683 6.114820 354.087402
v -37.584164 6.021130 353.042267
v -26.837088 6.021150 331.582977
v -28.158489 5.927964 330.869019
v -37.584164 6.021130 353.042267
v -39.782997 5.927898 351.865967
v -28.158489 5.927964 330.869019
v -29.450359 5.835243 330.120361
v -39.782997 5.927898 351.865967
v -41.945477 5.835138 350.611145
v -29.450359 5.835243 330.120361
v -30.709736 5.742995 329.331696
v -41.945477 5.835138 350.611145
v -44.067490 5.742945 349.270905
v -30.709736 5.742995 329.331696
v -31.969444 5.651957 328.423767
v -44.067490 5.742945 349.270905
v -46.056396 5.651973 347.854614
v -31.969444 5.651957 328.423767
v -33.248589 5.560858 327.469818
v -46.056396 5.651973 347.854614
v -47.978363 5.560934 346.418030
v -33.248589 5.560858 327.469818
v -34.593033 5.468251 326.378052
v -47.978363 5.560934 346.418030
v -49.739090 5.468411 344.995148
v -34.593033 5.468251 326.378052
v -35.951302 5.372741 325.247070
v -49.739090 5.468411 344.995148
v -51.451492 5.372932 343.570374
v -35.951302 5.372741 325.247070
v -37.320656 5.274842 324.081879
v -51.451492 5.372932 343.570374
v -53.123486 5.274866 342.144836
v -37.320656 5.274842 324.081879
v -38.636997 5.171710 322.897491
v -53.123486 5.274866 342.144836
v -54.778061 5.171919 340.658875
v -38.636997 5.171710 322.897491
v -39.927258 5.066315 321.704559
v -54.778061 5.171919 340.658875
v -56.419930 5.066506 339.139954
v -39.927258 5.066315 321.704559
v -41.186287 4.958182 320.501221
v -56.419930 5.066506 339.139954
v -58.046345 4.958209 337.581512
v -41.186287 4.958182 320.501221
v -42.387569 4.845503 319.275421
v -58.046345 4.958209 337.581512
v -59.642315 4.845703 335.956970
v -42.387569 4.845503 319.275421
v -43.556686 4.730629 318.037537
v -59.642315 4.845703 335.956970
v -61.214424 4.730818 334.291870
v -43.556686 4.730629 318.037537
v -44.692257 4.613489 316.786438
v -61.214424 4.730818 334.291870
v -62.759914 4.613530 332.583893
v -44.692257 4.613489 316.786438
v -45.771370 4.493027 315.509552
v -62.759914 4.613530 332.583893
v -64.259628 4.493152 330.812653
v -45.771370 4.493027 315.509552
v -46.810516 4.370684 314.212402
v -64.259628 4.493152 330.812653
v -65.717361 4.370826 328.995209
v -46.810516 4.370684 314.212402
v -47.815357 4.246902 312.896698
v -65.717361 4.370826 328.995209
v -67.133774 4.246971 327.137421
v -47.815357 4.246902 312.896698
v -48.781059 4.121706 311.557770
v -67.133774 4.246971 327.137421
v -68.501129 4.121727 325.236938
v -48.781059 4.121706 311.557770
v -49.694580 3.995392 310.182800
v -68.501129 4.121727 325.236938
v -69.799873 3.995434 323.289185
v -49.694580 3.995392 310.182800
v -50.577164 3.868852 308.783539
v -69.799873 3.995434 323.289185
v -71.046967 3.868847 321.312988
v -50.577164 3.868852 308.783539
v -51.429932 3.742230 307.359344
v -71.046967 3.868847 321.312988
v -72.242325 3.742212 319.311096
v -51.429932 3.742230 307.359344
v -52.239983 3.616047 305.896881
v -72.242325 3.742212 319.311096
v -73.367653 3.616019 317.282043
v -52.239983 3.616047 305.896881
v -53.014954 3.490875 304.399536
v -73.367653 3.616019 317.282043
v -74.429497 3.490785 315.235474
v -53.014954 3.490875 304.399536
v -53.765572 3.366644 302.876068
v -74.429497 3.490785 315.235474
v -75.442177 3.366563 313.177765
v -53.765572 3.366644 302.876068
v -54.486115 3.243780 301.320251
v -75.442177 3.366563 313.177765
v -76.398499 3.243737 311.110413
v -54.486115 3.243780 301.320251
v -55.169411 3.123260 299.723267
v -76.398499 3.243737 311.110413
v -77.288162 3.123120 309.037811
v -55.169411 3.123260 299.723267
v -55.833977 3.004189 298.103760
v -77.288162 3.123120 309.037811
v -78.138809 3.004080 306.963470
v -55.833977 3.004189 298.103760
v -56.472900 2.887159 296.454803
v -78.138809 3.004080 306.963470
v -78.942108 2.887094 304.888947
v -56.472900 2.887159 296.454803
v -57.080818 2.773114 294.770264
v -78.942108 2.887094 304.888947
v -79.691338 2.772959 302.817902
v -57.080818 2.773114 294.770264
v -57.675476 2.660489 293.069427
v -79.691338 2.772959 302.817902
v -80.413734 2.660422 300.748718
v -57.675476 2.660489 293.069427
v -58.241741 2.551030 291.336487
v -80.413734 2.660422 300.748718
v -81.088882 2.550912 298.685486
v -58.241741 2.551030 291.336487
v -58.790672 2.443838 289.583435
v -81.088882 2.550912 298.685486
v -81.733795 2.443717 296.627136
v -58.790672 2.443838 289.583435
v -59.325409 2.338475 287.814026
v -81.733795 2.443717 296.627136
v -82.354080 2.338425 294.572754
v -59.325409 2.338475 287.814026
v -59.835350 2.236737 286.017334
v -82.354080 2.338425 294.572754
v -82.935738 2.236616 292.526733
v -59.835350 2.236737 286.017334
v -60.340172 2.135779 284.214386
v -82.935738 2.236616 292.526733
v -83.507172 2.135774 290.482574
v -60.340172 2.135779 284.214386
v -60.818466 2.039193 282.383026
v -83.507172 2.135774 290.482574
v -84.039368 2.039088 288.448456
v -60.818466 2.039193 282.383026
v -61.293854 1.943189 280.548035
v -84.039368 2.039088 288.448456
v -84.565506 1.943161 286.415710
v -61.293854 1.943189 280.548035
v -61.748840 1.850995 278.691559
v -84.565506 1.943161 286.415710
v -85.062180 1.850902 284.391418
v -61.748840 1.850995 278.691559
v -62.200279 1.759580 276.831024
v -85.062180 1.850902 284.391418
v -85.552658 1.759553 282.368805
v -62.200279 1.759580 276.831024
v -62.634811 1.671767 274.952942
v -85.552658 1.759553 282.368805
v -86.019257 1.671686 280.353668
v -62.634811 1.671767 274.952942
v -63.066017 1.584522 273.077179
v -86.019257 1.671686 280.353668
v -86.483040 1.584494 278.334778
v -63.066017 1.584522 273.077179
v -63.475433 1.501047 271.215027
v -86.483040 1.584494 278.334778
v -86.931931 1.500944 276.293701
v -63.475433 1.501047 271.215027
v -63.885559 1.417481 269.353027
v -86.931931 1.500944 276.293701
v -87.380142 1.417481 274.252441
v -63.885559 1.417481 269.353027
v -64.119934 1.340983 268.008301
v -87.380142 1.417481 274.252441
v -87.840279 1.340901 271.661469
v -64.119934 1.340983 268.008301
v -64.351685 1.271133 266.337006
v -87.840279 1.340901 271.661469
v -88.158821 1.271096 269.373505
v -64.351685 1.271133 266.337006
v -64.564690 1.206745 264.539795
v -88.158821 1.271096 269.373505
v -88.416733 1.206712 267.200592
v -64.564690 1.206745 264.539795
v -64.759880 1.146954 262.689575
v -88.416733 1.206712 267.200592
v -88.641068 1.146936 265.074707
v -64.759880 1.146954 262.689575
v -64.937920 1.091809 260.807434
v -88.641068 1.146936 265.074707
v -88.839722 1.091780 262.976166
v -64.937920 1.091809 260.807434
v -65.102348 1.040668 258.907593
v -88.839722 1.091780 262.976166
v -89.020142 1.040632 260.892242
v -65.102348 1.040668 258.907593
v -65.254219 0.993484 256.995422
v -89.020142 1.040632 260.892242
v -89.184906 0.993452 258.818085
v -65.254219 0.993484 256.995422
v -65.394417 0.950233 255.074402
v -89.184906 0.993452 258.818085
v -89.335808 0.950203 256.750702
v -65.394417 0.950233 255.074402
v -65.523712 0.910894 253.146881
v -89.335808 0.950203 256.750702
v -89.474182 0.910859 254.687973
v -65.523712 0.910894 253.146881
v -65.642700 0.875442 251.214539
v -89.474182 0.910859 254.687973
v -89.601006 0.875407 252.628540
v -65.642700 0.875442 251.214539
v -65.751877 0.843866 249.278534
v -89.601006 0.875407 252.628540
v -89.717026 0.843833 250.571411
v -65.751877 0.843866 249.278534
v -65.851677 0.816158 247.339783
v -89.717026 0.843833 250.571411
v -89.822853 0.816122 248.515854
v -65.851677 0.816158 247.339783
v -65.942436 0.792306 245.398926
v -89.822853 0.816122 248.515854
v -89.918900 0.792271 246.461349
v -65.942436 0.792306 245.398926
v -66.024437 0.772300 243.456543
v -89.918900 0.792271 246.461349
v -90.005585 0.772277 244.407532
v -66.024437 0.772300 243.456543
v -66.097931 0.756138 241.513031
v -90.005585 0.772277 244.407532
v -90.083191 0.756136 242.354004
v -66.097931 0.756138 241.513031
v -66.160759 0.744939 239.568619
v -90.083191 0.756136 242.354004
v -90.149597 0.744914 240.300583
v -66.160759 0.744939 239.568619
v -66.215088 0.737814 237.623917
v -90.149597 0.744914 240.300583
v -90.207008 0.737774 238.246857
v -66.215088 0.737814 237.623917
v -66.261055 0.734775 235.679169
v -90.207008 0.737774 238.246857
v -90.255554 0.734725 236.192780
v -66.261055 0.734775 235.679169
v -66.298752 0.735833 233.734573
v -90.255554 0.734725 236.192780
v -90.295349 0.735792 234.138123
v -66.298752 0.735833 233.734573
v -66.328247 0.741002 231.790314
v -90.295349 0.735792 234.138123
v -90.326462 0.741002 232.082825
v -66.328247 0.741002 231.790314
v -66.346268 0.752073 229.846970
v -90.326462 0.741002 232.082825
v -90.345596 0.752032 230.026413
v -66.346268 0.752073 229.846970
v -66.355583 0.767722 227.893967
v -90.345596 0.752032 230.026413
v -90.355431 0.767633 227.979599
v -66.355583 0.767722 227.893967
v -66.358986 0.793127 225.925476
v -90.355431 0.767633 227.979599
v -90.358978 0.793074 225.948486
v -66.358986 0.793127 225.925476
v -66.358688 0.831749 223.939850
v -90.358978 0.793074 225.948486
v -90.358688 0.831747 223.934906
v -66.358688 0.831749 223.939850
v -66.358170 0.898276 221.942139
v -90.358688 0.831747 223.934906
v -90.358170 0.898272 221.934814
v -66.358170 0.898276 221.942139
v -66.357437 0.984719 219.945129
v -90.358170 0.898272 221.934814
v -90.357437 0.984715 219.935623
v -66.357437 0.984719 219.945129
v -66.356567 1.088228 217.948898
v -90.357437 0.984715 219.935623
v -90.356567 1.088223 217.937302
v -66.356567 1.088228 217.948898
v -66.355537 1.208143 215.953445
v -90.356567 1.088223 217.937302
v -90.355530 1.208141 215.939941
v -66.355537 1.208143 215.953445
v -66.354324 1.350152 213.959381
v -90.355530 1.208141 215.939941
v -90.354317 1.350148 213.944122
v -66.354324 1.350152 213.959381
v -66.352966 1.506329 211.966324
v -90.354317 1.350148 213.944122
v -90.352966 1.506326 211.949463
v -66.352966 1.506329 211.966324
v -66.351517 1.675374 209.974243
v -90.352966 1.506326 211.949463
v -90.351509 1.675374 209.955902
v -66.351517 1.675374 209.974243
v -66.349945 1.856674 207.983154
v -90.351509 1.675374 209.955902
v -90.349945 1.856672 207.963470
v -66.349945 1.856674 207.983154
v -66.348251 2.053494 205.993439
v -90.349945 1.856672 207.963470
v -90.348251 2.053493 205.972580
v -66.348251 2.053494 205.993439
v -66.346466 2.260257 204.004700
v -90.348251 2.053493 205.972580
v -90.346451 2.260257 203.982819
v -66.346466 2.260257 204.004700
v -66.344620 2.475763 202.016785
v -90.346451 2.260257 203.982819
v -90.344604 2.475763 201.994019
v -66.344620 2.475763 202.016785
v -66.342705 2.699272 200.029724
v -90.344604 2.475763 201.994019
v -90.342697 2.699274 200.006180
v -66.342705 2.699272 200.029724
v -66.340729 2.931082 198.043488
v -90.342697 2.699274 200.006180
v -90.340714 2.931085 198.019379
v -66.340729 2.931082 198.043488
v -66.338715 3.169018 196.057877
v -90.340714 2.931085 198.019379
v -90.338692 3.169016 196.033386
v -66.338715 3.169018 196.057877
v -66.336670 3.410949 194.072662
v -90.338692 3.169016 196.033386
v -90.336655 3.410949 194.047989
v -66.336670 3.410949 194.072662
v -66.334618 3.655802 192.087708
v -90.336655 3.410949 194.047989
v -90.334610 3.655801 192.062988
v -66.334618 3.655802 192.087708
v -66.332581 3.902327 190.102875
v -90.334610 3.655801 192.062988
v -90.332558 3.902322 190.078354
v -66.332581 3.902327 190.102875
v -66.330566 4.148911 188.117905
v -90.332558 3.902322 190.078354
v -90.330544 4.148911 188.093796
v -66.330566 4.148911 188.117905
v -66.328598 4.393121 186.132523
v -90.330544 4.148911 188.093796
v -90.328568 4.393118 186.109100
v -66.328598 4.393121 186.132523
v -66.326683 4.633096 184.146515
v -90.328568 4.393118 186.109100
v -90.326668 4.633093 184.124054
v -66.326683 4.633096 184.146515
v -66.324883 4.866675 182.159561
v -90.326668 4.633093 184.124054
v -90.324875 4.866668 182.138382
v -66.324883 4.866675 182.159561
v -66.323181 5.091271 180.171371
v -90.324875 4.866668 182.138382
v -90.323166 5.091267 180.151886
v -66.323181 5.091271 180.171371
v -66.321640 5.303812 178.181686
v -90.323166 5.091267 180.151886
v -90.321632 5.303808 178.164291
v -66.321640 5.303812 178.181686
v -66.320290 5.500603 176.190094
v -90.321632 5.303808 178.164291
v -90.320282 5.500597 176.175323
v -66.320290 5.500603 176.190094
v -66.319183 5.677146 174.196289
v -90.320282 5.500597 176.175323
v -90.319183 5.677137 174.184753
v -66.319183 5.677146 174.196289
v -66.318382 5.827948 172.199997
v -90.319183 5.677137 174.184753
v -90.318382 5.827936 172.192520
v -66.318382 5.827948 172.199997
v -66.317947 5.946230 170.201050
v -90.318382 5.827936 172.192520
v -90.317940 5.946218 170.198578
v -66.317947 5.946230 170.201050
v -66.317772 6.041963 168.201874
v -90.317940 5.946218 170.198578
v -90.317764 6.041960 168.202484
v -90.317764 6.041960 168.202484
v -90.315643 5.926631 167.518845
v -66.317772 6.041963 168.201874
v -66.315689 5.908455 167.555008
v -90.315643 5.926631 167.518845
v -90.315125 5.718607 167.066864
v -66.315689 5.908455 167.555008
v -66.315170 5.698236 167.104050
v -90.315125 5.718607 167.066864
v -90.314835 5.380001 166.702148
v -66.315170 5.698236 167.104050
v -66.314880 5.358665 166.740448
v -90.314835 5.380001 166.702148
v -90.314812 4.953715 166.443512
v -66.314880 5.358665 166.740448
v -66.314857 4.931793 166.482315
v -90.314812 4.953715 166.443512
v -90.314964 4.484799 166.271744
v -66.314857 4.931793 166.482315
v -66.315002 4.462658 166.311340
v -90.314964 4.484799 166.271744
v -90.315224 3.998720 166.155716
v -66.315002 4.462658 166.311340
v -66.315262 3.976514 166.196152
v -90.315224 3.998720 166.155716
v -90.315552 3.503930 166.085190
v -66.315262 3.976514 166.196152
v -66.315605 3.481565 166.125885
v -90.315552 3.503930 166.085190
v -90.315956 3.005818 166.043213
v -66.315605 3.481565 166.125885
v -66.316002 2.983423 166.084412
v -90.315956 3.005818 166.043213
v -90.316383 2.505949 166.023651
v -66.316002 2.983423 166.084412
v -66.316437 2.484229 166.065430
v -90.316383 2.505949 166.023651
v -90.316849 2.005853 166.021637
v -66.316429 2.484228 166.065430
v -66.316895 1.984472 166.064056
v -90.316849 2.005853 166.021606
v -90.317337 1.506760 166.041107
v -66.316895 1.984470 166.064026
v -66.317375 1.483940 166.068695
v -90.317337 1.506760 166.041107
v -90.317841 1.008798 166.091949
v -66.317375 1.483940 166.068695
v -66.317871 0.982944 166.063385
v -90.317841 1.008798 166.091980
v -90.318352 0.510015 166.121765
v -66.317863 0.982943 166.063400
v -66.318390 0.483361 166.090759
v -90.318352 0.510015 166.121750
v -90.318886 0.010199 166.138092
v -66.318390 0.483360 166.090729
v -66.318893 -0.015388 166.127914
vn -0.0026 1.0000 0.0028
vn -0.0023 1.0000 0.0024
vn -0.0021 1.0000 0.0021
vn -0.0065 1.0000 0.0070
vn -0.0059 1.0000 0.0063
vn -0.0055 1.0000 0.0058
vn -0.0085 0.9999 0.0095
vn -0.0085 0.9999 0.0094
vn -0.0083 0.9999 0.0092
vn -0.0101 0.9999 0.0113
vn -0.0101 0.9999 0.0112
vn -0.0102 0.9999 0.0113
vn -0.0112 0.9999 0.0123
vn -0.0114 0.9999 0.0126
vn -0.0115 0.9999 0.0128
vn -0.0120 0.9998 0.0132
vn -0.0123 0.9998 0.0135
vn -0.0125 0.9998 0.0138
vn -0.0128 0.9998 0.0138
vn -0.0131 0.9998 0.0142
vn -0.0134 0.9998 0.0146
vn -0.0135 0.9998 0.0145
vn -0.0141 0.9998 0.0151
vn -0.0131 0.9998 0.0141
vn -0.0142 0.9998 0.0149
vn -0.0149 0.9998 0.0156
vn -0.0137 0.9998 0.0145
vn -0.0148 0.9998 0.0152
vn -0.0154 0.9998 0.0160
vn -0.0158 0.9997 0.0165
vn -0.0154 0.9998 0.0156
vn -0.0161 0.9997 0.0164
vn -0.0165 0.9997 0.0169
vn -0.0160 0.9997 0.0160
vn -0.0169 0.9997 0.0168
vn -0.0154 0.9998 0.0155
vn -0.0165 0.9997 0.0160
vn -0.0174 0.9997 0.0170
vn -0.0179 0.9997 0.0176
vn -0.0172 0.9997 0.0164
vn -0.0180 0.9997 0.0173
vn -0.0186 0.9997 0.0180
vn -0.0178 0.9997 0.0166
vn -0.0189 0.9997 0.0175
vn -0.0170 0.9997 0.0160
vn -0.0182 0.9997 0.0165
vn -0.0192 0.9997 0.0177
vn -0.0199 0.9996 0.0184
vn -0.0189 0.9997 0.0170
vn -0.0202 0.9996 0.0180
vn -0.0180 0.9997 0.0163
vn -0.0195 0.9997 0.0168
vn -0.0207 0.9996 0.0181
vn -0.0215 0.9996 0.0189
vn -0.0200 0.9997 0.0170
vn -0.0213 0.9996 0.0183
vn -0.0222 0.9996 0.0191
vn -0.0206 0.9996 0.0171
vn -0.0223 0.9996 0.0183
vn -0.0196 0.9997 0.0164
vn -0.0212 0.9996 0.0168
vn -0.0227 0.9996 0.0183
vn -0.0237 0.9995 0.0192
vn -0.0219 0.9996 0.0172
vn -0.0238 0.9995 0.0184
vn -0.0207 0.9997 0.0164
vn -0.0224 0.9996 0.0168
vn -0.0242 0.9995 0.0184
vn -0.0253 0.9995 0.0194
vn -0.0232 0.9996 0.0171
vn -0.0255 0.9995 0.0184
vn -0.0218 0.9996 0.0162
vn -0.0238 0.9996 0.0167
vn -0.0259 0.9995 0.0184
vn -0.0272 0.9994 0.0195
vn -0.0245 0.9996 0.0167
vn -0.0271 0.9995 0.0182
vn -0.0229 0.9996 0.0158
vn -0.0253 0.9995 0.0164
vn -0.0277 0.9994 0.0183
vn -0.0293 0.9994 0.0195
vn -0.0259 0.9995 0.0161
vn -0.0286 0.9994 0.0182
vn -0.0303 0.9994 0.0194
vn -0.0266 0.9995 0.0161
vn -0.0299 0.9994 0.0177
vn -0.0246 0.9996 0.0151
vn -0.0273 0.9995 0.0155
vn -0.0304 0.9994 0.0176
vn -0.0323 0.9993 0.0189
vn -0.0282 0.9995 0.0154
vn -0.0319 0.9993 0.0171
vn -0.0258 0.9996 0.0144
vn -0.0288 0.9995 0.0147
vn -0.0323 0.9993 0.0169
vn -0.0345 0.9992 0.0183
vn -0.0298 0.9995 0.0145
vn -0.0342 0.9993 0.0162
vn -0.0270 0.9995 0.0135
vn -0.0304 0.9994 0.0137
vn -0.0345 0.9993 0.0160
vn -0.0370 0.9992 0.0174
vn -0.0313 0.9994 0.0135
vn -0.0357 0.9993 0.0149
vn -0.0287 0.9995 0.0126
vn -0.0320 0.9994 0.0127
vn -0.0357 0.9993 0.0146
vn -0.0380 0.9992 0.0157
vn -0.0329 0.9994 0.0125
vn -0.0361 0.9993 0.0134
vn -0.0310 0.9994 0.0120
vn -0.0335 0.9994 0.0122
vn -0.0363 0.9993 0.0129
vn -0.0317 0.9994 0.0117
vn -0.0341 0.9993 0.0117
vn -0.0365 0.9993 0.0127
vn -0.0380 0.9992 0.0134
vn -0.0345 0.9993 0.0115
vn -0.0372 0.9992 0.0121
vn -0.0329 0.9994 0.0111
vn -0.0349 0.9993 0.0110
vn -0.0374 0.9992 0.0120
vn -0.0390 0.9992 0.0126
vn -0.0354 0.9993 0.0108
vn -0.0382 0.9992 0.0113
vn -0.0337 0.9994 0.0104
vn -0.0358 0.9993 0.0101
vn -0.0384 0.9992 0.0111
vn -0.0401 0.9991 0.0117
vn -0.0363 0.9993 0.0099
vn -0.0393 0.9992 0.0105
vn -0.0345 0.9994 0.0096
vn -0.0366 0.9993 0.0092
vn -0.0395 0.9992 0.0102
vn -0.0413 0.9991 0.0108
vn -0.0372 0.9993 0.0090
vn -0.0404 0.9991 0.0095
vn -0.0352 0.9993 0.0087
vn -0.0376 0.9993 0.0082
vn -0.0406 0.9991 0.0092
vn -0.0426 0.9990 0.0098
vn -0.0380 0.9992 0.0079
vn -0.0414 0.9991 0.0083
vn -0.0359 0.9993 0.0077
vn -0.0384 0.9992 0.0072
vn -0.0418 0.9991 0.0081
vn -0.0440 0.9990 0.0087
vn -0.0388 0.9992 0.0066
vn -0.0424 0.9991 0.0075
vn -0.0447 0.9990 0.0081
vn -0.0393 0.9992 0.0063
vn -0.0431 0.9990 0.0066
vn -0.0369 0.9993 0.0061
vn -0.0396 0.9992 0.0053
vn -0.0435 0.9990 0.0062
vn -0.0459 0.9989 0.0067
vn -0.0401 0.9992 0.0049
vn -0.0443 0.9990 0.0050
vn -0.0375 0.9993 0.0048
vn -0.0403 0.9992 0.0039
vn -0.0446 0.9990 0.0047
vn -0.0472 0.9989 0.0052
vn -0.0409 0.9992 0.0034
vn -0.0456 0.9990 0.0034
vn -0.0380 0.9993 0.0034
vn -0.0411 0.9992 0.0023
vn -0.0459 0.9989 0.0030
vn -0.0488 0.9988 0.0034
vn -0.0416 0.9991 0.0018
vn -0.0467 0.9989 0.0015
vn -0.0384 0.9993 0.0019
vn -0.0418 0.9991 0.0005
vn -0.0471 0.9989 0.0010
vn -0.0504 0.9987 0.0014
vn -0.0421 0.9991 -0.0004
vn -0.0477 0.9989 -0.0000
vn -0.0512 0.9987 0.0003
vn -0.0424 0.9991 -0.0011
vn -0.0483 0.9988 -0.0018
vn -0.0388 0.9992 -0.0007
vn -0.0426 0.9991 -0.0025
vn -0.0487 0.9988 -0.0023
vn -0.0525 0.9986 -0.0022
vn -0.0389 0.9992 -0.0026
vn -0.0539 0.9985 -0.0050
vn -0.0388 0.9992 -0.0047
vn -0.0554 0.9984 -0.0083
vn -0.0559 0.9984 -0.0101
vn -0.0381 0.9992 -0.0081
vn -0.0566 0.9983 -0.0140
vn -0.0372 0.9993 -0.0105
vn -0.0571 0.9982 -0.0184
vn -0.0570 0.9982 -0.0207
vn -0.0352 0.9993 -0.0143
vn -0.0561 0.9981 -0.0253
vn -0.0334 0.9993 -0.0167
vn -0.0542 0.9981 -0.0300
vn -0.0529 0.9981 -0.0323
vn -0.0309 0.9993 -0.0207
vn -0.0462 0.9984 -0.0335
vn -0.0347 0.9990 -0.0275
vn -0.0388 0.9988 -0.0313
vn -0.0322 0.9992 -0.0251
vn -0.0354 0.9989 -0.0292
vn -0.0390 0.9987 -0.0327
vn -0.0332 0.9991 -0.0270
vn -0.0358 0.9989 -0.0310
vn -0.0393 0.9987 -0.0335
vn -0.0415 0.9985 -0.0351
vn -0.0370 0.9988 -0.0329
vn -0.0407 0.9985 -0.0367
vn -0.0348 0.9989 -0.0305
vn -0.0370 0.9987 -0.0346
vn -0.0415 0.9984 -0.0381
vn -0.0443 0.9982 -0.0403
vn -0.0372 0.9987 -0.0361
vn -0.0420 0.9983 -0.0401
vn -0.0450 0.9981 -0.0426
vn -0.0351 0.9988 -0.0347
vn -0.0468 0.9977 -0.0484
vn -0.0468 0.9976 -0.0509
vn -0.0341 0.9987 -0.0390
vn -0.0334 0.9986 -0.0404
vn -0.0459 0.9972 -0.0587
vn -0.0449 0.9971 -0.0609
vn -0.0307 0.9985 -0.0443
vn -0.0295 0.9985 -0.0453
vn -0.0397 0.9971 -0.0649
vn -0.0270 0.9985 -0.0471
vn -0.0257 0.9985 -0.0478
vn -0.0329 0.9973 -0.0651
vn -0.0307 0.9974 -0.0646
vn -0.0218 0.9986 -0.0488
vn -0.0263 0.9977 -0.0625
vn -0.0201 0.9984 -0.0526
vn -0.0228 0.9981 -0.0580
vn -0.0244 0.9978 -0.0614
vn -0.0190 0.9985 -0.0516
vn -0.0204 0.9982 -0.0567
vn -0.0182 0.9987 -0.0485
vn -0.0176 0.9985 -0.0514
vn -0.0196 0.9982 -0.0560
vn -0.0209 0.9981 -0.0588
vn -0.0167 0.9986 -0.0503
vn -0.0177 0.9984 -0.0545
vn -0.0161 0.9987 -0.0477
vn -0.0157 0.9986 -0.0496
vn -0.0166 0.9984 -0.0534
vn -0.0152 0.9988 -0.0473
vn -0.0146 0.9987 -0.0490
vn -0.0159 0.9985 -0.0523
vn -0.0167 0.9984 -0.0544
vn -0.0139 0.9988 -0.0477
vn -0.0145 0.9986 -0.0506
vn -0.0135 0.9989 -0.0459
vn -0.0130 0.9988 -0.0475
vn -0.0140 0.9986 -0.0502
vn -0.0146 0.9985 -0.0518
vn -0.0123 0.9989 -0.0457
vn -0.0127 0.9988 -0.0479
vn -0.0120 0.9989 -0.0443
vn -0.0117 0.9989 -0.0456
vn -0.0124 0.9988 -0.0476
vn -0.0128 0.9987 -0.0489
vn -0.0109 0.9990 -0.0440
vn -0.0112 0.9989 -0.0457
vn -0.0108 0.9990 -0.0429
vn -0.0104 0.9990 -0.0437
vn -0.0109 0.9989 -0.0453
vn -0.0113 0.9989 -0.0463
vn -0.0099 0.9991 -0.0421
vn -0.0101 0.9990 -0.0434
vn -0.0098 0.9991 -0.0413
vn -0.0095 0.9991 -0.0419
vn -0.0099 0.9990 -0.0432
vn -0.0102 0.9990 -0.0441
vn -0.0090 0.9992 -0.0401
vn -0.0092 0.9991 -0.0416
vn -0.0088 0.9992 -0.0390
vn -0.0085 0.9992 -0.0402
vn -0.0089 0.9991 -0.0417
vn -0.0093 0.9990 -0.0428
vn -0.0059 0.9996 -0.0285
vn -0.0047 0.9994 -0.0329
vn -0.0050 0.9993 -0.0379
vn -0.0046 0.9995 -0.0299
vn -0.0037 0.9995 -0.0309
vn -0.0038 0.9994 -0.0336
vn -0.0037 0.9996 -0.0292
vn -0.0031 0.9996 -0.0289
vn -0.0032 0.9995 -0.0308
vn -0.0031 0.9996 -0.0278
vn -0.0026 0.9996 -0.0269
vn -0.0026 0.9996 -0.0282
vn -0.0026 0.9997 -0.0260
vn -0.0022 0.9997 -0.0250
vn -0.0022 0.9997 -0.0260
vn -0.0022 0.9997 -0.0243
vn -0.0019 0.9997 -0.0232
vn -0.0019 0.9997 -0.0239
vn -0.0019 0.9997 -0.0226
vn -0.0016 0.9998 -0.0212
vn -0.0016 0.9998 -0.0219
vn -0.0016 0.9998 -0.0208
vn -0.0013 0.9998 -0.0195
vn -0.0013 0.9998 -0.0198
vn -0.0013 0.9998 -0.0190
vn -0.0011 0.9998 -0.0174
vn -0.0011 0.9998 -0.0180
vn -0.0011 0.9999 -0.0171
vn -0.0009 0.9999 -0.0157
vn -0.0009 0.9999 -0.0158
vn -0.0009 0.9999 -0.0153
vn -0.0007 0.9999 -0.0139
vn -0.0007 0.9999 -0.0138
vn -0.0007 0.9999 -0.0134
vn -0.0006 0.9999 -0.0122
vn -0.0006 0.9999 -0.0120
vn -0.0006 0.9999 -0.0123
vn -0.0004 1.0000 -0.0098
vn -0.0005 0.9999 -0.0102
vn -0.0005 0.9999 -0.0103
vn -0.0003 1.0000 -0.0083
vn -0.0003 1.0000 -0.0082
vn -0.0002 1.0000 -0.0057
vn -0.0002 1.0000 -0.0055
vn -0.0001 1.0000 -0.0037
vn -0.0001 1.0000 -0.0035
vn -0.0000 1.0000 -0.0016
vn -0.0000 1.0000 -0.0015
vn -0.0000 1.0000 0.0005
vn -0.0000 1.0000 0.0027
vn -0.0000 1.0000 0.0025
vn -0.0000 1.0000 0.0057
vn 0.0001 1.0000 0.0054
vn -0.0000 1.0000 0.0080
vn 0.0001 1.0000 0.0076
vn -0.0000 0.9999 0.0125
vn -0.0000 0.9998 0.0194
vn -0.0000 0.9998 0.0192
vn -0.0000 0.9994 0.0333
vn -0.0000 0.9994 0.0332
vn -0.0000 0.9991 0.0432
vn -0.0000 0.9987 0.0518
vn -0.0000 0.9987 0.0517
vn -0.0000 0.9982 0.0600
vn -0.0000 0.9982 0.0599
vn -0.0000 0.9975 0.0710
vn -0.0001 0.9969 0.0781
vn -0.0000 0.9969 0.0781
vn -0.0001 0.9964 0.0846
vn -0.0001 0.9964 0.0845
vn -0.0001 0.9959 0.0907
vn -0.0001 0.9959 0.0906
vn -0.0001 0.9951 0.0984
vn -0.0001 0.9946 0.1034
vn -0.0001 0.9942 0.1078
vn -0.0001 0.9942 0.1077
vn -0.0001 0.9937 0.1118
vn -0.0001 0.9937 0.1117
vn -0.0001 0.9933 0.1159
vn -0.0001 0.9929 0.1190
vn -0.0001 0.9927 0.1210
vn -0.0001 0.9925 0.1224
vn -0.0001 0.9924 0.1233
vn -0.0001 0.9925 0.1221
vn -0.0001 0.9928 0.1200
vn -0.0001 0.9932 0.1168
vn -0.0001 0.9937 0.1123
vn -0.0001 0.9943 0.1062
vn -0.0001 0.9943 0.1063
vn -0.0001 0.9952 0.0983
vn -0.0001 0.9951 0.0985
vn -0.0000 0.9961 0.0882
vn -0.0001 0.9961 0.0883
vn -0.0000 0.9972 0.0753
vn -0.0000 0.9971 0.0755
vn -0.0000 0.9983 0.0591
vn -0.0000 0.9982 0.0592
vn -0.0000 0.9989 0.0478
vn -0.0000 0.9989 0.0479
vn -0.0000 -0.9861 0.1663
vn -0.0013 -0.9070 0.4212
vn -0.0014 -0.9078 0.4194
vn -0.0013 -0.9064 0.4225
vn -0.0017 -0.7315 0.6819
vn -0.0017 -0.7322 0.6810
vn -0.0017 -0.7329 0.6804
vn -0.0018 -0.5179 0.8555
vn -0.0019 -0.5184 0.8552
vn -0.0018 -0.5175 0.8557
vn -0.0019 -0.3428 0.9394
vn -0.0018 -0.3436 0.9391
vn -0.0018 -0.3440 0.9390
vn -0.0018 -0.2310 0.9730
vn -0.0019 -0.2317 0.9728
vn -0.0018 -0.2306 0.9731
vn -0.0018 -0.1411 0.9900
vn -0.0018 -0.1409 0.9900
vn -0.0018 -0.0833 0.9965
vn -0.0018 -0.0838 0.9965
vn -0.0018 -0.0830 0.9966
vn -0.0017 -0.0384 0.9993
vn -0.0017 -0.0388 0.9992
vn -0.0018 -0.0380 0.9993
vn -0.0017 -0.0031 1.0000
vn -0.0018 -0.0035 1.0000
vn -0.0017 -0.0027 1.0000
vn -0.0018 0.0093 1.0000
vn -0.0010 0.1016 0.9948
vn 0.0013 0.0561 0.9984
vn 0.0013 0.0582 0.9983
vn 0.0012 0.0547 0.9985
vn 0.0013 0.0327 0.9995
vn -0.0029 1.0000 0.0031
vn -0.0069 0.9999 0.0076
vn -0.0088 0.9999 0.0098
vn -0.0110 0.9999 0.0121
vn -0.0118 0.9998 0.0129
vn -0.0125 0.9998 0.0134
vn -0.0145 0.9998 0.0154
vn -0.0153 0.9998 0.0159
vn -0.0144 0.9998 0.0147
vn -0.0149 0.9998 0.0150
vn -0.0175 0.9997 0.0173
vn -0.0160 0.9998 0.0154
vn -0.0166 0.9997 0.0157
vn -0.0196 0.9996 0.0181
vn -0.0175 0.9997 0.0158
vn -0.0211 0.9996 0.0186
vn -0.0187 0.9997 0.0160
vn -0.0192 0.9997 0.0161
vn -0.0234 0.9995 0.0190
vn -0.0202 0.9997 0.0160
vn -0.0251 0.9995 0.0192
vn -0.0213 0.9996 0.0158
vn -0.0269 0.9995 0.0193
vn -0.0225 0.9996 0.0156
vn -0.0287 0.9994 0.0191
vn -0.0237 0.9996 0.0152
vn -0.0243 0.9996 0.0149
vn -0.0319 0.9993 0.0187
vn -0.0254 0.9996 0.0142
vn -0.0343 0.9992 0.0181
vn -0.0266 0.9996 0.0133
vn -0.0370 0.9992 0.0173
vn -0.0279 0.9995 0.0123
vn -0.0384 0.9991 0.0158
vn -0.0298 0.9995 0.0116
vn -0.0380 0.9992 0.0140
vn -0.0381 0.9992 0.0134
vn -0.0326 0.9994 0.0110
vn -0.0388 0.9992 0.0125
vn -0.0333 0.9994 0.0103
vn -0.0400 0.9991 0.0117
vn -0.0341 0.9994 0.0095
vn -0.0412 0.9991 0.0108
vn -0.0348 0.9994 0.0086
vn -0.0424 0.9991 0.0098
vn -0.0356 0.9993 0.0076
vn -0.0436 0.9990 0.0086
vn -0.0363 0.9993 0.0066
vn -0.0366 0.9993 0.0060
vn -0.0455 0.9989 0.0067
vn -0.0372 0.9993 0.0048
vn -0.0470 0.9989 0.0051
vn -0.0377 0.9993 0.0034
vn -0.0485 0.9988 0.0034
vn -0.0382 0.9993 0.0019
vn -0.0499 0.9988 0.0014
vn -0.0386 0.9993 0.0002
vn -0.0387 0.9993 -0.0007
vn -0.0520 0.9986 -0.0022
vn -0.0388 0.9992 -0.0026
vn -0.0536 0.9986 -0.0050
vn -0.0548 0.9985 -0.0082
vn -0.0384 0.9992 -0.0069
vn -0.0382 0.9992 -0.0081
vn -0.0562 0.9983 -0.0139
vn -0.0374 0.9992 -0.0106
vn -0.0566 0.9982 -0.0182
vn -0.0362 0.9993 -0.0131
vn -0.0355 0.9993 -0.0144
vn -0.0558 0.9981 -0.0252
vn -0.0338 0.9993 -0.0169
vn -0.0317 0.9993 -0.0193
vn -0.0305 0.9993 -0.0204
vn -0.0474 0.9983 -0.0344
vn -0.0299 0.9993 -0.0233
vn -0.0414 0.9986 -0.0337
vn -0.0412 0.9985 -0.0349
vn -0.0336 0.9990 -0.0294
vn -0.0430 0.9983 -0.0391
vn -0.0342 0.9989 -0.0324
vn -0.0342 0.9988 -0.0337
vn -0.0455 0.9979 -0.0471
vn -0.0339 0.9987 -0.0369
vn -0.0335 0.9987 -0.0383
vn -0.0458 0.9974 -0.0554
vn -0.0452 0.9973 -0.0578
vn -0.0314 0.9986 -0.0426
vn -0.0305 0.9986 -0.0439
vn -0.0417 0.9971 -0.0639
vn -0.0398 0.9971 -0.0651
vn -0.0270 0.9985 -0.0470
vn -0.0357 0.9972 -0.0663
vn -0.0334 0.9973 -0.0661
vn -0.0232 0.9985 -0.0489
vn -0.0220 0.9985 -0.0492
vn -0.0269 0.9976 -0.0638
vn -0.0196 0.9986 -0.0493
vn -0.0185 0.9986 -0.0492
vn -0.0213 0.9980 -0.0599
vn -0.0164 0.9987 -0.0486
vn -0.0184 0.9982 -0.0571
vn -0.0171 0.9983 -0.0557
vn -0.0138 0.9988 -0.0470
vn -0.0148 0.9985 -0.0524
vn -0.0124 0.9989 -0.0458
vn -0.0129 0.9987 -0.0493
vn -0.0112 0.9990 -0.0443
vn -0.0114 0.9988 -0.0468
vn -0.0101 0.9990 -0.0427
vn -0.0102 0.9990 -0.0443
vn -0.0092 0.9991 -0.0410
vn -0.0093 0.9990 -0.0427
vn -0.0081 0.9992 -0.0391
vn -0.0085 0.9984 -0.0553
vn -0.0052 0.9991 -0.0410
vn -0.0039 0.9994 -0.0353
vn -0.0032 0.9995 -0.0320
vn -0.0026 0.9996 -0.0290
vn -0.0022 0.9996 -0.0267
vn -0.0019 0.9997 -0.0245
vn -0.0016 0.9997 -0.0224
vn -0.0013 0.9998 -0.0203
vn -0.0011 0.9998 -0.0183
vn -0.0009 0.9999 -0.0163
vn -0.0007 0.9999 -0.0143
vn -0.0005 0.9999 -0.0116
vn -0.0004 1.0000 -0.0097
vn -0.0003 1.0000 -0.0078
vn -0.0002 1.0000 -0.0058
vn -0.0000 0.9999 0.0129
vn -0.0010 -0.9794 0.2021
vn -0.0014 -0.9084 0.4181
vn -0.0017 -0.7308 0.6825
vn -0.0019 -0.5187 0.8549
vn -0.0019 -0.3424 0.9395
vn -0.0019 -0.2322 0.9727
vn -0.0018 -0.1406 0.9901
vn -0.0018 -0.0840 0.9965
vn -0.0018 -0.0391 0.9992
vn -0.0018 -0.0040 1.0000
vn -0.0011 0.0390 0.9992
vn 0.0012 -0.0106 0.9999
vn 0.0014 0.0596 0.9982
vn 0.0005 0.0744 0.9972
vt 0.887739 0.624281
vt 0.978118 0.698792
vt 0.895597 0.616146
vt 0.880295 0.632367
vt 0.972464 0.704667
vt 0.873581 0.639823
vt 0.966733 0.710908
vt 0.867111 0.647025
vt 0.960423 0.717916
vt 0.860738 0.654081
vt 0.953886 0.725193
vt 0.854400 0.661034
vt 0.947214 0.732580
vt 0.848067 0.667904
vt 0.940441 0.740009
vt 0.926622 0.754872
vt 0.933583 0.747448
vt 0.841716 0.674677
vt 0.919575 0.762264
vt 0.828926 0.687997
vt 0.835335 0.681370
vt 0.822481 0.694550
vt 0.912455 0.769625
vt 0.897935 0.784202
vt 0.905252 0.776946
vt 0.809448 0.707380
vt 0.815980 0.700995
vt 0.802865 0.713674
vt 0.890551 0.791418
vt 0.875472 0.805650
vt 0.883068 0.798572
vt 0.789558 0.725995
vt 0.796225 0.719860
vt 0.860004 0.819617
vt 0.867817 0.812689
vt 0.776030 0.737888
vt 0.782810 0.731974
vt 0.769195 0.743688
vt 0.852119 0.826492
vt 0.835987 0.839971
vt 0.844118 0.833281
vt 0.755376 0.754962
vt 0.762300 0.749359
vt 0.819387 0.853082
vt 0.827781 0.846601
vt 0.741341 0.765728
vt 0.748366 0.760366
vt 0.802282 0.865779
vt 0.810939 0.859517
vt 0.727094 0.775927
vt 0.734229 0.770863
vt 0.784636 0.878003
vt 0.793548 0.871969
vt 0.712655 0.785534
vt 0.719894 0.780799
vt 0.705373 0.790116
vt 0.775594 0.883915
vt 0.757036 0.895281
vt 0.766408 0.889690
vt 0.690679 0.798756
vt 0.698037 0.794488
vt 0.737834 0.905982
vt 0.747557 0.900761
vt 0.675836 0.806652
vt 0.683259 0.802727
vt 0.717951 0.915915
vt 0.728045 0.911124
vt 0.660829 0.813679
vt 0.668347 0.810182
vt 0.697604 0.924858
vt 0.707823 0.920598
vt 0.645194 0.820056
vt 0.653085 0.816885
vt 0.677429 0.932680
vt 0.687446 0.928937
vt 0.636988 0.823114
vt 0.667461 0.936267
vt 0.620188 0.829044
vt 0.628653 0.826112
vt 0.647563 0.942977
vt 0.657544 0.939699
vt 0.603175 0.834552
vt 0.611690 0.831832
vt 0.627449 0.949168
vt 0.637547 0.946170
vt 0.586070 0.839582
vt 0.594625 0.837084
vt 0.607114 0.954816
vt 0.617330 0.952112
vt 0.568891 0.844084
vt 0.577481 0.841847
vt 0.586554 0.959894
vt 0.596880 0.957472
vt 0.551667 0.848049
vt 0.560280 0.846096
vt 0.565763 0.964368
vt 0.576198 0.962234
vt 0.534426 0.851457
vt 0.543046 0.849807
vt 0.525808 0.852951
vt 0.555282 0.966371
vt 0.534128 0.969837
vt 0.544737 0.968198
vt 0.508595 0.855496
vt 0.517198 0.854280
vt 0.512735 0.972578
vt 0.523473 0.971336
vt 0.491444 0.857409
vt 0.500015 0.856482
vt 0.491102 0.974533
vt 0.501970 0.973725
vt 0.474403 0.858600
vt 0.482916 0.858030
vt 0.469235 0.975630
vt 0.480213 0.975246
vt 0.457522 0.859054
vt 0.465946 0.858885
vt 0.449154 0.859011
vt 0.458219 0.975843
vt 0.436009 0.975443
vt 0.447141 0.975785
vt 0.432597 0.858370
vt 0.440854 0.858752
vt 0.413609 0.973943
vt 0.424842 0.974904
vt 0.416361 0.856866
vt 0.424459 0.857657
vt 0.391062 0.971231
vt 0.402360 0.972814
vt 0.400530 0.854451
vt 0.408405 0.855735
vt 0.392762 0.852957
vt 0.379752 0.969379
vt 0.357109 0.964532
vt 0.368429 0.967185
vt 0.377623 0.849266
vt 0.385160 0.851160
vt 0.334539 0.958146
vt 0.345802 0.961639
vt 0.363128 0.844539
vt 0.370324 0.846973
vt 0.356089 0.841878
vt 0.323328 0.954340
vt 0.301178 0.945322
vt 0.312188 0.950104
vt 0.342559 0.835809
vt 0.349280 0.838896
vt 0.279561 0.934512
vt 0.290261 0.940236
vt 0.329842 0.828691
vt 0.336129 0.832334
vt 0.323714 0.824853
vt 0.269038 0.928405
vt 0.249033 0.914991
vt 0.258711 0.921883
vt 0.311359 0.815793
vt 0.317584 0.820435
vt 0.231112 0.901076
vt 0.239680 0.908000
vt 0.304817 0.810480
vt 0.222778 0.894143
vt 0.291543 0.799306
vt 0.298207 0.804976
vt 0.206590 0.879975
vt 0.214642 0.887206
vt 0.278859 0.787737
vt 0.285138 0.793543
vt 0.272732 0.781882
vt 0.198601 0.872583
vt 0.182920 0.857094
vt 0.190686 0.864999
vt 0.261197 0.769893
vt 0.266886 0.775916
vt 0.255671 0.763804
vt 0.175269 0.848991
vt 0.160450 0.832060
vt 0.167748 0.840679
vt 0.250420 0.757591
vt 0.153357 0.823216
vt 0.240473 0.744876
vt 0.245363 0.751278
vt 0.235774 0.738360
vt 0.146464 0.814175
vt 0.133490 0.795449
vt 0.139810 0.804927
vt 0.231328 0.731669
vt 0.127421 0.785832
vt 0.222883 0.717929
vt 0.227033 0.724860
vt 0.116128 0.766216
vt 0.121604 0.776090
vt 0.218941 0.710813
vt 0.110961 0.756257
vt 0.211517 0.696112
vt 0.215170 0.703526
vt 0.208011 0.688541
vt 0.106033 0.746243
vt 0.097050 0.726097
vt 0.101379 0.736183
vt 0.201452 0.672889
vt 0.204686 0.680770
vt 0.198343 0.664865
vt 0.092910 0.716003
vt 0.085355 0.695829
vt 0.089001 0.705908
vt 0.192491 0.648390
vt 0.195385 0.656667
vt 0.078554 0.675720
vt 0.081840 0.685760
vt 0.189735 0.639957
vt 0.075416 0.665703
vt 0.184462 0.622816
vt 0.187064 0.631427
vt 0.069567 0.645749
vt 0.072397 0.655706
vt 0.179524 0.605299
vt 0.181980 0.614073
vt 0.064196 0.625903
vt 0.066786 0.635802
vt 0.174883 0.587458
vt 0.177196 0.596387
vt 0.059219 0.606161
vt 0.061636 0.616011
vt 0.170472 0.569369
vt 0.172669 0.578423
vt 0.054562 0.586512
vt 0.056832 0.596318
vt 0.166259 0.551102
vt 0.168357 0.560230
vt 0.050120 0.566755
vt 0.052305 0.576687
vt 0.162271 0.532979
vt 0.164266 0.542040
vt 0.045700 0.544213
vt 0.047939 0.556821
vt 0.161130 0.526435
vt 0.044150 0.533079
vt 0.160002 0.518302
vt 0.042895 0.522505
vt 0.158966 0.509557
vt 0.041803 0.512160
vt 0.158016 0.500553
vt 0.040836 0.501948
vt 0.157150 0.491394
vt 0.039958 0.491807
vt 0.156349 0.482149
vt 0.039157 0.481713
vt 0.155610 0.472844
vt 0.038422 0.471653
vt 0.154928 0.463495
vt 0.037749 0.461615
vt 0.154299 0.454115
vt 0.037132 0.451593
vt 0.153720 0.444712
vt 0.036567 0.441582
vt 0.153189 0.435291
vt 0.036052 0.431580
vt 0.152261 0.416412
vt 0.152703 0.425856
vt 0.151862 0.406959
vt 0.035585 0.421582
vt 0.151505 0.397502
vt 0.035163 0.411587
vt 0.034462 0.391602
vt 0.034785 0.401594
vt 0.151199 0.388040
vt 0.034183 0.381608
vt 0.150934 0.378576
vt 0.033946 0.371612
vt 0.150527 0.359649
vt 0.150711 0.369112
vt 0.150384 0.350188
vt 0.033753 0.361613
vt 0.033508 0.341604
vt 0.033601 0.351612
vt 0.150296 0.340731
vt 0.033460 0.331644
vt 0.150251 0.331227
vt 0.033443 0.321760
vt 0.150234 0.321648
vt 0.033445 0.311961
vt 0.150236 0.311985
vt 0.033447 0.302228
vt 0.150238 0.302264
vt 0.033451 0.292500
vt 0.150246 0.282832
vt 0.150242 0.292546
vt 0.150251 0.273121
vt 0.033455 0.282775
vt 0.033466 0.263343
vt 0.033460 0.273055
vt 0.150257 0.263417
vt 0.033472 0.253637
vt 0.150271 0.244025
vt 0.150263 0.253719
vt 0.150278 0.234335
vt 0.033480 0.243935
vt 0.033495 0.224551
vt 0.033487 0.234240
vt 0.150286 0.224653
vt 0.033504 0.214869
vt 0.150304 0.205301
vt 0.150295 0.214975
vt 0.150313 0.195632
vt 0.033513 0.205190
vt 0.033532 0.185849
vt 0.033522 0.195517
vt 0.150323 0.185966
vt 0.033542 0.176184
vt 0.150333 0.176303
vt 0.033552 0.166523
vt 0.150343 0.166643
vt 0.033562 0.156863
vt 0.150353 0.156983
vt 0.033572 0.147205
vt 0.150373 0.137665
vt 0.150363 0.147325
vt 0.033591 0.127890
vt 0.033582 0.137548
vt 0.150382 0.128004
vt 0.033600 0.118230
vt 0.150400 0.108670
vt 0.150391 0.118339
vt 0.033617 0.098900
vt 0.033609 0.108567
vt 0.150408 0.098995
vt 0.033625 0.089228
vt 0.150416 0.089313
vt 0.033631 0.079549
vt 0.150422 0.079621
vt 0.033637 0.069862
vt 0.150428 0.069919
vt 0.033641 0.060168
vt 0.150432 0.060204
vt 0.033643 0.050464
vt 0.150434 0.050476
vt 0.033644 0.040751
vt 0.033654 0.037424
vt 0.150435 0.040748
vt 0.150447 0.035406
vt 0.150445 0.037600
vt 0.033658 0.033450
vt 0.033657 0.035225
vt 0.033658 0.597219
vt 0.150449 0.595038
vt 0.150449 0.597115
vt 0.033657 0.592862
vt 0.033658 0.595144
vt 0.150447 0.590389
vt 0.150448 0.592755
vt 0.033654 0.588089
vt 0.033656 0.590497
vt 0.150443 0.585556
vt 0.150445 0.587980
vt 0.033653 0.585665
vt 0.150441 0.583127
vt 0.033650 0.583233
vt 0.150439 0.580695
vt 0.150441 0.583127
vt 0.033648 0.580799
vt 0.150437 0.578259
vt 0.033643 0.575947
vt 0.033646 0.578370
vt 0.150432 0.573390
vt 0.150434 0.575821
vt 0.033638 0.571088
vt 0.033641 0.573520
vt 0.150449 0.033636
vt 0.150434 0.575821
vt 0.150429 0.570963
s 1
usemtl RibbonMaterial
f 378/377/403 379/378/404 377/379/405
f 382/380/406 383/381/407 381/377/408
f 386/382/409 387/383/410 385/380/411
f 390/384/412 391/385/413 389/382/414
f 394/386/415 395/387/416 393/384/417
f 398/388/418 399/389/419 397/386/420
f 402/390/421 403/391/422 401/388/423
f 405/390/424 408/392/425 407/393/426
f 409/394/427 412/395/428 411/392/429
f 414/396/430 415/395/431 413/397/432
f 418/398/433 419/399/434 417/396/435
f 421/398/436 424/400/437 423/401/438
f 426/402/439 427/400/440 425/403/441
f 430/404/442 431/405/443 429/402/444
f 433/404/445 436/406/446 435/407/447
f 438/408/448 439/406/449 437/409/450
f 441/408/451 444/410/452 443/411/453
f 446/412/454 447/410/455 445/413/456
f 450/414/457 451/415/458 449/412/459
f 453/414/460 456/416/461 455/417/462
f 458/418/463 459/416/464 457/419/465
f 461/418/466 464/420/467 463/421/468
f 466/422/469 467/420/470 465/423/471
f 469/422/472 472/424/473 471/425/474
f 474/426/475 475/424/476 473/427/477
f 477/426/478 480/428/479 479/429/480
f 482/430/481 483/428/482 481/431/483
f 486/432/484 487/433/485 485/430/486
f 489/432/487 492/434/488 491/435/489
f 494/436/490 495/434/491 493/437/492
f 497/436/493 500/438/494 499/439/495
f 502/440/496 503/438/497 501/441/498
f 505/440/499 508/442/500 507/443/501
f 510/444/502 511/442/503 509/445/504
f 513/444/505 516/446/506 515/447/507
f 518/448/508 519/446/509 517/449/510
f 521/448/511 524/450/512 523/451/513
f 525/452/514 528/453/515 527/450/516
f 530/454/517 531/453/518 529/455/519
f 533/454/520 536/456/521 535/457/522
f 538/458/523 539/456/524 537/459/525
f 541/458/526 544/460/527 543/461/528
f 546/462/529 547/460/530 545/463/531
f 549/462/532 552/464/533 551/465/534
f 554/466/535 555/464/536 553/467/537
f 557/466/538 560/468/539 559/469/540
f 562/470/541 563/468/542 561/471/543
f 565/470/544 568/472/545 567/473/546
f 570/474/547 571/472/548 569/475/549
f 574/476/550 575/477/551 573/474/552
f 577/476/553 580/478/554 579/479/555
f 582/480/556 583/478/557 581/481/558
f 585/480/559 588/482/560 587/483/561
f 590/484/562 591/482/563 589/485/564
f 593/484/565 596/486/566 595/487/567
f 598/488/568 599/486/569 597/489/570
f 601/488/571 604/490/572 603/491/573
f 606/492/574 607/490/575 605/493/576
f 610/494/577 611/495/578 609/492/579
f 613/494/580 616/496/581 615/497/582
f 618/498/583 619/496/584 617/499/585
f 621/498/586 624/500/586 623/501/586
f 626/502/587 627/500/587 625/503/587
f 629/502/588 632/504/588 631/505/588
f 634/506/589 635/504/589 633/507/589
f 638/508/590 639/509/590 637/506/590
f 641/508/591 644/510/591 643/511/591
f 646/512/592 647/510/592 645/513/592
f 649/512/593 652/514/593 651/515/593
f 654/516/594 655/514/594 653/517/594
f 658/518/595 659/519/595 657/516/595
f 661/518/596 664/520/596 663/521/596
f 666/522/597 667/520/597 665/523/597
f 669/522/598 672/524/598 671/525/598
f 674/526/599 675/524/599 673/527/599
f 678/528/600 679/529/600 677/526/600
f 681/528/601 684/530/601 683/531/601
f 686/532/602 687/530/602 685/533/602
f 689/532/603 692/534/604 691/535/605
f 693/536/606 696/537/607 695/534/608
f 698/538/609 699/537/610 697/539/611
f 701/538/612 704/540/613 703/541/614
f 706/542/615 707/540/616 705/543/617
f 710/544/618 711/545/619 709/542/620
f 713/544/621 716/546/621 715/547/621
f 718/548/622 719/546/622 717/549/622
f 722/550/623 723/551/623 721/548/623
f 725/550/624 728/552/624 727/553/624
f 729/554/625 732/555/625 731/552/625
f 734/556/626 735/555/626 733/557/626
f 738/558/627 739/559/627 737/556/627
f 741/558/628 744/560/628 743/561/628
f 745/562/629 748/563/629 747/560/629
f 750/564/630 751/563/630 749/565/630
f 753/564/631 756/566/631 755/567/631
f 757/568/632 760/569/632 759/566/632
f 762/570/633 763/569/633 761/571/633
f 766/572/634 767/573/634 765/570/634
f 769/572/635 772/574/635 771/575/635
f 774/576/636 775/574/636 773/577/636
f 778/578/637 779/579/638 777/576/639
f 781/578/640 784/580/641 783/581/642
f 786/582/643 787/580/644 785/583/645
f 789/582/646 792/584/647 791/585/648
f 793/586/649 796/587/650 795/584/651
f 798/588/652 799/587/653 797/589/654
f 801/588/655 804/590/656 803/591/657
f 806/592/658 807/590/659 805/593/660
f 809/592/661 812/594/662 811/595/663
f 814/596/664 815/594/665 813/597/666
f 817/596/667 820/598/668 819/599/669
f 822/600/670 823/598/671 821/601/672
f 825/600/673 828/602/674 827/603/675
f 830/604/676 831/602/677 829/605/678
f 833/604/679 836/606/680 835/607/681
f 838/608/682 839/606/683 837/609/684
f 841/608/685 844/610/685 843/611/685
f 845/612/686 848/613/687 847/610/688
f 849/614/689 852/615/690 851/613/691
f 853/616/692 856/617/693 855/615/694
f 857/618/695 860/619/696 859/617/697
f 861/620/698 864/621/699 863/619/700
f 865/622/701 868/623/702 867/621/703
f 869/624/704 872/625/705 871/623/706
f 873/626/707 876/627/708 875/625/709
f 877/628/710 880/629/711 879/627/712
f 881/630/713 884/631/714 883/629/715
f 885/632/716 888/633/717 887/631/718
f 890/634/719 891/633/720 889/635/721
f 894/636/722 895/637/723 893/634/724
f 898/638/725 899/639/726 897/636/725
f 901/638/727 904/640/728 903/641/728
f 905/642/729 908/643/730 907/640/730
f 909/644/731 912/645/732 911/643/732
f 914/646/733 915/645/733 913/647/733
f 918/648/734 919/649/735 917/646/734
f 921/648/736 924/650/737 923/651/737
f 925/652/738 928/653/739 927/650/739
f 929/654/740 932/655/740 931/653/740
f 933/656/741 936/657/742 935/655/742
f 937/658/743 940/659/744 939/657/744
f 941/660/745 944/661/745 943/659/745
f 946/662/746 947/661/747 945/663/746
f 950/664/748 951/665/749 949/662/748
f 953/664/750 956/666/750 955/667/750
f 957/668/751 960/669/751 959/666/752
f 962/670/753 963/669/754 961/671/753
f 966/672/755 967/673/756 965/670/755
f 969/672/757 972/674/757 971/675/757
f 973/676/758 976/677/758 975/674/758
f 978/678/759 979/677/760 977/679/759
f 982/680/761 983/681/762 981/678/761
f 985/680/763 988/682/763 987/683/763
f 989/684/764 992/685/764 991/682/764
f 993/686/765 996/687/765 995/685/765
f 997/688/766 1000/689/766 999/687/766
f 1001/690/767 1004/691/767 1003/689/767
f 1006/692/767 1007/691/767 1005/693/767
f 1009/692/768 1012/694/768 1011/695/768
f 1013/696/769 1016/697/769 1015/694/769
f 1018/698/770 1019/697/770 1017/699/770
f 1021/698/771 1024/700/771 1023/701/771
f 1025/702/772 1028/703/773 1027/700/773
f 1029/704/774 1032/705/775 1031/703/775
f 1033/706/776 1036/707/777 1035/705/777
f 1037/708/778 1040/709/779 1039/707/779
f 1041/710/780 1044/711/781 1043/709/781
f 1045/712/782 1048/713/783 1047/711/783
f 1050/714/784 1051/715/784 1049/713/784
f 1053/714/785 1056/716/786 1055/717/787
f 1058/718/788 1059/716/789 1057/719/790
f 1061/720/791 1064/721/792 1063/722/793
f 1066/723/794 1067/721/795 1065/724/796
f 1069/723/797 1072/725/798 1071/726/799
f 1074/727/800 1075/725/801 1073/728/800
f 1077/727/802 1080/729/803 1079/730/804
f 1081/731/805 1084/732/806 1083/729/807
f 1085/733/808 1088/734/809 1087/735/810
f 1089/736/811 1092/737/811 1091/734/811
f 1094/738/812 1095/737/812 1093/739/812
f 1097/738/813 1100/740/814 1099/741/815
f 1102/742/816 1103/740/816 1101/743/816
f 378/377/403 380/381/817 379/378/404
f 382/380/406 384/383/818 383/381/407
f 386/382/409 388/385/819 387/383/410
f 390/384/412 392/387/413 391/385/413
f 394/386/415 396/389/820 395/387/416
f 398/388/418 400/391/821 399/389/419
f 402/390/421 404/393/822 403/391/422
f 405/390/424 406/394/823 408/392/425
f 409/394/427 410/397/824 412/395/428
f 414/396/430 416/399/825 415/395/431
f 418/398/433 420/401/826 419/399/434
f 421/398/436 422/403/827 424/400/437
f 426/402/439 428/405/828 427/400/440
f 430/404/442 432/407/829 431/405/443
f 433/404/445 434/409/830 436/406/446
f 438/408/448 440/411/831 439/406/449
f 441/408/451 442/413/832 444/410/452
f 446/412/454 448/415/833 447/410/455
f 450/414/457 452/417/834 451/415/458
f 453/414/460 454/419/835 456/416/461
f 458/418/463 460/421/836 459/416/464
f 461/418/466 462/423/837 464/420/467
f 466/422/469 468/425/838 467/420/470
f 469/422/472 470/427/839 472/424/473
f 474/426/475 476/429/840 475/424/476
f 477/426/478 478/431/841 480/428/479
f 482/430/481 484/433/842 483/428/482
f 486/432/484 488/435/843 487/433/485
f 489/432/487 490/437/844 492/434/488
f 494/436/490 496/439/845 495/434/491
f 497/436/493 498/441/846 500/438/494
f 502/440/496 504/443/847 503/438/497
f 505/440/499 506/445/848 508/442/500
f 510/444/502 512/447/849 511/442/503
f 513/444/505 514/449/850 516/446/506
f 518/448/508 520/451/851 519/446/509
f 521/448/511 522/452/852 524/450/512
f 525/452/514 526/455/853 528/453/515
f 530/454/517 532/457/854 531/453/518
f 533/454/520 534/459/855 536/456/521
f 538/458/523 540/461/856 539/456/524
f 541/458/526 542/463/857 544/460/527
f 546/462/529 548/465/858 547/460/530
f 549/462/532 550/467/859 552/464/533
f 554/466/535 556/469/860 555/464/536
f 557/466/538 558/471/861 560/468/539
f 562/470/541 564/473/862 563/468/542
f 565/470/544 566/475/863 568/472/545
f 570/474/547 572/477/864 571/472/548
f 574/476/550 576/479/865 575/477/551
f 577/476/553 578/481/866 580/478/554
f 582/480/556 584/483/867 583/478/557
f 585/480/559 586/485/868 588/482/560
f 590/484/562 592/487/869 591/482/563
f 593/484/565 594/489/870 596/486/566
f 598/488/568 600/491/871 599/486/569
f 601/488/571 602/493/872 604/490/572
f 606/492/574 608/495/873 607/490/575
f 610/494/577 612/497/874 611/495/578
f 613/494/580 614/499/875 616/496/581
f 618/498/583 620/501/876 619/496/584
f 621/498/877 622/503/877 624/500/877
f 626/502/588 628/505/588 627/500/588
f 629/502/878 630/507/878 632/504/878
f 634/506/879 636/509/879 635/504/879
f 638/508/880 640/511/880 639/509/880
f 641/508/881 642/513/881 644/510/881
f 646/512/882 648/515/882 647/510/882
f 649/512/883 650/517/883 652/514/883
f 654/516/884 656/519/884 655/514/884
f 658/518/885 660/521/885 659/519/885
f 661/518/886 662/523/886 664/520/886
f 666/522/887 668/525/887 667/520/887
f 669/522/599 670/527/599 672/524/599
f 674/526/888 676/529/888 675/524/888
f 678/528/889 680/531/889 679/529/889
f 681/528/890 682/533/890 684/530/890
f 686/532/891 688/535/891 687/530/891
f 689/532/603 690/536/892 692/534/604
f 693/536/606 694/539/893 696/537/607
f 698/538/609 700/541/894 699/537/610
f 701/538/612 702/543/895 704/540/613
f 706/542/615 708/545/896 707/540/616
f 710/544/618 712/547/897 711/545/619
f 713/544/898 714/549/898 716/546/898
f 718/548/899 720/551/899 719/546/899
f 722/550/900 724/553/900 723/551/900
f 725/550/901 726/554/901 728/552/901
f 729/554/902 730/557/902 732/555/902
f 734/556/903 736/559/903 735/555/903
f 738/558/904 740/561/904 739/559/904
f 741/558/905 742/562/905 744/560/905
f 745/562/906 746/565/906 748/563/906
f 750/564/907 752/567/907 751/563/907
f 753/564/908 754/568/908 756/566/908
f 757/568/909 758/571/909 760/569/909
f 762/570/910 764/573/910 763/569/910
f 766/572/911 768/575/911 767/573/911
f 769/572/912 770/577/912 772/574/912
f 774/576/913 776/579/913 775/574/913
f 778/578/637 780/581/914 779/579/638
f 781/578/640 782/583/915 784/580/641
f 786/582/643 788/585/916 787/580/644
f 789/582/646 790/586/917 792/584/647
f 793/586/649 794/589/918 796/587/650
f 798/588/652 800/591/919 799/587/653
f 801/588/655 802/593/920 804/590/656
f 806/592/658 808/595/921 807/590/659
f 809/592/661 810/597/922 812/594/662
f 814/596/664 816/599/923 815/594/665
f 817/596/667 818/601/924 820/598/668
f 822/600/670 824/603/925 823/598/671
f 825/600/673 826/605/926 828/602/674
f 830/604/676 832/607/927 831/602/677
f 833/604/679 834/609/928 836/606/680
f 838/608/682 840/611/929 839/606/683
f 841/608/930 842/612/930 844/610/930
f 845/612/686 846/614/931 848/613/687
f 849/614/689 850/616/932 852/615/690
f 853/616/692 854/618/933 856/617/693
f 857/618/695 858/620/934 860/619/696
f 861/620/698 862/622/935 864/621/699
f 865/622/701 866/624/936 868/623/702
f 869/624/704 870/626/937 872/625/705
f 873/626/707 874/628/938 876/627/708
f 877/628/710 878/630/939 880/629/711
f 881/630/713 882/632/940 884/631/714
f 885/632/716 886/635/941 888/633/717
f 890/634/719 892/637/942 891/633/720
f 894/636/722 896/639/943 895/637/723
f 898/638/725 900/641/944 899/639/726
f 901/638/727 902/642/945 904/640/728
f 905/642/729 906/644/729 908/643/730
f 909/644/731 910/647/731 912/645/732
f 914/646/733 916/649/733 915/645/733
f 918/648/734 920/651/735 919/649/735
f 921/648/736 922/652/736 924/650/737
f 925/652/738 926/654/738 928/653/739
f 929/654/740 930/656/946 932/655/740
f 933/656/741 934/658/741 936/657/742
f 937/658/743 938/660/743 940/659/744
f 941/660/745 942/663/745 944/661/745
f 946/662/746 948/665/747 947/661/747
f 950/664/748 952/667/749 951/665/749
f 953/664/750 954/668/750 956/666/750
f 957/668/751 958/671/751 960/669/751
f 962/670/753 964/673/754 963/669/754
f 966/672/755 968/675/756 967/673/756
f 969/672/757 970/676/757 972/674/757
f 973/676/758 974/679/758 976/677/758
f 978/678/759 980/681/760 979/677/760
f 982/680/761 984/683/762 983/681/762
f 985/680/763 986/684/763 988/682/763
f 989/684/764 990/686/764 992/685/764
f 993/686/765 994/688/765 996/687/765
f 997/688/766 998/690/766 1000/689/766
f 1001/690/767 1002/693/767 1004/691/767
f 1006/692/767 1008/695/767 1007/691/767
f 1009/692/768 1010/696/768 1012/694/768
f 1013/696/769 1014/699/769 1016/697/769
f 1018/698/770 1020/701/770 1019/697/770
f 1021/698/771 1022/702/771 1024/700/771
f 1025/702/772 1026/704/772 1028/703/773
f 1029/704/774 1030/706/774 1032/705/775
f 1033/706/776 1034/708/776 1036/707/777
f 1037/708/778 1038/710/778 1040/709/779
f 1041/710/780 1042/712/780 1044/711/781
f 1045/712/782 1046/715/782 1048/713/783
f 1050/714/947 1052/717/947 1051/715/947
f 1053/714/785 1054/719/948 1056/716/786
f 1058/718/788 1060/744/949 1059/716/789
f 1061/720/791 1062/724/950 1064/721/792
f 1066/723/794 1068/726/951 1067/721/795
f 1069/723/797 1070/728/952 1072/725/798
f 1074/727/800 1076/730/953 1075/725/801
f 1077/727/802 1078/731/954 1080/729/803
f 1081/731/805 1082/733/955 1084/732/806
f 1085/733/808 1086/736/956 1088/734/809
f 1089/736/957 1090/739/957 1092/737/957
f 1094/738/958 1096/745/958 1095/737/958
f 1097/738/813 1098/743/959 1100/740/814
f 1102/742/960 1104/746/960 1103/740/960
