# Blender 4.3.2
# www.blender.org
mtllib walls.mtl
o heatsinks
v -18.391745 4.503222 61.950768
v -18.391747 4.503222 82.957191
v 49.306072 4.503212 61.950771
v 49.306072 4.503212 82.957191
v 15.457166 -3.617120 37.841553
v -13.184218 -3.617116 16.835125
v -7.976694 -3.617116 16.835125
v -2.769170 -3.617118 16.835125
v 2.438354 -3.617118 16.835125
v 7.645879 -3.617119 16.835125
v 12.853403 -3.617120 16.835125
v 18.060928 -3.617120 16.835125
v 23.268452 -3.617121 16.835127
v 28.475979 -3.617122 16.835127
v 33.683502 -3.617124 16.835127
v 38.891029 -3.617124 16.835127
v 44.098553 -3.617124 16.835127
v 49.306076 -3.617126 37.841553
v 49.306076 -3.617126 16.835127
v -18.391745 -3.617115 37.841549
v -18.391743 -3.617115 16.835125
v 49.306076 4.503212 37.841553
v 49.306076 4.503212 16.835127
v -18.391745 4.503222 37.841549
v -18.391743 4.503222 16.835125
v -18.391747 -3.617115 61.950768
v -18.391747 -3.617115 82.957191
v 49.306072 -3.617126 61.950771
v 49.306072 -3.617126 82.957191
v 20.143934 -3.617121 61.950768
v 15.457164 -3.617120 82.957191
v 12.853401 2.422960 82.957191
v 7.645879 2.422961 82.957191
v 23.268450 2.422958 61.950768
v 28.475977 2.422958 61.950768
v 18.060925 2.422960 82.957191
v 18.060926 2.422960 61.950768
v 23.268452 2.422958 82.957191
v 12.853401 2.422960 61.950768
v 28.475975 2.422958 82.957191
v 7.645879 2.422961 61.950768
v 33.683498 2.422956 82.957191
v 2.438353 2.422962 61.950768
v 38.891022 2.422956 82.957191
v -2.769171 2.422962 61.950768
v -18.391745 2.422964 61.950768
v -13.184220 2.422964 61.950768
v 44.098549 2.422956 82.957191
v -7.976696 2.422964 61.950768
v -18.391747 2.422964 82.957191
v 49.306072 2.422954 82.957191
v -13.184221 2.422964 82.957191
v 49.306072 2.422954 61.950771
v -7.976696 2.422964 82.957191
v 44.098549 2.422956 61.950771
v -2.769171 2.422962 82.957191
v 38.891026 2.422956 61.950768
v 2.438353 2.422962 82.957191
v 33.683498 2.422956 61.950768
v 42.239574 4.503213 61.950768
v 44.098549 6.362188 61.950771
v 45.957523 4.503213 61.950771
v 44.098549 2.644239 61.950771
v 38.891026 6.362190 61.950768
v 40.750000 4.503214 61.950768
v 38.891026 2.644239 61.950768
v 37.032051 4.503214 61.950768
v 31.824526 4.503215 61.950768
v 33.683498 6.362190 61.950768
v 35.542473 4.503214 61.950768
v 33.683498 2.644239 61.950768
v 28.475977 6.362190 61.950768
v 30.334951 4.503215 61.950768
v 28.475977 2.644241 61.950768
v 26.617002 4.503216 61.950768
v 21.409475 4.503216 61.950768
v 23.268450 6.362192 61.950768
v 25.127424 4.503216 61.950768
v 23.268450 2.644241 61.950768
v 18.060926 6.362192 61.950768
v 19.919901 4.503216 61.950768
v 18.060926 2.644243 61.950768
v 16.201952 4.503216 61.950768
v 10.994427 4.503218 61.950768
v 12.853403 6.362194 61.950768
v 14.712378 4.503218 61.950768
v 12.853401 2.644243 61.950768
v 7.645879 6.362194 61.950768
v 9.504853 4.503218 61.950768
v 7.645879 2.644243 61.950768
v 5.786901 4.503218 61.950768
v 0.579378 4.503220 61.950768
v 2.438353 6.362195 61.950768
v 4.297328 4.503218 61.950768
v 2.438353 2.644245 61.950768
v -2.769171 6.362195 61.950768
v -0.910195 4.503220 61.950768
v -2.769171 2.644245 61.950768
v -4.628145 4.503220 61.950768
v -9.835670 4.503222 61.950768
v -7.976696 6.362196 61.950768
v -6.117721 4.503220 61.950768
v -7.976696 2.644247 61.950768
v -13.184217 6.362198 61.950768
v -11.325244 4.503222 61.950768
v -13.184220 2.644247 61.950768
v -15.043195 4.503222 61.950768
v -11.325245 4.503222 82.957191
v -13.184218 6.362198 82.957191
v -15.043196 4.503222 82.957191
v -13.184221 2.644247 82.957191
v -7.976696 6.362196 82.957191
v -9.835671 4.503222 82.957191
v -7.976696 2.644247 82.957191
v -6.117722 4.503220 82.957191
v -0.910196 4.503220 82.957191
v -2.769170 6.362195 82.957191
v -4.628146 4.503220 82.957191
v -2.769171 2.644245 82.957191
v 2.438353 6.362195 82.957191
v 0.579378 4.503220 82.957191
v 2.438353 2.644245 82.957191
v 4.297328 4.503218 82.957191
v 9.504853 4.503218 82.957191
v 7.645879 6.362194 82.957191
v 5.786901 4.503218 82.957191
v 7.645879 2.644243 82.957191
v 12.853403 6.362194 82.957191
v 10.994427 4.503218 82.957191
v 12.853401 2.644243 82.957191
v 14.712378 4.503218 82.957191
v 19.919899 4.503216 82.957191
v 18.060925 6.362192 82.957191
v 16.201950 4.503216 82.957191
v 18.060925 2.644243 82.957191
v 23.268452 6.362192 82.957191
v 21.409477 4.503216 82.957191
v 23.268452 2.644241 82.957191
v 25.127426 4.503216 82.957191
v 30.334949 4.503215 82.957191
v 28.475975 6.362190 82.957191
v 26.617001 4.503216 82.957191
v 28.475975 2.644241 82.957191
v 33.683498 6.362190 82.957191
v 31.824524 4.503215 82.957191
v 33.683498 2.644239 82.957191
v 35.542473 4.503214 82.957191
v 40.749996 4.503214 82.957191
v 38.891022 6.362190 82.957191
v 37.032047 4.503214 82.957191
v 38.891022 2.644239 82.957191
v 44.098549 6.362188 82.957191
v 42.239574 4.503213 82.957191
v 44.098549 2.644239 82.957191
v 45.957523 4.503213 82.957191
v -14.448552 33.762207 61.950768
v -13.184215 32.497871 61.950768
v -18.391741 32.497871 61.950768
v -17.127403 33.762207 61.950768
v -17.127405 33.762207 82.957191
v -18.391743 32.497871 82.957191
v 45.362892 33.762199 82.957191
v 44.098557 32.497864 82.957191
v 49.306080 32.497864 82.957191
v 48.041744 33.762199 82.957191
v 48.041744 33.762199 61.950771
v 49.306080 32.497864 61.950771
v 44.098557 32.497864 61.950771
v 45.362892 33.762199 61.950771
v 37.626698 33.762199 61.950768
v 38.891033 32.497864 61.950768
v 33.683506 32.497864 61.950768
v 34.947842 33.762199 61.950768
v 27.211643 33.762199 61.950768
v 28.475981 32.497864 61.950768
v 23.268454 32.497871 61.950768
v 24.532791 33.762207 61.950768
v 16.796593 33.762207 61.950768
v 18.060930 32.497871 61.950768
v 12.853407 32.497871 61.950768
v 14.117743 33.762207 61.950768
v 6.381546 33.762207 61.950768
v 7.645883 32.497871 61.950768
v 2.438358 32.497871 61.950768
v 3.702696 33.762207 61.950768
v -4.033504 33.762207 61.950768
v -2.769166 32.497871 61.950768
v -7.976691 32.497871 61.950768
v -6.712354 33.762207 61.950768
v -13.184216 32.497871 82.957191
v -14.448553 33.762207 82.957191
v -6.712355 33.762207 82.957191
v -7.976692 32.497871 82.957191
v -2.769166 32.497871 82.957191
v -4.033504 33.762207 82.957191
v 3.702695 33.762207 82.957191
v 2.438358 32.497871 82.957191
v 7.645883 32.497871 82.957191
v 6.381545 33.762207 82.957191
v 14.117744 33.762207 82.957191
v 12.853407 32.497871 82.957191
v 18.060928 32.497871 82.957191
v 16.796591 33.762207 82.957191
v 24.532793 33.762207 82.957191
v 23.268456 32.497871 82.957191
v 28.475979 32.497864 82.957191
v 27.211641 33.762199 82.957191
v 34.947842 33.762199 82.957191
v 33.683506 32.497864 82.957191
v 38.891029 32.497864 82.957191
v 37.626694 33.762199 82.957191
v 12.853404 2.422960 37.841549
v 7.645881 2.422961 37.841549
v 23.268452 2.422958 16.835127
v 28.475979 2.422958 16.835127
v 18.060926 2.422960 37.841549
v 18.060928 2.422960 16.835125
v 23.268454 2.422958 37.841549
v 12.853403 2.422960 16.835125
v 28.475977 2.422958 37.841549
v 7.645881 2.422961 16.835125
v 33.683502 2.422956 37.841549
v 2.438354 2.422962 16.835125
v 38.891026 2.422956 37.841549
v -2.769170 2.422962 16.835125
v -18.391743 2.422964 16.835125
v -13.184218 2.422964 16.835125
v 44.098553 2.422956 37.841553
v -7.976694 2.422964 16.835125
v -18.391745 2.422964 37.841549
v 49.306076 2.422954 37.841553
v -13.184218 2.422964 37.841549
v 49.306076 2.422954 16.835127
v -7.976695 2.422964 37.841549
v 44.098553 2.422956 16.835127
v -2.769169 2.422962 37.841549
v 38.891029 2.422956 16.835127
v 2.438354 2.422962 37.841549
v 33.683502 2.422956 16.835127
v 42.239578 4.503213 16.835127
v 44.098553 6.362188 16.835127
v 45.957527 4.503213 16.835127
v 44.098553 2.644239 16.835127
v 38.891029 6.362190 16.835127
v 40.750004 4.503214 16.835127
v 38.891029 2.644239 16.835127
v 37.032055 4.503214 16.835127
v 31.824528 4.503215 16.835127
v 33.683502 6.362190 16.835127
v 35.542477 4.503214 16.835127
v 33.683502 2.644239 16.835127
v 28.475979 6.362190 16.835127
v 30.334953 4.503215 16.835127
v 28.475979 2.644241 16.835127
v 26.617004 4.503216 16.835127
v 21.409477 4.503216 16.835125
v 23.268452 6.362192 16.835127
v 25.127426 4.503216 16.835127
v 23.268452 2.644241 16.835127
v 18.060928 6.362192 16.835125
v 19.919903 4.503216 16.835125
v 18.060928 2.644243 16.835125
v 16.201954 4.503216 16.835125
v 10.994429 4.503218 16.835125
v 12.853405 6.362194 16.835125
v 14.712379 4.503218 16.835125
v 12.853404 2.644243 16.835125
v 7.645881 6.362194 16.835125
v 9.504855 4.503218 16.835125
v 7.645881 2.644243 16.835125
v 5.786903 4.503218 16.835125
v 0.579380 4.503220 16.835125
v 2.438355 6.362195 16.835125
v 4.297330 4.503218 16.835125
v 2.438354 2.644245 16.835125
v -2.769169 6.362195 16.835125
v -0.910193 4.503220 16.835125
v -2.769170 2.644245 16.835125
v -4.628143 4.503220 16.835125
v -9.835669 4.503222 16.835125
v -7.976693 6.362196 16.835125
v -6.117719 4.503220 16.835125
v -7.976694 2.644247 16.835125
v -13.184216 6.362198 16.835125
v -11.325242 4.503222 16.835125
v -13.184217 2.644247 16.835125
v -15.043193 4.503222 16.835125
v -11.325243 4.503222 37.841549
v -13.184216 6.362198 37.841549
v -15.043194 4.503222 37.841549
v -13.184218 2.644247 37.841549
v -7.976694 6.362196 37.841549
v -9.835670 4.503222 37.841549
v -7.976695 2.644247 37.841549
v -6.117720 4.503220 37.841549
v -0.910194 4.503220 37.841549
v -2.769168 6.362195 37.841549
v -4.628144 4.503220 37.841549
v -2.769169 2.644245 37.841549
v 2.438355 6.362195 37.841549
v 0.579380 4.503220 37.841549
v 2.438354 2.644245 37.841549
v 4.297330 4.503218 37.841549
v 9.504855 4.503218 37.841549
v 7.645881 6.362194 37.841549
v 5.786903 4.503218 37.841549
v 7.645881 2.644243 37.841549
v 12.853405 6.362194 37.841549
v 10.994429 4.503218 37.841549
v 12.853404 2.644243 37.841549
v 14.712379 4.503218 37.841549
v 19.919901 4.503216 37.841549
v 18.060926 6.362192 37.841549
v 16.201952 4.503216 37.841549
v 18.060926 2.644243 37.841549
v 23.268454 6.362192 37.841549
v 21.409479 4.503216 37.841549
v 23.268454 2.644241 37.841549
v 25.127428 4.503216 37.841549
v 30.334951 4.503215 37.841549
v 28.475977 6.362190 37.841549
v 26.617002 4.503216 37.841549
v 28.475977 2.644241 37.841549
v 33.683502 6.362190 37.841549
v 31.824526 4.503215 37.841549
v 33.683502 2.644239 37.841549
v 35.542477 4.503214 37.841549
v 40.750000 4.503214 37.841549
v 38.891026 6.362190 37.841549
v 37.032051 4.503214 37.841549
v 38.891026 2.644239 37.841549
v 44.098553 6.362188 37.841553
v 42.239578 4.503213 37.841549
v 44.098553 2.644239 37.841553
v 45.957527 4.503213 37.841553
v -14.448550 33.762207 16.835125
v -13.184213 32.497871 16.835125
v -18.391739 32.497871 16.835125
v -17.127401 33.762207 16.835125
v -17.127401 33.762207 37.841549
v -18.391741 32.497871 37.841549
v 45.362892 33.762199 37.841553
v 44.098557 32.497864 37.841553
v 49.306080 32.497864 37.841553
v 48.041744 33.762199 37.841553
v 48.041744 33.762199 16.835127
v 49.306080 32.497864 16.835127
v 44.098557 32.497864 16.835127
v 45.362892 33.762199 16.835127
v 37.626698 33.762199 16.835127
v 38.891033 32.497864 16.835127
v 33.683506 32.497864 16.835127
v 34.947842 33.762199 16.835127
v 27.211645 33.762199 16.835127
v 28.475983 32.497864 16.835127
v 23.268456 32.497871 16.835127
v 24.532793 33.762207 16.835127
v 16.796595 33.762207 16.835125
v 18.060932 32.497871 16.835125
v 12.853409 32.497871 16.835125
v 14.117744 33.762207 16.835125
v 6.381548 33.762207 16.835125
v 7.645885 32.497871 16.835125
v 2.438360 32.497871 16.835125
v 3.702698 33.762207 16.835125
v -4.033502 33.762207 16.835125
v -2.769164 32.497871 16.835125
v -7.976689 32.497871 16.835125
v -6.712352 33.762207 16.835125
v -13.184214 32.497871 37.841549
v -14.448551 33.762207 37.841549
v -6.712353 33.762207 37.841549
v -7.976690 32.497871 37.841549
v -2.769164 32.497871 37.841549
v -4.033502 33.762207 37.841549
v 3.702697 33.762207 37.841549
v 2.438360 32.497871 37.841549
v 7.645885 32.497871 37.841549
v 6.381547 33.762207 37.841549
v 14.117746 33.762207 37.841549
v 12.853409 32.497871 37.841549
v 18.060930 32.497871 37.841549
v 16.796595 33.762207 37.841549
v 24.532797 33.762207 37.841549
v 23.268457 32.497871 37.841549
v 28.475981 32.497864 37.841549
v 27.211645 33.762199 37.841549
v 34.947842 33.762199 37.841549
v 33.683506 32.497864 37.841549
v 38.891029 32.497864 37.841549
v 37.626694 33.762199 37.841549
v 23.268450 -3.617121 128.195099
v 18.060923 -3.617120 128.195099
v 12.853399 -3.617120 128.195099
v 7.645875 -3.617119 128.195099
v 2.438350 -3.617118 128.195099
v -2.769173 -3.617118 128.195099
v -7.976699 -3.617116 128.195099
v -13.184223 -3.617116 128.195099
v 15.457163 -3.617120 107.188675
v 49.306068 -3.617126 128.195099
v 49.306072 -3.617126 107.188675
v -18.391748 -3.617115 128.195099
v -18.391748 -3.617115 107.188675
v 49.306072 4.503212 128.195099
v 49.306072 4.503212 107.188675
v -18.391748 4.503222 128.195099
v -18.391747 4.503222 107.188675
v 28.475973 -3.617122 128.195099
v 33.683495 -3.617124 128.195099
v 38.891018 -3.617124 128.195099
v 44.098545 -3.617124 128.195099
v 12.853399 2.422960 128.195099
v 7.645877 2.422961 128.195099
v 23.268448 2.422958 107.188675
v 28.475975 2.422958 107.188675
v 18.060923 2.422960 128.195099
v 18.060925 2.422960 107.188675
v 23.268450 2.422958 128.195099
v 12.853399 2.422960 107.188675
v 28.475973 2.422958 128.195099
v 7.645877 2.422961 107.188675
v 33.683498 2.422956 128.195099
v 2.438350 2.422962 107.188675
v 38.891022 2.422956 128.195099
v -2.769174 2.422962 107.188675
v -18.391747 2.422964 107.188675
v -13.184222 2.422964 107.188675
v 44.098549 2.422956 128.195099
v -7.976697 2.422964 107.188675
v -18.391748 2.422964 128.195099
v 49.306072 2.422954 128.195099
v -13.184223 2.422964 128.195099
v 49.306072 2.422954 107.188675
v -7.976698 2.422964 128.195099
v 44.098549 2.422956 107.188675
v -2.769173 2.422962 128.195099
v 38.891026 2.422956 107.188675
v 2.438351 2.422962 128.195099
v 33.683498 2.422956 107.188675
v 42.239574 4.503213 107.188675
v 44.098549 6.362188 107.188675
v 45.957523 4.503213 107.188675
v 44.098549 2.644239 107.188675
v 38.891026 6.362190 107.188675
v 40.750000 4.503214 107.188675
v 38.891026 2.644239 107.188675
v 37.032051 4.503214 107.188675
v 31.824524 4.503215 107.188675
v 33.683498 6.362190 107.188675
v 35.542473 4.503214 107.188675
v 33.683498 2.644239 107.188675
v 28.475975 6.362190 107.188675
v 30.334949 4.503215 107.188675
v 28.475975 2.644241 107.188675
v 26.617001 4.503216 107.188675
v 21.409473 4.503216 107.188675
v 23.268448 6.362192 107.188675
v 25.127422 4.503216 107.188675
v 23.268448 2.644241 107.188675
v 18.060925 6.362192 107.188675
v 19.919899 4.503216 107.188675
v 18.060925 2.644243 107.188675
v 16.201950 4.503216 107.188675
v 10.994425 4.503218 107.188675
v 12.853401 6.362194 107.188675
v 14.712376 4.503218 107.188675
v 12.853399 2.644243 107.188675
v 7.645877 6.362194 107.188675
v 9.504851 4.503218 107.188675
v 7.645877 2.644243 107.188675
v 5.786900 4.503218 107.188675
v 0.579376 4.503220 107.188675
v 2.438351 6.362195 107.188675
v 4.297327 4.503218 107.188675
v 2.438350 2.644245 107.188675
v -2.769173 6.362195 107.188675
v -0.910197 4.503220 107.188675
v -2.769174 2.644245 107.188675
v -4.628147 4.503220 107.188675
v -9.835672 4.503222 107.188675
v -7.976697 6.362196 107.188675
v -6.117723 4.503220 107.188675
v -7.976697 2.644247 107.188675
v -13.184219 6.362198 107.188675
v -11.325246 4.503222 107.188675
v -13.184222 2.644247 107.188675
v -15.043197 4.503222 107.188675
v -11.325247 4.503222 128.195099
v -13.184220 6.362198 128.195099
v -15.043198 4.503222 128.195099
v -13.184223 2.644247 128.195099
v -7.976698 6.362196 128.195099
v -9.835673 4.503222 128.195099
v -7.976698 2.644247 128.195099
v -6.117723 4.503220 128.195099
v -0.910198 4.503220 128.195099
v -2.769172 6.362195 128.195099
v -4.628148 4.503220 128.195099
v -2.769173 2.644245 128.195099
v 2.438351 6.362195 128.195099
v 0.579376 4.503220 128.195099
v 2.438351 2.644245 128.195099
v 4.297327 4.503218 128.195099
v 9.504851 4.503218 128.195099
v 7.645877 6.362194 128.195099
v 5.786900 4.503218 128.195099
v 7.645877 2.644243 128.195099
v 12.853401 6.362194 128.195099
v 10.994425 4.503218 128.195099
v 12.853399 2.644243 128.195099
v 14.712376 4.503218 128.195099
v 19.919897 4.503216 128.195099
v 18.060923 6.362192 128.195099
v 16.201948 4.503216 128.195099
v 18.060923 2.644243 128.195099
v 23.268450 6.362192 128.195099
v 21.409475 4.503216 128.195099
v 23.268450 2.644241 128.195099
v 25.127424 4.503216 128.195099
v 30.334948 4.503215 128.195099
v 28.475973 6.362190 128.195099
v 26.616999 4.503216 128.195099
v 28.475973 2.644241 128.195099
v 33.683498 6.362190 128.195099
v 31.824522 4.503215 128.195099
v 33.683498 2.644239 128.195099
v 35.542473 4.503214 128.195099
v 40.749996 4.503214 128.195099
v 38.891022 6.362190 128.195099
v 37.032047 4.503214 128.195099
v 38.891022 2.644239 128.195099
v 44.098549 6.362188 128.195099
v 42.239574 4.503213 128.195099
v 44.098549 2.644239 128.195099
v 45.957523 4.503213 128.195099
v -14.448554 33.762207 107.188675
v -13.184216 32.497871 107.188675
v -18.391743 32.497871 107.188675
v -17.127405 33.762207 107.188675
v -17.127407 33.762207 128.195099
v -18.391745 32.497871 128.195099
v 45.362888 33.762199 128.195099
v 44.098553 32.497864 128.195099
v 49.306076 32.497864 128.195099
v 48.041740 33.762199 128.195099
v 48.041740 33.762199 107.188675
v 49.306076 32.497864 107.188675
v 44.098553 32.497864 107.188675
v 45.362888 33.762199 107.188675
v 37.626694 33.762199 107.188675
v 38.891029 32.497864 107.188675
v 33.683502 32.497864 107.188675
v 34.947838 33.762199 107.188675
v 27.211641 33.762199 107.188675
v 28.475979 32.497864 107.188675
v 23.268452 32.497871 107.188675
v 24.532789 33.762207 107.188675
v 16.796591 33.762207 107.188675
v 18.060928 32.497871 107.188675
v 12.853405 32.497871 107.188675
v 14.117741 33.762207 107.188675
v 6.381544 33.762207 107.188675
v 7.645881 32.497871 107.188675
v 2.438356 32.497871 107.188675
v 3.702694 33.762207 107.188675
v -4.033506 33.762207 107.188675
v -2.769168 32.497871 107.188675
v -7.976693 32.497871 107.188675
v -6.712356 33.762207 107.188675
v -13.184217 32.497871 128.195099
v -14.448555 33.762207 128.195099
v -6.712357 33.762207 128.195099
v -7.976694 32.497871 128.195099
v -2.769168 32.497871 128.195099
v -4.033506 33.762207 128.195099
v 3.702693 33.762207 128.195099
v 2.438356 32.497871 128.195099
v 7.645881 32.497871 128.195099
v 6.381543 33.762207 128.195099
v 14.117743 33.762207 128.195099
v 12.853405 32.497871 128.195099
v 18.060926 32.497871 128.195099
v 16.796589 33.762207 128.195099
v 24.532791 33.762207 128.195099
v 23.268454 32.497871 128.195099
v 28.475977 32.497864 128.195099
v 27.211639 33.762199 128.195099
v 34.947838 33.762199 128.195099
v 33.683502 32.497864 128.195099
v 38.891026 32.497864 128.195099
v 37.626690 33.762199 128.195099
vn -0.0000 -0.0000 -1.0000
vn 1.0000 -0.0000 -0.0000
vn -1.0000 -0.0000 -0.0000
vn -0.0000 -0.0000 1.0000
vn 0.7071 0.7071 -0.0000
vn -0.7071 0.7071 -0.0000
vn -0.0000 1.0000 -0.0000
vn -0.0000 -1.0000 -0.0000
vt 0.387266 0.517730
vt 0.387266 0.496498
vt 0.403725 0.496498
vt 0.403725 0.517730
vt 0.387266 0.475266
vt 0.403725 0.475266
vt 0.387266 0.454034
vt 0.403725 0.454034
vt 0.398637 0.454034
vt 0.398637 0.368387
vt 0.415096 0.368387
vt 0.415096 0.454034
vt 0.354347 0.539681
vt 0.354347 0.454034
vt 0.370807 0.454034
vt 0.370807 0.539681
vt 0.387266 0.687586
vt 0.387266 0.666354
vt 0.403725 0.666354
vt 0.403725 0.687586
vt 0.387266 0.645122
vt 0.403725 0.645122
vt 0.354347 0.723626
vt 0.354347 0.637979
vt 0.370807 0.637979
vt 0.370807 0.723626
vt 0.398637 0.270090
vt 0.398637 0.184443
vt 0.415096 0.184443
vt 0.415096 0.270090
vt 0.390155 0.270090
vt 0.390155 0.184443
vt 0.415096 0.666171
vt 0.500743 0.666171
vt 0.500743 0.674653
vt 0.415096 0.674653
vt 0.662166 0.304827
vt 0.654586 0.297248
vt 0.662166 0.289669
vt 0.669745 0.297248
vt 0.654586 0.318480
vt 0.662166 0.310901
vt 0.669745 0.318480
vt 0.662166 0.326059
vt 0.662166 0.347291
vt 0.654586 0.339712
vt 0.662166 0.332133
vt 0.669745 0.339712
vt 0.654586 0.360944
vt 0.662166 0.353365
vt 0.669745 0.360944
vt 0.662166 0.368523
vt 0.662166 0.389755
vt 0.654586 0.382176
vt 0.662166 0.374597
vt 0.669745 0.382176
vt 0.654586 0.403408
vt 0.662166 0.395829
vt 0.669745 0.403408
vt 0.662166 0.410987
vt 0.662166 0.432219
vt 0.654586 0.424640
vt 0.662166 0.417061
vt 0.669745 0.424640
vt 0.654586 0.445872
vt 0.662166 0.438293
vt 0.669745 0.445872
vt 0.662166 0.453451
vt 0.662166 0.474683
vt 0.654586 0.467104
vt 0.662166 0.459525
vt 0.669745 0.467104
vt 0.654586 0.488336
vt 0.662166 0.480757
vt 0.669745 0.488336
vt 0.662166 0.495915
vt 0.662166 0.517147
vt 0.654586 0.509568
vt 0.662166 0.501989
vt 0.669745 0.509568
vt 0.654586 0.530800
vt 0.662166 0.523221
vt 0.669745 0.530800
vt 0.662166 0.538379
vt 0.534390 0.028811
vt 0.526811 0.021232
vt 0.534390 0.013653
vt 0.541970 0.021232
vt 0.526811 0.042464
vt 0.534390 0.034885
vt 0.541970 0.042464
vt 0.534390 0.050043
vt 0.534390 0.071275
vt 0.526811 0.063696
vt 0.534390 0.056117
vt 0.541970 0.063696
vt 0.526811 0.084928
vt 0.534390 0.077349
vt 0.541970 0.084928
vt 0.534390 0.092507
vt 0.534390 0.113739
vt 0.526811 0.106160
vt 0.534390 0.098581
vt 0.541969 0.106160
vt 0.526811 0.127392
vt 0.534390 0.119813
vt 0.541969 0.127392
vt 0.534390 0.134971
vt 0.534390 0.156203
vt 0.526811 0.148624
vt 0.534390 0.141045
vt 0.541969 0.148624
vt 0.526811 0.169856
vt 0.534390 0.162277
vt 0.541969 0.169856
vt 0.534390 0.177435
vt 0.534390 0.198667
vt 0.526811 0.191088
vt 0.534390 0.183509
vt 0.541969 0.191088
vt 0.526811 0.212320
vt 0.534390 0.204741
vt 0.541969 0.212320
vt 0.534390 0.219899
vt 0.534390 0.241131
vt 0.526811 0.233552
vt 0.534390 0.225973
vt 0.541969 0.233552
vt 0.526811 0.254784
vt 0.534390 0.247205
vt 0.541969 0.254784
vt 0.534390 0.262363
vt 0.950619 0.637679
vt 0.950619 0.723326
vt 0.939900 0.723326
vt 0.939900 0.637679
vt 0.972395 0.171294
vt 0.972395 0.256941
vt 0.961676 0.256941
vt 0.961676 0.171294
vt 0.949433 0.361663
vt 0.949433 0.276016
vt 0.960151 0.276016
vt 0.960151 0.361663
vt 0.939900 0.894620
vt 0.939900 0.808973
vt 0.950619 0.808973
vt 0.950619 0.894620
vt 0.950619 0.552032
vt 0.961337 0.552032
vt 0.961337 0.637679
vt 0.938510 0.447310
vt 0.938510 0.361663
vt 0.949229 0.361663
vt 0.949229 0.447310
vt 0.961677 0.085647
vt 0.961677 0.171294
vt 0.950958 0.171294
vt 0.950958 0.085647
vt 0.414444 0.882269
vt 0.414444 0.967916
vt 0.403725 0.967916
vt 0.403725 0.882269
vt 0.959948 0.361663
vt 0.959948 0.447310
vt 0.970667 0.361663
vt 0.970667 0.447310
vt 0.586390 0.973419
vt 0.586390 0.887772
vt 0.597109 0.887772
vt 0.597109 0.973419
vt 0.993049 0.000000
vt 0.993049 0.085647
vt 0.986976 0.085647
vt 0.986976 0.000000
vt 0.387266 0.708818
vt 0.403725 0.708818
vt 0.670647 0.297248
vt 0.670647 0.318480
vt 0.387266 0.730051
vt 0.403725 0.730051
vt 0.670647 0.339712
vt 0.987299 0.980267
vt 0.987299 0.894620
vt 0.993372 0.894620
vt 0.993372 0.980267
vt 0.670647 0.360944
vt 0.387266 0.602658
vt 0.387266 0.581426
vt 0.403725 0.581426
vt 0.403725 0.602658
vt 0.670647 0.382176
vt 0.665283 0.973419
vt 0.665283 0.887772
vt 0.671356 0.887772
vt 0.671356 0.973419
vt 0.387266 0.560194
vt 0.403725 0.560194
vt 0.670647 0.403408
vt 0.387266 0.538962
vt 0.403725 0.538962
vt 0.670647 0.424640
vt 0.998783 0.808973
vt 0.998783 0.894620
vt 0.992710 0.894620
vt 0.992710 0.808973
vt 0.119294 0.525310
vt 0.111715 0.517730
vt 0.119294 0.510151
vt 0.126873 0.517730
vt 0.670647 0.445872
vt 0.111715 0.496498
vt 0.119294 0.488919
vt 0.126873 0.496498
vt 0.119294 0.504078
vt 0.119294 0.482846
vt 0.111715 0.475266
vt 0.119294 0.467687
vt 0.126873 0.475266
vt 0.670647 0.467104
vt 0.999445 0.894620
vt 0.999445 0.980267
vt 0.586390 0.666171
vt 0.586390 0.674653
vt 0.670647 0.488336
vt 0.672037 0.666171
vt 0.672037 0.674653
vt 0.670647 0.509568
vt 0.992741 0.361663
vt 0.992741 0.276016
vt 0.998814 0.276016
vt 0.998814 0.361663
vt 0.670647 0.530800
vt 0.662166 0.552032
vt 0.670647 0.552032
vt 0.534390 0.000000
vt 0.542872 0.000000
vt 0.542872 0.021232
vt 0.542872 0.042464
vt 0.542872 0.063696
vt 0.542872 0.084928
vt 0.387266 0.623890
vt 0.403725 0.623890
vt 0.542872 0.106160
vt 0.542872 0.127392
vt 0.542872 0.148624
vt 0.542872 0.169856
vt 0.542872 0.191088
vt 0.542872 0.212320
vt 0.542872 0.233552
vt 0.542872 0.254784
vt 0.534390 0.276016
vt 0.542872 0.276016
vt 0.111715 0.538962
vt 0.119294 0.531383
vt 0.126873 0.538962
vt 0.119294 0.546542
vt 0.985247 0.447310
vt 0.985247 0.532957
vt 0.977957 0.532957
vt 0.977957 0.447310
vt 0.986976 0.171294
vt 0.986976 0.256941
vt 0.979686 0.256941
vt 0.979686 0.171294
vt 0.979685 0.085647
vt 0.979685 0.171294
vt 0.972395 0.085647
vt 0.978160 0.361663
vt 0.978160 0.276016
vt 0.985450 0.276016
vt 0.985450 0.361663
vt 0.928978 0.980267
vt 0.928978 0.894620
vt 0.936268 0.894620
vt 0.936268 0.980267
vt 0.979346 0.637679
vt 0.979346 0.552032
vt 0.986637 0.552032
vt 0.986637 0.637679
vt 0.943558 0.894620
vt 0.943558 0.980267
vt 0.950848 0.894620
vt 0.950848 0.980267
vt 0.986636 0.637679
vt 0.986636 0.552032
vt 0.993927 0.552032
vt 0.993927 0.637679
vt 0.965428 0.894620
vt 0.965428 0.980267
vt 0.958138 0.980267
vt 0.958138 0.894620
vt 0.986636 0.723326
vt 0.993927 0.723326
vt 0.342588 0.986991
vt 0.342588 0.901344
vt 0.349878 0.901344
vt 0.349878 0.986991
vt 0.548027 0.552032
vt 0.542872 0.546877
vt 0.542872 0.535955
vt 0.548027 0.530800
vt 0.927588 0.361663
vt 0.927588 0.276016
vt 0.938510 0.276016
vt 0.757684 0.658592
vt 0.672037 0.658592
vt 0.672037 0.552032
vt 0.757684 0.552032
vt 0.415096 0.552032
vt 0.500743 0.552032
vt 0.420251 0.021232
vt 0.415096 0.016077
vt 0.415096 0.005155
vt 0.420251 0.000000
vt 0.420251 0.276016
vt 0.415096 0.270861
vt 0.415096 0.259939
vt 0.420251 0.254784
vt 0.342588 0.815697
vt 0.342588 0.730050
vt 0.353510 0.730050
vt 0.353510 0.815697
vt 0.757684 0.765152
vt 0.672037 0.765152
vt 0.276016 0.270090
vt 0.276016 0.184443
vt 0.662166 0.276016
vt 0.548027 0.297248
vt 0.542872 0.292093
vt 0.542872 0.281171
vt 0.548027 0.276016
vt 0.548027 0.339712
vt 0.542872 0.334557
vt 0.542872 0.323635
vt 0.548027 0.318480
vt 0.403725 0.539681
vt 0.414647 0.454034
vt 0.414647 0.539681
vt 0.500743 0.781213
vt 0.415096 0.781213
vt 0.586390 0.781213
vt 0.548027 0.382176
vt 0.542872 0.377021
vt 0.542872 0.366099
vt 0.548027 0.360944
vt 0.381729 0.730050
vt 0.381729 0.815697
vt 0.370807 0.815697
vt 0.370807 0.730050
vt 0.672037 0.781213
vt 0.085647 0.836610
vt 0.000000 0.836610
vt 0.000000 0.730050
vt 0.085647 0.730050
vt 0.548027 0.424640
vt 0.542872 0.419485
vt 0.542872 0.408563
vt 0.548027 0.403408
vt 0.171294 0.836610
vt 0.171294 0.730050
vt 0.256941 0.836610
vt 0.256941 0.730050
vt 0.548027 0.467104
vt 0.542872 0.461949
vt 0.542872 0.451027
vt 0.548027 0.445872
vt 0.939900 0.552032
vt 0.928978 0.637679
vt 0.928978 0.552032
vt 0.342588 0.836610
vt 0.841941 0.382576
vt 0.756294 0.382576
vt 0.756294 0.276016
vt 0.841941 0.276016
vt 0.548027 0.509568
vt 0.542872 0.504413
vt 0.542872 0.493491
vt 0.548027 0.488336
vt 0.392651 0.730050
vt 0.392651 0.815697
vt 0.841941 0.489136
vt 0.756294 0.489136
vt 0.843331 0.658592
vt 0.843331 0.552032
vt 0.420251 0.063696
vt 0.415096 0.058541
vt 0.415096 0.047619
vt 0.420251 0.042464
vt 0.420251 0.106160
vt 0.415096 0.101005
vt 0.415096 0.090083
vt 0.420251 0.084928
vt 0.420251 0.148624
vt 0.415096 0.143469
vt 0.415096 0.132547
vt 0.420251 0.127392
vt 0.420251 0.191088
vt 0.415096 0.185933
vt 0.415096 0.175011
vt 0.420251 0.169856
vt 0.420251 0.233552
vt 0.415096 0.228397
vt 0.415096 0.217475
vt 0.420251 0.212320
vt 0.119294 0.567774
vt 0.111715 0.560194
vt 0.119294 0.552615
vt 0.126873 0.560194
vt 0.111715 0.581426
vt 0.119294 0.573847
vt 0.126873 0.581426
vt 0.119294 0.589006
vt 0.119294 0.610238
vt 0.111715 0.602658
vt 0.119294 0.595079
vt 0.126873 0.602658
vt 0.111715 0.623890
vt 0.119294 0.616311
vt 0.126873 0.623890
vt 0.119294 0.631470
vt 0.119294 0.652702
vt 0.111715 0.645122
vt 0.119294 0.637543
vt 0.126873 0.645122
vt 0.111715 0.666354
vt 0.119294 0.658775
vt 0.126873 0.666354
vt 0.119294 0.673934
vt 0.119294 0.695166
vt 0.111715 0.687586
vt 0.119294 0.680007
vt 0.126873 0.687586
vt 0.111715 0.708818
vt 0.119294 0.701239
vt 0.126873 0.708818
vt 0.119294 0.716398
vt 0.534390 0.304827
vt 0.526811 0.297248
vt 0.534390 0.289669
vt 0.541969 0.297248
vt 0.526811 0.318480
vt 0.534390 0.310901
vt 0.541969 0.318480
vt 0.534390 0.326059
vt 0.534390 0.347291
vt 0.526811 0.339712
vt 0.534390 0.332133
vt 0.541969 0.339712
vt 0.526811 0.360944
vt 0.534390 0.353365
vt 0.541969 0.360944
vt 0.534390 0.368523
vt 0.534390 0.389755
vt 0.526811 0.382176
vt 0.534390 0.374597
vt 0.541969 0.382176
vt 0.526811 0.403408
vt 0.534390 0.395829
vt 0.541969 0.403408
vt 0.534390 0.410987
vt 0.534390 0.432219
vt 0.526811 0.424640
vt 0.534390 0.417061
vt 0.541969 0.424640
vt 0.526811 0.445872
vt 0.534390 0.438293
vt 0.541969 0.445872
vt 0.534390 0.453451
vt 0.534390 0.474683
vt 0.526811 0.467104
vt 0.534390 0.459525
vt 0.541969 0.467104
vt 0.526811 0.488336
vt 0.534390 0.480757
vt 0.541969 0.488336
vt 0.534390 0.495915
vt 0.534390 0.517147
vt 0.526811 0.509568
vt 0.534390 0.501989
vt 0.541969 0.509568
vt 0.526811 0.530800
vt 0.534390 0.523221
vt 0.541969 0.530800
vt 0.534390 0.538379
vt 0.959948 0.532957
vt 0.970667 0.532957
vt 0.961677 0.256941
vt 0.950958 0.256941
vt 0.961337 0.723326
vt 0.940239 0.085647
vt 0.940239 -0.000000
vt 0.950958 -0.000000
vt 0.949229 0.532957
vt 0.938510 0.532957
vt 0.961337 0.808973
vt 0.970870 0.276016
vt 0.970870 0.361663
vt 0.972056 0.552032
vt 0.972056 0.637679
vt 0.972056 0.723326
vt 0.972056 0.808973
vt 0.629265 0.973419
vt 0.629265 0.887773
vt 0.639984 0.887773
vt 0.639984 0.973419
vt 0.119294 0.454034
vt 0.127776 0.454034
vt 0.127776 0.475266
vt 0.993049 0.171294
vt 0.127776 0.496498
vt 0.127776 0.517730
vt 0.992537 0.447310
vt 0.992537 0.361663
vt 0.998611 0.361663
vt 0.998611 0.447310
vt 0.127776 0.538962
vt 0.127776 0.560194
vt 0.986637 0.808973
vt 0.986637 0.723326
vt 0.992710 0.723326
vt 0.127776 0.581426
vt 0.127776 0.602658
vt 1.000000 0.637679
vt 1.000000 0.723326
vt 0.127776 0.623890
vt 0.127776 0.645122
vt 1.000000 0.552032
vt 0.127776 0.666354
vt 0.127776 0.687586
vt 0.999122 -0.000000
vt 0.999122 0.085647
vt 0.127776 0.708818
vt 0.119294 0.730050
vt 0.127776 0.730050
vt 0.542872 0.297248
vt 0.542872 0.318480
vt 0.542872 0.339712
vt 0.542872 0.360944
vt 0.542872 0.382176
vt 0.542872 0.403408
vt 0.542872 0.424640
vt 0.542872 0.445872
vt 0.542872 0.467104
vt 0.542872 0.488336
vt 0.542872 0.509568
vt 0.542872 0.530800
vt 0.534390 0.552032
vt 0.542872 0.552032
vt 0.370807 0.986991
vt 0.370807 0.901344
vt 0.378097 0.901344
vt 0.378097 0.986991
vt 0.385387 0.901344
vt 0.385387 0.986991
vt 0.657993 0.887772
vt 0.657993 0.973419
vt 0.650703 0.973419
vt 0.650703 0.887772
vt 0.979346 0.723326
vt 0.979347 0.808973
vt 0.979347 0.723326
vt 0.979346 0.894620
vt 0.979346 0.808973
vt 0.986637 0.894620
vt 0.977957 0.361663
vt 0.979685 0.000000
vt 0.972719 0.894620
vt 0.972719 0.980267
vt 0.985247 0.361663
vt 0.392677 0.901344
vt 0.392677 0.986991
vt 0.992537 0.532957
vt 0.005155 0.730050
vt -0.000000 0.724896
vt -0.000000 0.713973
vt 0.005155 0.708818
vt 0.927588 0.447310
vt 0.843331 0.765152
vt 0.586390 0.552032
vt 0.420251 0.297248
vt 0.415096 0.292093
vt 0.415096 0.281171
vt 0.420251 0.552032
vt 0.415096 0.546877
vt 0.415096 0.535955
vt 0.420251 0.530800
vt 0.403573 0.730050
vt 0.403573 0.815697
vt 0.854592 0.106560
vt 0.768945 0.106560
vt 0.768945 0.000000
vt 0.854592 0.000000
vt 0.005155 0.475266
vt 0.000000 0.470111
vt 0.000000 0.459189
vt 0.005155 0.454034
vt 0.005155 0.517730
vt 0.000000 0.512576
vt 0.000000 0.501653
vt 0.005155 0.496498
vt 0.403725 0.625328
vt 0.414647 0.625328
vt 0.854592 0.213120
vt 0.768945 0.213120
vt 0.757684 0.871711
vt 0.672037 0.871711
vt 0.005155 0.560194
vt 0.000000 0.555040
vt 0.000000 0.544117
vt 0.005155 0.538962
vt 0.414647 0.796622
vt 0.414647 0.882269
vt 0.403725 0.796622
vt 0.843331 0.871711
vt 0.500743 0.887772
vt 0.415096 0.887772
vt 0.005155 0.602658
vt 0.000000 0.597503
vt 0.000000 0.586581
vt 0.005155 0.581426
vt 0.928978 0.808973
vt 0.672037 0.887772
vt 0.005155 0.645122
vt -0.000000 0.639968
vt -0.000000 0.629045
vt 0.005155 0.623890
vt 0.928978 0.723326
vt 0.927588 0.382576
vt 0.927588 0.489136
vt 0.005155 0.687586
vt -0.000000 0.682432
vt -0.000000 0.671509
vt 0.005155 0.666354
vt 0.353510 0.901344
vt 0.928978 0.658592
vt 0.928978 0.765152
vt 0.420251 0.339712
vt 0.415096 0.334557
vt 0.415096 0.323635
vt 0.420251 0.318480
vt 0.420251 0.382176
vt 0.415096 0.377021
vt 0.415096 0.366099
vt 0.420251 0.360944
vt 0.420251 0.424640
vt 0.415096 0.419485
vt 0.415096 0.408563
vt 0.420251 0.403408
vt 0.420251 0.467104
vt 0.415096 0.461949
vt 0.415096 0.451027
vt 0.420251 0.445872
vt 0.420251 0.509568
vt 0.415096 0.504413
vt 0.415096 0.493491
vt 0.420251 0.488336
vt 0.370807 0.538962
vt 0.370807 0.517730
vt 0.398637 0.085647
vt 0.398637 -0.000000
vt 0.415096 0.000000
vt 0.415096 0.085647
vt 0.000000 0.368387
vt 0.138008 0.368387
vt 0.276016 0.368388
vt 0.276016 0.454034
vt 0.254784 0.454034
vt 0.233552 0.454034
vt 0.212320 0.454034
vt 0.191088 0.454034
vt 0.169856 0.454034
vt 0.148624 0.454034
vt 0.127392 0.454034
vt 0.106160 0.454034
vt 0.084928 0.454034
vt 0.063696 0.454034
vt 0.042464 0.454034
vt 0.021232 0.454034
vt 0.000000 0.454034
vt 0.354347 0.908069
vt 0.354347 0.822422
vt 0.370807 0.822422
vt 0.370807 0.908069
vt 0.370807 0.475266
vt 0.370807 0.687586
vt 0.370807 0.666354
vt 0.370807 0.645122
vt 0.370807 0.623890
vt 0.370807 0.581426
vt 0.370807 0.560194
vt 0.247070 0.525310
vt 0.239490 0.517730
vt 0.247070 0.510151
vt 0.254649 0.517730
vt 0.239490 0.496498
vt 0.247070 0.488919
vt 0.254649 0.496498
vt 0.247070 0.504078
vt 0.247070 0.482846
vt 0.239490 0.475266
vt 0.247070 0.467687
vt 0.254649 0.475266
vt 0.670647 0.390155
vt 0.756294 0.390155
vt 0.756294 0.398637
vt 0.670647 0.398637
vt 0.670647 0.512776
vt 0.756294 0.512776
vt 0.756294 0.521258
vt 0.670647 0.521258
vt 0.000000 0.269591
vt 0.138008 0.269591
vt 0.276016 0.269591
vt 0.370807 0.496498
vt 0.370807 0.708818
vt 0.387266 0.730050
vt 0.255551 0.538962
vt 0.255551 0.517730
vt 0.255551 0.496498
vt 0.255551 0.475266
vt 0.255551 0.454034
vt 0.354347 0.475266
vt 0.354347 0.496498
vt 0.354347 0.517730
vt 0.354347 0.538962
vt 0.354347 0.560194
vt 0.354347 0.581426
vt 0.354347 0.602658
vt 0.354347 0.623890
vt 0.354347 0.645122
vt 0.354347 0.666354
vt 0.354347 0.687586
vt 0.354347 0.708818
vt 0.354347 0.730050
vt 0.255551 0.730050
vt 0.255551 0.708818
vt 0.255551 0.687586
vt 0.255551 0.666354
vt 0.255551 0.645122
vt 0.255551 0.623890
vt 0.255551 0.602658
vt 0.255551 0.581426
vt 0.255551 0.560194
vt 0.370807 0.602658
vt 0.239490 0.538962
vt 0.247070 0.531383
vt 0.254649 0.538962
vt 0.247070 0.546542
vt 0.247070 0.567774
vt 0.239490 0.560194
vt 0.247070 0.552615
vt 0.254649 0.560194
vt 0.239490 0.581426
vt 0.247070 0.573847
vt 0.254649 0.581426
vt 0.247070 0.589006
vt 0.247070 0.610238
vt 0.239490 0.602658
vt 0.247070 0.595079
vt 0.254649 0.602658
vt 0.239490 0.623890
vt 0.247070 0.616311
vt 0.254649 0.623890
vt 0.247070 0.631470
vt 0.247070 0.652702
vt 0.239490 0.645122
vt 0.247070 0.637543
vt 0.254649 0.645122
vt 0.239490 0.666354
vt 0.247070 0.658775
vt 0.254649 0.666354
vt 0.247070 0.673934
vt 0.247070 0.695166
vt 0.239490 0.687586
vt 0.247070 0.680007
vt 0.254649 0.687586
vt 0.239490 0.708818
vt 0.247070 0.701239
vt 0.254649 0.708818
vt 0.247070 0.716398
vt 0.662166 0.028811
vt 0.654586 0.021232
vt 0.662166 0.013653
vt 0.669745 0.021232
vt 0.654586 0.042464
vt 0.662166 0.034885
vt 0.669745 0.042464
vt 0.662166 0.050043
vt 0.662166 0.071275
vt 0.654586 0.063696
vt 0.662166 0.056117
vt 0.669745 0.063696
vt 0.654586 0.084928
vt 0.662166 0.077349
vt 0.669745 0.084928
vt 0.662166 0.092507
vt 0.662166 0.113739
vt 0.654586 0.106160
vt 0.662166 0.098581
vt 0.669745 0.106160
vt 0.654586 0.127392
vt 0.662166 0.119813
vt 0.669745 0.127392
vt 0.662166 0.134971
vt 0.662166 0.156203
vt 0.654586 0.148624
vt 0.662166 0.141045
vt 0.669745 0.148624
vt 0.654586 0.169856
vt 0.662166 0.162277
vt 0.669745 0.169856
vt 0.662166 0.177435
vt 0.662166 0.198667
vt 0.654586 0.191088
vt 0.662166 0.183509
vt 0.669745 0.191088
vt 0.654586 0.212320
vt 0.662166 0.204741
vt 0.669745 0.212320
vt 0.662166 0.219899
vt 0.662166 0.241131
vt 0.654586 0.233552
vt 0.662166 0.225973
vt 0.669745 0.233552
vt 0.654586 0.254784
vt 0.662166 0.247205
vt 0.669745 0.254784
vt 0.662166 0.262363
vt 0.940239 0.256941
vt 0.940239 0.171294
vt 0.607828 0.887772
vt 0.607828 0.973419
vt 0.961337 0.894620
vt 0.961677 0.000000
vt 0.618546 0.887772
vt 0.618546 0.973419
vt 0.972056 0.894620
vt 0.629265 0.887772
vt 0.972395 0.000000
vt 0.639984 0.887772
vt 0.247070 0.454034
vt 0.993049 0.256941
vt 0.998611 0.532957
vt 0.999122 0.171294
vt 0.999122 0.256941
vt 0.998783 0.723326
vt 0.247070 0.730050
vt 0.662166 0.000000
vt 0.670647 0.000000
vt 0.670647 0.021232
vt 0.670647 0.042464
vt 0.670647 0.063696
vt 0.670647 0.084928
vt 0.670647 0.106160
vt 0.670647 0.127392
vt 0.670647 0.148624
vt 0.670647 0.169856
vt 0.670647 0.191088
vt 0.670647 0.212320
vt 0.670647 0.233552
vt 0.670647 0.254784
vt 0.670647 0.276016
vt 0.399967 0.901344
vt 0.399967 0.986991
vt 0.361638 0.908069
vt 0.361638 0.993716
vt 0.354347 0.993716
vt 0.980009 0.894620
vt 0.980009 0.980267
vt 0.368928 0.908069
vt 0.368928 0.993716
vt 0.132931 0.730050
vt 0.127776 0.724896
vt 0.127776 0.713973
vt 0.132931 0.708818
vt 0.403725 0.710975
vt 0.414647 0.710975
vt 0.928978 0.871711
vt 0.548027 0.021232
vt 0.542872 0.016077
vt 0.542872 0.005155
vt 0.548027 0.000000
vt 0.542872 0.270861
vt 0.542872 0.259939
vt 0.548027 0.254784
vt 0.381729 0.901344
vt 0.940239 0.106560
vt 0.132931 0.475266
vt 0.127776 0.470112
vt 0.127776 0.459189
vt 0.132931 0.454034
vt 0.132931 0.517730
vt 0.127776 0.512576
vt 0.127776 0.501653
vt 0.132931 0.496498
vt 0.940239 0.213120
vt 0.085647 0.943170
vt 0.000000 0.943170
vt 0.132931 0.560194
vt 0.127776 0.555040
vt 0.127776 0.544117
vt 0.132931 0.538962
vt 0.392651 0.901344
vt 0.171294 0.943170
vt 0.256941 0.943170
vt 0.132931 0.602658
vt 0.127776 0.597504
vt 0.127776 0.586581
vt 0.132931 0.581426
vt 0.927588 0.532957
vt 0.342588 0.943170
vt 0.757684 0.978271
vt 0.672037 0.978271
vt 0.672037 0.871712
vt 0.757684 0.871712
vt 0.132931 0.645122
vt 0.127776 0.639968
vt 0.127776 0.629045
vt 0.132931 0.623890
vt 0.843331 0.978271
vt 0.843331 0.871712
vt 0.928978 0.978271
vt 0.928978 0.871712
vt 0.132931 0.687586
vt 0.127776 0.682432
vt 0.127776 0.671509
vt 0.132931 0.666354
vt 0.403573 0.901344
vt 0.500743 0.994332
vt 0.415096 0.994332
vt 0.586390 0.994332
vt 0.548027 0.063696
vt 0.542872 0.058541
vt 0.542872 0.047619
vt 0.548027 0.042464
vt 0.548027 0.106160
vt 0.542872 0.101005
vt 0.542872 0.090083
vt 0.548027 0.084928
vt 0.548027 0.148624
vt 0.542872 0.143469
vt 0.542872 0.132547
vt 0.548027 0.127392
vt 0.548027 0.191088
vt 0.542872 0.185933
vt 0.542872 0.175011
vt 0.548027 0.169856
vt 0.548027 0.233552
vt 0.542872 0.228397
vt 0.542872 0.217475
vt 0.548027 0.212320
vt 0.021232 0.000000
vt 0.042464 0.000000
vt 0.063696 0.000000
vt 0.084928 0.000000
vt 0.106160 0.000000
vt 0.127392 0.000000
vt 0.148624 0.000000
vt 0.169856 0.000000
vt 0.191088 0.000000
vt 0.212320 0.000000
vt 0.233552 0.000000
vt 0.254784 0.000000
vt 0.276016 0.000000
vt 0.276016 0.085647
vt 0.138008 0.085647
vt 0.000000 0.085647
vt 0.000000 0.000000
vt 0.768945 0.212320
vt 0.768945 0.233552
vt 0.768945 0.254784
vt 0.768945 0.276016
vt 0.768945 0.021232
vt 0.768945 0.042464
vt 0.768945 0.063696
vt 0.768945 0.084928
vt 0.768945 0.106160
vt 0.768945 0.127392
vt 0.768945 0.148624
vt 0.768945 0.169856
vt 0.768945 0.191088
vt 0.276016 0.183945
vt 0.157117 0.183945
vt 0.000000 0.183944
s 1
usemtl metal
f 239/1/1 237/2/1 16/3/1 15/4/1
f 237/2/1 235/5/1 17/6/1 16/3/1
f 235/5/1 233/7/1 19/8/1 17/6/1
f 233/9/2 231/10/2 18/11/2 19/12/2
f 230/13/3 226/14/3 21/15/3 20/16/3
f 229/17/1 225/18/1 8/19/1 7/20/1
f 225/18/1 223/21/1 9/22/1 8/19/1
f 50/23/3 46/24/3 26/25/3 27/26/3
f 53/27/2 51/28/2 29/29/2 28/30/2
f 3/31/2 4/32/2 51/28/2 53/27/2
f 2/33/3 1/34/3 46/35/3 50/36/3
f 60/37/1 61/38/1 62/39/1 63/40/1
f 64/41/1 65/42/1 66/43/1 67/44/1
f 68/45/1 69/46/1 70/47/1 71/48/1
f 72/49/1 73/50/1 74/51/1 75/52/1
f 76/53/1 77/54/1 78/55/1 79/56/1
f 80/57/1 81/58/1 82/59/1 83/60/1
f 84/61/1 85/62/1 86/63/1 87/64/1
f 88/65/1 89/66/1 90/67/1 91/68/1
f 92/69/1 93/70/1 94/71/1 95/72/1
f 96/73/1 97/74/1 98/75/1 99/76/1
f 100/77/1 101/78/1 102/79/1 103/80/1
f 104/81/1 105/82/1 106/83/1 107/84/1
f 108/85/4 109/86/4 110/87/4 111/88/4
f 112/89/4 113/90/4 114/91/4 115/92/4
f 116/93/4 117/94/4 118/95/4 119/96/4
f 120/97/4 121/98/4 122/99/4 123/100/4
f 124/101/4 125/102/4 126/103/4 127/104/4
f 128/105/4 129/106/4 130/107/4 131/108/4
f 132/109/4 133/110/4 134/111/4 135/112/4
f 136/113/4 137/114/4 138/115/4 139/116/4
f 140/117/4 141/118/4 142/119/4 143/120/4
f 144/121/4 145/122/4 146/123/4 147/124/4
f 148/125/4 149/126/4 150/127/4 151/128/4
f 152/129/4 153/130/4 154/131/4 155/132/4
f 108/133/5 105/134/5 104/135/5 109/136/5
f 112/137/6 101/138/6 100/139/6 113/140/6
f 116/141/5 97/142/5 96/143/5 117/144/5
f 120/145/6 93/146/6 92/147/6 121/148/6
f 124/133/5 89/149/5 88/150/5 125/151/5
f 128/152/6 85/153/6 84/154/6 129/155/6
f 132/156/5 81/157/5 80/158/5 133/159/5
f 136/160/6 77/161/6 76/162/6 137/163/6
f 140/164/5 73/165/5 72/155/5 141/154/5
f 144/165/6 69/164/6 68/166/6 145/167/6
f 148/168/5 65/169/5 64/170/5 149/171/5
f 152/146/6 61/135/6 60/134/6 153/147/6
f 65/172/7 148/173/7 153/174/7 60/175/7
f 227/176/1 229/17/1 7/20/1 6/177/1
f 66/43/1 65/42/1 60/37/1 63/40/1 55/178/1 57/179/1
f 226/180/1 227/176/1 6/177/1 21/181/1
f 71/48/1 70/47/1 67/44/1 66/43/1 57/179/1 59/182/1
f 73/183/7 140/184/7 145/185/7 68/186/7
f 74/51/1 73/50/1 68/45/1 71/48/1 59/182/1 35/187/1
f 219/188/1 217/189/1 12/190/1 11/191/1
f 79/56/1 78/55/1 75/52/1 74/51/1 35/187/1 34/192/1
f 81/193/7 132/194/7 137/195/7 76/196/7
f 217/189/1 214/197/1 13/198/1 12/190/1
f 82/59/1 81/58/1 76/53/1 79/56/1 34/192/1 37/199/1
f 214/197/1 215/200/1 14/201/1 13/198/1
f 87/64/1 86/63/1 83/60/1 82/59/1 37/199/1 39/202/1
f 89/203/7 124/204/7 129/205/7 84/206/7
f 248/207/1 249/208/1 250/209/1 251/210/1
f 90/67/1 89/66/1 84/61/1 87/64/1 39/202/1 41/211/1
f 244/212/1 245/213/1 246/214/1 247/215/1
f 240/216/1 241/217/1 242/218/1 243/219/1
f 95/72/1 94/71/1 91/68/1 90/67/1 41/211/1 43/220/1
f 97/221/7 116/222/7 121/186/7 92/185/7
f 24/34/3 25/223/3 226/224/3 230/35/3
f 98/75/1 97/74/1 92/69/1 95/72/1 43/220/1 45/225/1
f 23/223/2 22/226/2 231/227/2 233/224/2
f 215/200/1 239/1/1 15/4/1 14/201/1
f 103/80/1 102/79/1 99/76/1 98/75/1 45/225/1 49/228/1
f 105/229/7 108/230/7 113/231/7 100/232/7
f 106/83/1 105/82/1 100/77/1 103/80/1 49/228/1 47/233/1
f 1/234/1 107/84/1 106/83/1 47/233/1 46/235/1
f 111/88/4 110/87/4 2/236/4 50/237/4 52/238/4
f 114/91/4 113/90/4 108/85/4 111/88/4 52/238/4 54/239/4
f 119/96/4 118/95/4 115/92/4 114/91/4 54/239/4 56/240/4
f 122/99/4 121/98/4 116/93/4 119/96/4 56/240/4 58/241/4
f 223/21/1 221/242/1 10/243/1 9/22/1
f 127/104/4 126/103/4 123/100/4 122/99/4 58/241/4 33/244/4
f 130/107/4 129/106/4 124/101/4 127/104/4 33/244/4 32/245/4
f 221/242/1 219/188/1 11/191/1 10/243/1
f 135/112/4 134/111/4 131/108/4 130/107/4 32/245/4 36/246/4
f 138/115/4 137/114/4 132/109/4 135/112/4 36/246/4 38/247/4
f 143/120/4 142/119/4 139/116/4 138/115/4 38/247/4 40/248/4
f 146/123/4 145/122/4 140/117/4 143/120/4 40/248/4 42/249/4
f 230/13/3 20/16/3 26/25/3 46/24/3
f 151/128/4 150/127/4 147/124/4 146/123/4 42/249/4 44/250/4
f 154/131/4 153/130/4 148/125/4 151/128/4 44/250/4 48/251/4
f 4/252/4 155/132/4 154/131/4 48/251/4 51/253/4
f 252/254/1 253/255/1 254/256/1 255/257/1
f 158/258/6 161/259/6 160/260/6 159/261/6
f 164/262/5 167/263/5 166/264/5 165/265/5
f 190/266/5 157/267/5 156/137/5 191/268/5
f 192/269/6 189/270/6 188/271/6 193/272/6
f 194/265/5 187/264/5 186/138/5 195/137/5
f 196/273/6 185/274/6 184/275/6 197/276/6
f 198/277/5 183/278/5 182/279/5 199/280/5
f 200/281/6 181/282/6 180/276/6 201/275/6
f 202/283/5 179/284/5 178/282/5 203/281/5
f 204/285/6 177/286/6 176/287/6 205/288/6
f 206/289/5 175/290/5 174/291/5 207/292/5
f 208/293/6 173/285/6 172/288/6 209/294/6
f 210/295/5 171/296/5 170/297/5 211/298/5
f 162/284/6 169/283/6 168/292/6 163/291/6
f 104/81/1 107/84/1 1/234/1 158/299/1 159/300/1 156/301/1 157/302/1
f 159/303/7 160/304/7 191/305/7 156/153/7
f 109/306/2 104/307/2 157/308/2 190/309/2
f 1/34/3 2/33/3 161/310/3 158/311/3
f 2/236/4 110/87/4 109/86/4 190/312/4 191/313/4 160/314/4 161/315/4
f 152/129/4 155/132/4 4/252/4 164/316/4 165/317/4 162/318/4 163/319/4
f 169/320/7 162/321/7 165/322/7 166/323/7
f 61/324/3 152/325/3 163/307/3 168/306/3
f 4/32/2 3/31/2 167/326/2 164/327/2
f 3/328/1 62/39/1 61/38/1 168/329/1 169/330/1 166/331/1 167/332/1
f 64/41/1 67/44/1 70/47/1 69/46/1 172/333/1 173/334/1 170/335/1 171/336/1
f 173/337/7 208/8/7 211/338/7 170/339/7
f 149/340/2 64/341/2 171/36/2 210/35/2
f 69/342/3 144/340/3 209/35/3 172/224/3
f 72/49/1 75/52/1 78/55/1 77/54/1 176/343/1 177/344/1 174/345/1 175/346/1
f 177/347/7 204/348/7 207/349/7 174/350/7
f 141/351/2 72/342/2 175/224/2 206/227/2
f 77/352/3 136/353/3 205/354/3 176/355/3
f 80/57/1 83/60/1 86/63/1 85/62/1 180/356/1 181/357/1 178/358/1 179/359/1
f 181/142/7 200/141/7 203/153/7 178/305/7
f 133/360/2 80/352/2 179/355/2 202/361/2
f 85/362/3 128/360/3 201/361/3 180/363/3
f 88/65/1 91/68/1 94/71/1 93/70/1 184/364/1 185/365/1 182/366/1 183/367/1
f 185/368/7 196/136/7 199/369/7 182/370/7
f 125/371/2 88/362/2 183/363/2 198/321/2
f 93/372/3 120/373/3 197/374/3 184/375/3
f 96/73/1 99/76/1 102/79/1 101/78/1 188/376/1 189/377/1 186/378/1 187/379/1
f 189/348/7 192/347/7 195/380/7 186/381/7
f 117/382/2 96/383/2 187/373/2 194/372/2
f 101/384/3 112/306/3 193/309/3 188/385/3
f 112/89/4 115/92/4 118/95/4 117/94/4 194/386/4 195/387/4 192/388/4 193/389/4
f 120/97/4 123/100/4 126/103/4 125/102/4 198/390/4 199/391/4 196/392/4 197/393/4
f 128/105/4 131/108/4 134/111/4 133/110/4 202/394/4 203/395/4 200/396/4 201/397/4
f 136/113/4 139/116/4 142/119/4 141/118/4 206/398/4 207/399/4 204/400/4 205/401/4
f 144/121/4 147/124/4 150/127/4 149/126/4 210/402/4 211/403/4 208/404/4 209/405/4
f 256/406/1 257/407/1 258/408/1 259/409/1
f 260/410/1 261/411/1 262/412/1 263/413/1
f 264/414/1 265/415/1 266/416/1 267/417/1
f 268/418/1 269/419/1 270/420/1 271/421/1
f 272/422/1 273/423/1 274/424/1 275/425/1
f 276/426/1 277/427/1 278/428/1 279/429/1
f 280/430/1 281/431/1 282/432/1 283/433/1
f 284/434/1 285/435/1 286/436/1 287/437/1
f 288/438/4 289/439/4 290/440/4 291/441/4
f 292/442/4 293/443/4 294/444/4 295/445/4
f 296/446/4 297/447/4 298/448/4 299/449/4
f 300/450/4 301/451/4 302/452/4 303/453/4
f 304/454/4 305/455/4 306/456/4 307/457/4
f 308/458/4 309/459/4 310/460/4 311/461/4
f 312/462/4 313/463/4 314/464/4 315/465/4
f 316/466/4 317/467/4 318/468/4 319/469/4
f 320/470/4 321/471/4 322/472/4 323/473/4
f 324/474/4 325/475/4 326/476/4 327/477/4
f 328/478/4 329/479/4 330/480/4 331/481/4
f 332/482/4 333/483/4 334/484/4 335/485/4
f 288/486/5 285/165/5 284/167/5 289/487/5
f 292/157/6 281/488/6 280/489/6 293/158/6
f 296/134/5 277/133/5 276/151/5 297/490/5
f 300/491/6 273/492/6 272/493/6 301/159/6
f 304/494/5 269/155/5 268/165/5 305/486/5
f 308/155/6 265/494/6 264/495/6 309/152/6
f 312/147/5 261/134/5 260/490/5 313/496/5
f 316/497/6 257/498/6 256/144/6 317/143/6
f 320/499/5 253/500/5 252/151/5 321/150/5
f 324/490/6 249/151/6 248/500/6 325/501/6
f 328/496/5 245/490/5 244/501/5 329/502/5
f 332/503/6 241/504/6 240/505/6 333/506/6
f 243/219/1 242/218/1 23/507/1 233/508/1 235/509/1
f 245/173/7 328/510/7 333/262/7 240/174/7
f 246/214/1 245/213/1 240/216/1 243/219/1 235/509/1 237/511/1
f 251/210/1 250/209/1 247/215/1 246/214/1 237/511/1 239/512/1
f 253/513/7 320/514/7 325/515/7 248/516/7
f 254/256/1 253/255/1 248/207/1 251/210/1 239/512/1 215/517/1
f 259/409/1 258/408/1 255/257/1 254/256/1 215/517/1 214/518/1
f 261/519/7 312/520/7 317/521/7 256/206/7
f 262/412/1 261/411/1 256/406/1 259/409/1 214/518/1 217/522/1
f 267/417/1 266/416/1 263/413/1 262/412/1 217/522/1 219/523/1
f 269/524/7 304/525/7 309/294/7 264/288/7
f 270/420/1 269/419/1 264/414/1 267/417/1 219/523/1 221/526/1
f 275/425/1 274/424/1 271/421/1 270/420/1 221/526/1 223/527/1
f 277/528/7 296/524/7 301/288/7 272/287/7
f 278/428/1 277/427/1 272/422/1 275/425/1 223/527/1 225/529/1
f 283/433/1 282/432/1 279/429/1 278/428/1 225/529/1 229/530/1
f 285/173/7 288/172/7 293/531/7 280/532/7
f 286/436/1 285/435/1 280/430/1 283/433/1 229/530/1 227/533/1
f 25/534/1 287/437/1 286/436/1 227/533/1 226/535/1
f 291/441/4 290/440/4 24/252/4 230/253/4 232/536/4
f 294/444/4 293/443/4 288/438/4 291/441/4 232/536/4 234/537/4
f 299/449/4 298/448/4 295/445/4 294/444/4 234/537/4 236/538/4
f 302/452/4 301/451/4 296/446/4 299/449/4 236/538/4 238/539/4
f 307/457/4 306/456/4 303/453/4 302/452/4 238/539/4 213/540/4
f 310/460/4 309/459/4 304/454/4 307/457/4 213/540/4 212/541/4
f 315/465/4 314/464/4 311/461/4 310/460/4 212/541/4 216/542/4
f 318/468/4 317/467/4 312/462/4 315/465/4 216/542/4 218/543/4
f 323/473/4 322/472/4 319/469/4 318/468/4 218/543/4 220/544/4
f 326/476/4 325/475/4 320/470/4 323/473/4 220/544/4 222/545/4
f 331/481/4 330/480/4 327/477/4 326/476/4 222/545/4 224/546/4
f 334/484/4 333/483/4 328/478/4 331/481/4 224/546/4 228/547/4
f 22/548/4 335/485/4 334/484/4 228/547/4 231/549/4
f 338/550/6 341/551/6 340/552/6 339/553/6
f 344/554/5 347/555/5 346/553/5 345/552/5
f 370/556/5 337/557/5 336/558/5 371/559/5
f 372/194/6 369/193/6 368/557/6 373/556/6
f 374/560/5 367/277/5 366/280/5 375/520/5
f 376/561/6 365/562/6 364/520/6 377/519/6
f 378/563/5 363/564/5 362/519/5 379/565/5
f 380/167/6 361/166/6 360/566/6 381/261/6
f 382/266/5 359/567/5 358/175/5 383/174/5
f 384/261/6 357/260/6 356/487/6 385/167/6
f 386/568/5 355/569/5 354/290/5 387/289/5
f 388/258/6 353/570/6 352/514/6 389/513/6
f 390/555/5 351/554/5 350/571/5 391/572/5
f 342/259/6 349/258/6 348/513/6 343/573/6
f 284/434/1 287/437/1 25/534/1 338/574/1 339/575/1 336/576/1 337/577/1
f 339/578/7 340/303/7 371/153/7 336/152/7
f 289/579/2 284/324/2 337/306/2 370/384/2
f 25/223/3 24/34/3 341/311/3 338/580/3
f 24/252/4 290/440/4 289/439/4 370/581/4 371/582/4 340/583/4 341/316/4
f 332/482/4 335/485/4 22/548/4 344/584/4 345/585/4 342/586/4 343/587/4
f 349/381/7 342/380/7 345/588/7 346/589/7
f 241/590/3 332/591/3 343/592/3 348/593/3
f 22/226/2 23/223/2 347/580/2 344/308/2
f 23/507/1 242/218/1 241/217/1 348/594/1 349/595/1 346/596/1 347/597/1
f 244/212/1 247/215/1 250/209/1 249/208/1 352/598/1 353/599/1 350/600/1 351/601/1
f 353/602/7 388/337/7 391/339/7 350/603/7
f 329/604/2 244/605/2 351/591/2 390/590/2
f 249/606/3 324/607/3 389/325/3 352/324/3
f 252/254/1 255/257/1 258/408/1 257/407/1 356/608/1 357/609/1 354/610/1 355/611/1
f 357/612/7 384/613/7 387/163/7 354/614/7
f 321/615/2 252/606/2 355/324/2 386/579/2
f 257/616/3 316/617/3 385/341/3 356/340/3
f 260/410/1 263/413/1 266/416/1 265/415/1 360/618/1 361/619/1 358/620/1 359/621/1
f 361/146/7 380/145/7 383/274/7 358/622/7
f 313/169/2 260/616/2 359/340/2 382/342/2
f 265/623/3 308/169/3 381/342/3 360/351/3
f 268/418/1 271/421/1 274/424/1 273/423/1 364/624/1 365/625/1 362/626/1 363/627/1
f 365/136/7 376/135/7 379/628/7 362/369/7
f 305/629/2 268/372/2 363/375/2 378/304/2
f 273/630/3 300/382/3 377/372/3 364/629/3
f 276/426/1 279/429/1 282/432/1 281/431/1 368/631/1 369/632/1 366/633/1 367/634/1
f 369/296/7 372/320/7 375/323/7 366/635/7
f 297/636/2 276/384/2 367/385/2 374/370/2
f 281/637/3 292/579/3 373/384/3 368/636/3
f 292/442/4 295/445/4 298/448/4 297/447/4 374/638/4 375/639/4 372/640/4 373/641/4
f 300/450/4 303/453/4 306/456/4 305/455/4 378/642/4 379/643/4 376/644/4 377/645/4
f 308/458/4 311/461/4 314/464/4 313/463/4 382/646/4 383/647/4 380/648/4 381/649/4
f 316/466/4 319/469/4 322/472/4 321/471/4 386/650/4 387/651/4 384/652/4 385/653/4
f 324/474/4 327/477/4 330/480/4 329/479/4 390/654/4 391/655/4 388/656/4 389/657/4
f 439/658/4 437/659/4 397/1/4 396/200/4
f 434/660/2 432/661/2 401/662/2 402/663/2
f 404/664/8 400/665/8 402/666/8 401/667/8 412/668/8 411/669/8 410/670/8 409/671/8 392/672/8 393/673/8 394/674/8 395/675/8 396/676/8 397/677/8 398/678/8 399/679/8 403/680/8
f 431/681/3 427/682/3 404/683/3 403/684/3
f 433/685/4 431/15/4 403/7/4 399/5/4
f 425/686/4 423/687/4 410/18/4 411/17/4
f 423/687/4 421/688/4 409/21/4 410/18/4
f 421/688/4 419/689/4 392/242/4 409/21/4
f 413/690/4 414/691/4 395/197/4 394/189/4
f 449/692/1 450/693/1 451/694/1 452/695/1
f 445/696/1 446/697/1 447/698/1 448/699/1
f 441/700/1 442/701/1 443/702/1 444/703/1
f 407/704/3 408/705/3 427/706/3 431/707/3
f 406/708/2 405/709/2 432/710/2 434/711/2
f 27/712/8 31/713/8 29/714/8 402/666/8 400/665/8 404/664/8
f 414/691/4 439/658/4 396/200/4 395/197/4
f 437/659/4 435/715/4 398/2/4 397/1/4
f 435/715/4 433/685/4 399/5/4 398/2/4
f 432/350/4 429/716/4 412/176/4 401/717/4
f 429/716/4 425/686/4 411/17/4 412/176/4
f 58/718/7 56/719/7 54/720/7 52/721/7 50/722/7 427/14/7 428/723/7 430/724/7 426/725/7 424/726/7 422/727/7 420/728/7 418/729/7 415/730/7 416/731/7 440/732/7 438/733/7 436/734/7 434/735/7 51/736/7 48/737/7 44/738/7 42/739/7 40/740/7 38/741/7 36/742/7 32/743/7 33/744/7
f 50/23/3 27/26/3 404/683/3 427/682/3
f 419/689/4 417/745/4 393/188/4 392/242/4
f 417/745/4 413/690/4 394/189/4 393/188/4
f 453/746/1 454/747/1 455/748/1 456/749/1
f 457/750/1 458/751/1 459/752/1 460/753/1
f 461/754/1 462/755/1 463/756/1 464/757/1
f 465/758/1 466/759/1 467/760/1 468/761/1
f 469/762/1 470/763/1 471/764/1 472/765/1
f 473/766/1 474/767/1 475/768/1 476/769/1
f 477/770/1 478/771/1 479/772/1 480/773/1
f 481/774/1 482/775/1 483/776/1 484/777/1
f 485/778/1 486/779/1 487/780/1 488/781/1
f 489/782/4 490/783/4 491/784/4 492/785/4
f 493/786/4 494/787/4 495/788/4 496/789/4
f 497/790/4 498/791/4 499/792/4 500/793/4
f 501/794/4 502/795/4 503/796/4 504/797/4
f 505/798/4 506/799/4 507/800/4 508/801/4
f 509/802/4 510/803/4 511/804/4 512/805/4
f 513/806/4 514/807/4 515/808/4 516/809/4
f 517/810/4 518/811/4 519/812/4 520/813/4
f 521/814/4 522/815/4 523/816/4 524/817/4
f 525/818/4 526/819/4 527/820/4 528/821/4
f 529/822/4 530/823/4 531/824/4 532/825/4
f 533/826/4 534/827/4 535/828/4 536/829/4
f 489/830/5 486/831/5 485/158/5 490/489/5
f 493/832/6 482/833/6 481/171/6 494/170/6
f 497/148/5 478/147/5 477/496/5 498/834/5
f 501/831/6 474/491/6 473/159/6 502/158/6
f 505/159/5 470/493/5 469/835/5 506/156/5
f 509/136/6 466/368/6 465/149/6 510/133/6
f 513/833/5 462/832/5 461/836/5 514/837/5
f 517/502/6 458/838/6 457/834/6 518/496/6
f 521/839/5 454/503/5 453/837/5 522/836/5
f 525/156/6 450/835/6 449/840/6 526/268/6
f 529/157/5 446/156/5 445/268/5 530/137/5
f 533/506/6 442/841/6 441/559/6 534/558/6
f 444/703/1 443/702/1 406/842/1 434/722/1 436/721/1
f 446/510/7 529/843/7 534/263/7 441/262/7
f 447/698/1 446/697/1 441/700/1 444/703/1 436/721/1 438/720/1
f 452/695/1 451/694/1 448/699/1 447/698/1 438/720/1 440/719/1
f 454/573/7 521/513/7 526/516/7 449/844/7
f 455/748/1 454/747/1 449/692/1 452/695/1 440/719/1 416/718/1
f 460/753/1 459/752/1 456/749/1 455/748/1 416/718/1 415/744/1
f 462/565/7 513/519/7 518/206/7 457/205/7
f 463/756/1 462/755/1 457/750/1 460/753/1 415/744/1 418/743/1
f 468/761/1 467/760/1 464/757/1 463/756/1 418/743/1 420/742/1
f 470/532/7 505/845/7 510/510/7 465/173/7
f 471/764/1 470/763/1 465/758/1 468/761/1 420/742/1 422/741/1
f 476/769/1 475/768/1 472/765/1 471/764/1 422/741/1 424/740/1
f 478/845/7 497/846/7 502/843/7 473/510/7
f 479/772/1 478/771/1 473/766/1 476/769/1 424/740/1 426/739/1
f 484/777/1 483/776/1 480/773/1 479/772/1 426/739/1 430/738/1
f 486/206/7 489/521/7 494/847/7 481/203/7
f 487/780/1 486/779/1 481/774/1 484/777/1 430/738/1 428/737/1
f 408/848/1 488/781/1 487/780/1 428/737/1 427/736/1
f 492/785/4 491/784/4 407/849/4 431/850/4 433/851/4
f 495/788/4 494/787/4 489/782/4 492/785/4 433/851/4 435/852/4
f 500/793/4 499/792/4 496/789/4 495/788/4 435/852/4 437/853/4
f 503/796/4 502/795/4 497/790/4 500/793/4 437/853/4 439/854/4
f 508/801/4 507/800/4 504/797/4 503/796/4 439/854/4 414/855/4
f 511/804/4 510/803/4 505/798/4 508/801/4 414/855/4 413/856/4
f 516/809/4 515/808/4 512/805/4 511/804/4 413/856/4 417/857/4
f 519/812/4 518/811/4 513/806/4 516/809/4 417/857/4 419/858/4
f 524/817/4 523/816/4 520/813/4 519/812/4 419/858/4 421/859/4
f 527/820/4 526/819/4 521/814/4 524/817/4 421/859/4 423/860/4
f 532/825/4 531/824/4 528/821/4 527/820/4 423/860/4 425/861/4
f 535/828/4 534/827/4 529/822/4 532/825/4 425/861/4 429/862/4
f 405/328/4 536/829/4 535/828/4 429/862/4 432/863/4
f 539/572/6 542/571/6 541/864/6 540/865/6
f 545/174/5 548/262/5 547/267/5 546/266/5
f 571/270/5 538/269/5 537/498/5 572/497/5
f 573/278/6 570/277/6 569/500/6 574/499/6
f 575/277/5 568/560/5 567/501/5 576/500/5
f 577/502/6 566/501/6 565/560/6 578/564/6
f 579/564/5 564/563/5 563/838/5 580/502/5
f 581/272/6 562/271/6 561/230/6 582/229/6
f 583/261/5 560/566/5 559/570/5 584/258/5
f 585/866/6 558/867/6 557/868/6 586/681/6
f 587/869/5 556/870/5 555/569/5 588/568/5
f 589/867/6 554/866/6 553/871/6 590/872/6
f 591/870/5 552/869/5 551/184/5 592/183/5
f 543/268/6 550/840/6 549/567/6 544/266/6
f 485/778/1 488/781/1 408/848/1 539/873/1 540/874/1 537/875/1 538/876/1
f 540/614/7 541/877/7 572/878/7 537/612/7
f 490/879/2 485/615/2 538/579/2 571/637/2
f 408/705/3 407/704/3 542/863/3 539/374/3
f 407/849/4 491/784/4 490/783/4 571/880/4 572/881/4 541/882/4 542/883/4
f 533/826/4 536/829/4 405/328/4 545/332/4 546/884/4 543/885/4 544/886/4
f 550/551/7 543/349/7 546/348/7 547/887/7
f 442/888/3 533/590/3 544/593/3 549/492/3
f 405/709/2 406/708/2 548/707/2 545/706/2
f 406/842/1 443/702/1 442/701/1 549/889/1 550/890/1 547/891/1 548/892/1
f 445/696/1 448/699/1 451/694/1 450/693/1 553/893/1 554/894/1 551/895/1 552/896/1
f 554/877/7 589/602/7 592/603/7 551/878/7
f 530/897/2 445/604/2 552/590/2 591/888/2
f 450/898/3 525/899/3 590/353/3 553/352/3
f 453/746/1 456/749/1 459/752/1 458/751/1 557/900/1 558/901/1 555/902/1 556/903/1
f 558/381/7 585/904/7 588/887/7 555/348/7
f 522/905/2 453/898/2 556/352/2 587/360/2
f 458/906/3 517/905/3 586/360/3 557/362/3
f 461/754/1 464/757/1 467/760/1 466/759/1 561/907/1 562/908/1 559/909/1 560/910/1
f 562/152/7 581/495/7 584/911/7 559/578/7
f 514/912/2 461/906/2 560/362/2 583/371/2
f 466/913/3 509/914/3 582/915/3 561/916/3
f 469/762/1 472/765/1 475/768/1 474/767/1 565/917/1 566/918/1 563/919/1 564/920/1
f 566/135/7 577/146/7 580/622/7 563/628/7
f 506/921/2 469/913/2 564/916/2 579/922/2
f 474/923/3 501/921/3 578/922/3 565/924/3
f 477/770/1 480/773/1 483/776/1 482/775/1 569/925/1 570/926/1 567/927/1 568/928/1
f 570/904/7 573/381/7 576/589/7 567/929/7
f 498/930/2 477/931/2 568/617/2 575/616/2
f 482/932/3 493/930/3 574/616/3 569/169/3
f 493/786/4 496/789/4 499/792/4 498/791/4 575/933/4 576/934/4 573/935/4 574/936/4
f 501/794/4 504/797/4 507/800/4 506/799/4 579/937/4 580/938/4 577/939/4 578/940/4
f 509/802/4 512/805/4 515/808/4 514/807/4 583/941/4 584/942/4 581/943/4 582/944/4
f 517/810/4 520/813/4 523/816/4 522/815/4 587/945/4 588/946/4 585/947/4 586/948/4
f 525/818/4 528/821/4 531/824/4 530/823/4 591/949/4 592/950/4 589/951/4 590/952/4
f 6/953/8 7/954/8 8/955/8 9/956/8 10/957/8 11/958/8 12/959/8 13/960/8 14/961/8 15/962/8 16/963/8 17/964/8 19/965/8 18/966/8 5/967/8 20/968/8 21/969/8
f 59/970/7 57/971/7 55/972/7 53/973/7 231/863/7 228/862/7 224/861/7 222/860/7 220/859/7 218/858/7 216/857/7 212/856/7 213/855/7 238/854/7 236/853/7 234/852/7 232/851/7 230/850/7 46/592/7 47/974/7 49/975/7 45/976/7 43/977/7 41/978/7 39/979/7 37/980/7 34/981/7 35/982/7
f 53/863/1 55/178/1 63/40/1 62/39/1 3/328/1
f 53/27/2 28/30/2 18/11/2 231/10/2
f 28/983/8 30/984/8 26/985/8 20/968/8 5/967/8 18/966/8
f 402/663/2 29/29/2 51/28/2 434/660/2
f 26/985/8 30/984/8 28/983/8 29/714/8 31/713/8 27/712/8
o plug
v 165.167282 -3.560618 -61.620537
v 165.167282 -3.560618 44.783356
v 197.223328 -3.560623 44.783356
v 170.592300 -3.560620 -56.195518
v 170.592300 -3.560620 39.358334
v 191.798309 -3.560622 39.358334
v 170.592300 -3.560620 -32.307056
v 170.592300 -3.560620 -8.418592
v 170.592300 -3.560620 15.469870
v 191.798309 -3.560622 15.469872
v 191.798309 -3.560622 -8.418591
v 191.798309 -3.560622 -32.307053
v 165.167282 -3.560618 -35.019562
v 165.167282 -3.560618 -8.418589
v 165.167282 -3.560618 18.182383
v 197.223328 -3.560623 18.182384
v 197.223328 -3.560623 -8.418590
v 197.223328 -3.560623 -35.019562
v 185.450119 -3.560622 -61.620537
v 197.223328 -3.560623 -49.847321
v 191.798309 -3.560622 -44.422302
v 180.025085 -3.560621 -56.195518
v 181.195312 -3.560621 39.358334
v 181.195312 -3.560621 44.783356
v 181.195312 -3.560621 -32.307053
v 181.195312 -3.560621 -8.418592
v 181.195312 -3.560621 15.469871
v 181.195312 -1.136241 39.358334
v 191.798309 -1.136242 39.358334
v 170.592300 -1.136240 15.469870
v 170.592300 -1.136240 39.358334
v 181.195312 -1.136241 44.783356
v 197.223328 -1.136243 44.783356
v 165.167282 -1.136238 18.182383
v 165.167282 -1.136238 44.783356
v 165.167282 -1.136238 -61.620537
v 170.592300 -1.136240 -56.195518
v 170.592300 -1.136240 -32.307056
v 170.592300 -1.136240 -8.418592
v 191.798309 -1.136242 15.469872
v 191.798309 -1.136242 -8.418591
v 191.798309 -1.136242 -32.307053
v 165.167282 -1.136238 -35.019562
v 165.167282 -1.136238 -8.418589
v 197.223328 -1.136243 18.182384
v 197.223328 -1.136243 -8.418590
v 197.223328 -1.136243 -35.019562
v 180.025085 -1.136241 -56.195518
v 191.798309 -1.136242 -44.422302
v 197.223328 -1.136243 -49.847321
v 185.450119 -1.136242 -61.620537
v 181.195312 -1.136241 39.358334
v 191.798309 -1.136242 39.358334
v 170.592300 -1.136240 15.469870
v 170.592300 -1.136240 39.358334
v 181.195312 -1.136241 44.783356
v 197.223328 -1.136243 44.783356
v 165.167282 -1.136238 18.182383
v 165.167282 -1.136238 44.783356
v 165.167282 -1.136238 -61.620537
v 170.592300 -1.136240 -56.195518
v 170.592300 -1.136240 -32.307056
v 170.592300 -1.136240 -8.418592
v 191.798309 -1.136242 15.469872
v 191.798309 -1.136242 -8.418591
v 191.798309 -1.136242 -32.307053
v 165.167282 -1.136238 -35.019562
v 165.167282 -1.136238 -8.418589
v 197.223328 -1.136243 18.182384
v 197.223328 -1.136243 -8.418590
v 197.223328 -1.136243 -35.019562
v 180.025085 -1.136241 -56.195518
v 191.798309 -1.136242 -44.422302
v 197.223328 -1.136243 -49.847321
v 185.450119 -1.136242 -61.620537
v 181.195312 14.131518 39.358334
v 191.798309 14.131515 39.358334
v 170.592300 14.131518 15.469870
v 170.592300 14.131518 39.358334
v 181.195312 14.131518 44.783356
v 197.223328 14.131515 44.783356
v 165.167282 14.131518 18.182383
v 165.167282 14.131518 44.783356
v 165.167282 14.131518 -61.620537
v 170.592300 14.131518 -56.195518
v 170.592300 14.131518 -32.307056
v 170.592300 14.131518 -8.418592
v 191.798309 14.131515 15.469872
v 191.798309 14.131515 -8.418591
v 191.798309 14.131515 -32.307053
v 165.167282 14.131518 -35.019562
v 165.167282 14.131518 -8.418589
v 197.223328 14.131515 18.182384
v 197.223328 14.131515 -8.418590
v 197.223328 14.131515 -35.019562
v 180.025085 14.131518 -56.195518
v 191.798309 14.131515 -44.422302
v 197.223328 14.131515 -49.847321
v 185.450119 14.131518 -61.620537
v 177.070374 -1.136240 -8.418592
v 181.195312 -1.136241 -4.293663
v 185.320236 -1.136242 -8.418592
v 181.195312 -1.136241 -12.543523
v 178.374786 -1.136240 -5.598082
v 184.015823 -1.136241 -5.598081
v 184.015823 -1.136241 -11.239103
v 178.374786 -1.136240 -11.239103
v 181.195312 -1.136241 19.594801
v 185.320236 -1.136242 15.469871
v 181.195312 -1.136241 11.344940
v 177.070374 -1.136240 15.469871
v 184.015823 -1.136241 18.290384
v 184.015823 -1.136241 12.649358
v 178.374786 -1.136240 12.649357
v 178.374786 -1.136240 18.290382
v 177.070374 -1.136240 -32.307053
v 181.195312 -1.136241 -28.182121
v 185.320236 -1.136242 -32.307053
v 180.993484 -1.136241 -36.427044
v 178.374786 -1.136240 -29.486538
v 184.015823 -1.136241 -29.486538
v 183.877823 -1.136241 -35.124191
v 178.236786 -1.136240 -35.124191
v 179.743057 19.506065 -9.870834
v 178.374786 17.689835 -11.239103
v 178.775543 18.974102 -10.838348
v 177.070374 17.689835 -8.418592
v 179.071426 19.506065 -8.418592
v 177.656479 18.974102 -8.418592
v 178.374786 17.689835 -5.598082
v 179.743057 19.506065 -6.966351
v 178.775543 18.974102 -5.998837
v 181.195312 17.689835 -4.293663
v 181.195312 19.506065 -6.294721
v 181.195312 18.974102 -4.879760
v 184.015823 17.689835 -5.598081
v 182.647552 19.506065 -6.966348
v 183.615067 18.974102 -5.998838
v 185.320236 17.689835 -8.418592
v 183.319183 19.506065 -8.418592
v 184.734146 18.974102 -8.418592
v 184.015823 17.689835 -11.239103
v 182.647552 19.506065 -9.870836
v 183.615067 18.974102 -10.838346
v 181.195312 17.689835 -12.543523
v 181.195312 19.506065 -10.542463
v 181.195312 18.974102 -11.957424
v 179.743057 19.506065 16.922117
v 178.374786 17.689835 18.290384
v 178.775543 18.974102 17.889627
v 181.195312 17.689835 19.594801
v 181.195312 19.506065 17.593744
v 181.195312 18.974102 19.008705
v 184.015823 17.689835 18.290384
v 182.647552 19.506065 16.922117
v 183.615067 18.974102 17.889627
v 185.320236 17.689835 15.469872
v 183.319183 19.506065 15.469872
v 184.734146 18.974102 15.469872
v 184.015823 17.689835 12.649358
v 182.647552 19.506065 14.017625
v 183.615067 18.974102 13.050114
v 181.195312 17.689835 11.344940
v 181.195312 19.506065 13.345997
v 181.195312 18.974102 11.931037
v 178.374786 17.689835 12.649357
v 179.743057 19.506065 14.017624
v 178.775543 18.974102 13.050114
v 177.070374 17.689835 15.469871
v 179.071426 19.506065 15.469871
v 177.656479 18.974102 15.469871
v 179.646683 19.506065 -33.781673
v 178.236786 17.689835 -35.124191
v 178.649734 18.974102 -34.730976
v 177.070374 17.689835 -32.307053
v 179.052811 19.506065 -32.347328
v 177.651016 18.974102 -32.318848
v 178.374786 17.689835 -29.486538
v 179.743057 19.506065 -30.854805
v 178.775543 18.974102 -29.887291
v 181.195312 17.689835 -28.182121
v 181.195312 19.506065 -30.183178
v 181.195312 18.974102 -28.768215
v 184.015823 17.689835 -29.486538
v 182.647552 19.506065 -30.854805
v 183.615067 18.974102 -29.887291
v 185.320236 17.689835 -32.307053
v 183.300476 19.506065 -32.266617
v 184.728668 18.974102 -32.295208
v 183.877823 17.689835 -35.124191
v 182.550873 19.506065 -33.730652
v 183.489166 18.974102 -34.716034
v 180.993484 17.689835 -36.427044
v 181.010727 19.506065 -34.426334
v 180.998535 18.974102 -35.841049
vn -0.0000 -1.0000 -0.0000
vn -0.0000 -0.0000 -0.0000
vn -0.0000 1.0000 -0.0000
vn 1.0000 -0.0000 -0.0000
vn -0.0001 1.0000 -0.0000
vn -1.0000 -0.0000 -0.0000
vn -0.0000 -0.0000 1.0000
vn 0.7071 -0.0000 -0.7071
vn -0.0000 -0.0000 -1.0000
vn -0.7071 -0.0000 0.7071
vn -0.8385 0.3827 -0.3878
vn -0.3473 0.9239 -0.1606
vn -0.8385 0.3827 0.3878
vn -0.3473 0.9239 0.1606
vn -0.3878 0.3827 0.8385
vn -0.1606 0.9239 0.3473
vn 0.3878 0.3827 0.8385
vn 0.1606 0.9239 0.3473
vn 0.8385 0.3827 0.3878
vn 0.3473 0.9239 0.1606
vn 0.8385 0.3827 -0.3878
vn 0.3473 0.9239 -0.1606
vn 0.3878 0.3827 -0.8385
vn 0.1606 0.9239 -0.3473
vn -0.3878 0.3827 -0.8385
vn -0.1606 0.9239 -0.3473
vn -0.8536 0.3827 -0.3534
vn -0.3536 0.9239 -0.1464
vn 0.8224 0.3827 -0.4211
vn 0.3406 0.9239 -0.1744
vn 0.3803 0.3827 -0.8420
vn 0.1575 0.9239 -0.3488
vn -0.3948 0.3827 -0.8353
vn -0.1635 0.9239 -0.3460
vn -0.9076 -0.0000 -0.4198
vn -0.4198 -0.0000 -0.9076
vn -0.9076 -0.0000 0.4198
vn -0.4198 -0.0000 0.9076
vn 0.4198 -0.0000 0.9076
vn 0.9076 -0.0000 0.4198
vn 0.9076 -0.0000 -0.4198
vn 0.4198 -0.0000 -0.9076
vn -0.9239 -0.0000 -0.3825
vn -0.4273 -0.0000 -0.9041
vn 0.8901 -0.0000 -0.4557
vn 0.4117 -0.0000 -0.9113
vt 0.314642 0.633231
vt 0.271494 0.717136
vt 0.229052 0.687965
vt 0.249957 0.590730
vt 0.193742 0.701855
vt 0.248626 0.753347
vt 0.247940 0.754599
vt 0.191789 0.702054
vt 0.316154 0.738385
vt 0.315660 0.768726
vt 0.255313 0.742304
vt 0.203616 0.697886
vt 0.432763 0.598536
vt 0.385048 0.674010
vt 0.360184 0.565183
vt 0.465249 0.521477
vt 0.403830 0.500654
vt 0.293017 0.515129
vt 0.349521 0.462758
vt 0.474459 0.484086
vt 0.440328 0.435997
vt 0.464980 0.422188
vt 0.498622 0.462845
vt 0.410009 0.415707
vt 0.412377 0.394061
vt 0.208682 0.578991
vt 0.261001 0.482786
vt 0.333200 0.425860
vt 0.502203 0.514068
vt 0.472633 0.610412
vt 0.414056 0.700839
vt 0.237411 0.127792
vt 0.361511 0.184962
vt 0.355293 0.187849
vt 0.232358 0.141976
vt 0.507406 0.456615
vt 0.469813 0.415287
vt 0.470052 0.413866
vt 0.331258 0.455486
vt 0.249058 0.466790
vt 0.191728 0.570372
vt 0.188670 0.568887
vt 0.247016 0.463360
vt 0.216587 0.904160
vt 0.071006 0.809638
vt 0.071963 0.805536
vt 0.216339 0.902536
vt 0.326987 0.411401
vt 0.412325 0.385410
vt 0.490175 0.613574
vt 0.428359 0.708534
vt 0.515444 0.512289
vt 0.317621 0.779846
vt 0.428005 0.252773
vt 0.471719 0.277029
vt 0.478096 0.331442
vt 0.411612 0.305685
vt 0.598003 0.679541
vt 0.194094 0.935862
vt 0.171466 0.872650
vt 0.406673 0.728810
vt 0.431136 0.709978
vt 0.315847 0.614014
vt 0.429760 0.597752
vt 0.344293 0.742364
vt 0.319584 0.780719
vt 0.165151 0.842871
vt 0.219658 0.822277
vt 0.021347 0.475453
vt 0.206918 0.313550
vt 0.082775 0.500708
vt 0.017996 0.473767
vt 0.429922 0.252000
vt 0.472076 0.276136
vt 0.617248 0.672457
vt 0.195084 0.937574
vt 0.340498 0.511698
vt 0.412582 0.383765
vt 0.519835 0.353324
vt 0.525452 0.386833
vt 0.371762 0.294582
vt 0.427586 0.316287
vt 0.429370 0.320155
vt 0.372370 0.296120
vt 0.326176 0.408551
vt 0.211651 0.840125
vt 0.116892 0.751784
vt 0.142916 0.740329
vt 0.385850 0.372847
vt 0.368753 0.400729
vt 0.489497 0.362206
vt 0.412480 0.328368
vt 0.308109 0.292330
vt 0.310989 0.323335
vt 0.200297 0.374230
vt 0.108507 0.534929
vt 0.409230 0.453248
vt 0.432540 0.440117
vt 0.465176 0.582388
vt 0.391648 0.154760
vt 0.450958 0.116351
vt 0.449333 0.123285
vt 0.000000 0.407102
vt 0.214162 0.000000
vt 0.324527 0.031172
vt 0.488848 0.238381
vt 0.515825 0.215397
vt 0.601133 0.219981
vt 0.630768 0.669531
vt 0.382708 0.245417
vt 0.385596 0.230652
vt 0.352405 0.205373
vt 0.375435 0.173867
vt 0.449391 0.215078
vt 0.491137 0.192291
vt 0.480792 0.198629
vt 0.462130 0.133123
vt 0.557899 0.953785
vt 0.232039 1.000000
vt 0.000000 0.814242
vt 0.488130 0.209127
vt 0.515248 0.224896
vt 0.539718 0.231971
vt 0.906837 0.261776
vt 0.892195 0.268963
vt 0.891836 0.263111
vt 0.902063 0.257555
vt 0.891442 0.256686
vt 0.897399 0.253430
vt 0.876785 0.263623
vt 0.881006 0.258849
vt 0.885130 0.254185
vt 0.869598 0.248980
vt 0.875450 0.248622
vt 0.881875 0.248227
vt 0.874938 0.233571
vt 0.879712 0.237792
vt 0.884376 0.241916
vt 0.889580 0.226384
vt 0.889939 0.232235
vt 0.890333 0.238660
vt 0.904990 0.231723
vt 0.900769 0.236497
vt 0.896645 0.241162
vt 0.912177 0.246366
vt 0.906325 0.246724
vt 0.899900 0.247119
vt 0.874938 0.398317
vt 0.889580 0.391130
vt 0.889939 0.396981
vt 0.879712 0.402538
vt 0.890333 0.403407
vt 0.884376 0.406662
vt 0.904990 0.396470
vt 0.900769 0.401244
vt 0.896645 0.405908
vt 0.912177 0.411112
vt 0.906325 0.411471
vt 0.899900 0.411865
vt 0.906837 0.426522
vt 0.902063 0.422301
vt 0.897399 0.418177
vt 0.892195 0.433709
vt 0.891836 0.427857
vt 0.891442 0.421432
vt 0.876785 0.428369
vt 0.881006 0.423595
vt 0.885130 0.418931
vt 0.869598 0.413726
vt 0.875450 0.413368
vt 0.881875 0.412973
vt 0.905274 0.066878
vt 0.912224 0.081357
vt 0.906363 0.081693
vt 0.901046 0.071588
vt 0.899931 0.082042
vt 0.896892 0.076181
vt 0.906883 0.096840
vt 0.902107 0.092638
vt 0.897415 0.088543
vt 0.892259 0.104115
vt 0.891895 0.098266
vt 0.891477 0.091838
vt 0.876858 0.098857
vt 0.881063 0.094067
vt 0.885155 0.089375
vt 0.869658 0.084286
vt 0.875498 0.083953
vt 0.881934 0.083604
vt 0.875230 0.068692
vt 0.879995 0.072985
vt 0.884636 0.077191
vt 0.890188 0.061529
vt 0.890522 0.067372
vt 0.890918 0.073795
vt 0.973261 0.281809
vt 0.925030 0.330046
vt 0.973261 0.213531
vt 0.856752 0.330046
vt 0.808514 0.281816
vt 0.808514 0.213538
vt 0.856745 0.165300
vt 0.925023 0.165300
vt 0.808514 0.378284
vt 0.856745 0.330046
vt 0.808514 0.446562
vt 0.925023 0.330046
vt 0.973261 0.378277
vt 0.973261 0.446555
vt 0.925030 0.494792
vt 0.856752 0.494792
vt 0.925451 0.000676
vt 0.973130 0.048663
vt 0.857945 0.000000
vt 0.973130 0.117045
vt 0.924923 0.165266
vt 0.856677 0.165300
vt 0.808515 0.117235
vt 0.808704 0.048271
s 1
usemtl plug
f 619/986/9 615/987/9 597/988/9 601/989/9
s 0
f 627/990/10 624/991/10 648/992/10 651/993/10
s 1
f 615/987/9 598/994/9 595/995/9 616/996/9 594/997/9 597/988/9
f 603/998/9 602/999/9 619/986/9 618/1000/9
f 604/1001/9 603/998/9 618/1000/9 617/1002/9
f 602/999/9 598/994/9 615/987/9 619/986/9
f 617/1002/9 618/1000/9 600/1003/9 599/1004/9
f 618/1000/9 619/986/9 601/989/9 600/1003/9
f 613/1005/9 614/1006/9 611/1007/9 612/1008/9
f 596/1009/9 593/1010/9 611/1007/9 614/1006/9
f 599/1004/9 600/1003/9 601/989/9 597/988/9 594/997/9 607/1011/9 606/1012/9 605/1013/9 593/1010/9 596/1009/9
f 613/1005/9 604/1001/9 617/1002/9 599/1004/9 596/1009/9 614/1006/9
f 602/999/9 603/998/9 604/1001/9 613/1005/9 612/1008/9 610/1014/9 609/1015/9 608/1016/9 595/995/9 598/994/9
s 0
f 631/1017/11 630/1018/12 654/1019/11 655/1020/12
f 642/1021/13 643/1022/12 667/1023/11 666/1024/14
f 636/1025/11 626/1026/12 650/1027/11 660/1028/12
f 620/1029/10 623/1030/10 647/1031/10 644/1032/10
s 1
f 594/997/15 616/996/15 624/991/15 627/990/15
f 612/1008/16 611/1007/16 643/1022/16 642/1021/16
f 593/1010/14 605/1013/14 635/1033/14 628/1034/14
f 607/1011/14 594/997/14 627/990/14 626/1026/14
f 608/1016/12 609/1015/12 638/1035/12 637/1036/12
f 605/1013/14 606/1012/14 636/1025/14 635/1033/14
f 610/1014/12 612/1008/12 642/1021/12 639/1037/12
f 609/1015/12 610/1014/12 639/1037/12 638/1035/12
f 606/1012/14 607/1011/14 626/1026/14 636/1025/14
f 616/996/15 595/995/15 625/1038/15 624/991/15
f 611/1007/17 593/1010/17 628/1034/17 643/1022/17
f 595/995/12 608/1016/12 637/1036/12 625/1038/12
f 653/1039/15 664/1040/15 688/1041/15 677/1042/15
f 656/1043/14 645/1044/14 669/1045/14 680/1046/14
f 661/1047/12 662/1048/12 686/1049/12 685/1050/12
f 648/992/15 649/1051/15 673/1052/15 672/1053/15
f 646/1054/12 655/1020/12 679/1055/12 670/1056/12
s 0
f 623/1030/11 622/1057/12 646/1054/11 647/1031/12
f 625/1038/11 637/1036/12 661/1047/11 649/1051/12
f 622/1057/11 631/1017/12 655/1020/11 646/1054/12
f 624/991/10 625/1038/10 649/1051/10 648/992/10
f 637/1036/11 638/1035/12 662/1048/11 661/1047/12
f 629/1058/10 640/1059/10 664/1040/10 653/1039/10
f 632/1060/11 621/1061/12 645/1044/11 656/1043/12
f 626/1026/11 627/990/12 651/993/11 650/1027/12
f 638/1035/11 639/1037/12 663/1062/11 662/1048/12
f 643/1022/10 628/1034/10 652/1063/10 667/1023/10
f 633/1064/11 632/1060/12 656/1043/11 657/1065/12
f 641/1066/11 634/1067/12 658/1068/11 665/1069/12
f 634/1067/11 633/1064/12 657/1065/11 658/1068/12
f 639/1037/11 642/1021/12 666/1024/11 663/1062/12
f 628/1034/11 635/1033/12 659/1070/11 652/1063/12
f 640/1059/11 641/1066/14 665/1069/13 664/1040/12
f 621/1061/10 620/1029/10 644/1032/10 645/1044/10
f 635/1033/11 636/1025/12 660/1028/11 659/1070/12
f 630/1018/11 629/1058/12 653/1039/11 654/1019/12
s 1
f 668/1071/11 671/1072/11 675/1073/11 672/1053/11 673/1052/11 669/1045/11
f 689/1074/11 690/1075/11 691/1076/11 688/1041/11
f 677/1042/11 688/1041/11 691/1076/11 676/1077/11
f 678/1078/11 677/1042/11 676/1077/11 683/1079/11 684/1080/11 674/1081/11 675/1073/11 671/1072/11 670/1056/11 679/1055/11
f 680/1046/11 669/1045/11 673/1052/11 685/1050/11 686/1049/11 687/1082/11 690/1075/11 689/1074/11 682/1083/11 681/1084/11
f 650/1027/14 651/993/14 675/1073/14 674/1081/14
f 662/1048/12 663/1062/12 687/1082/12 686/1049/12
f 657/1065/14 656/1043/14 680/1046/14 681/1084/14
f 667/1023/17 652/1063/17 676/1077/17 691/1076/17
f 644/1032/17 647/1031/17 671/1072/17 668/1071/17
f 658/1068/14 657/1065/14 681/1084/14 682/1083/14
f 665/1069/14 658/1068/14 682/1083/14 689/1074/14
f 651/993/15 648/992/15 672/1053/15 675/1073/15
f 652/1063/14 659/1070/14 683/1079/14 676/1077/14
f 663/1062/12 666/1024/12 690/1075/12 687/1082/12
f 664/1040/18 665/1069/18 689/1074/18 688/1041/18
f 659/1070/14 660/1028/14 684/1080/14 683/1079/14
f 654/1019/12 653/1039/12 677/1042/12 678/1078/12
f 645/1044/17 644/1032/17 668/1071/17 669/1045/17
f 660/1028/14 650/1027/14 674/1081/14 684/1080/14
f 655/1020/12 654/1019/12 678/1078/12 679/1055/12
f 666/1024/16 667/1023/16 691/1076/16 690/1075/16
f 647/1031/12 646/1054/12 670/1056/12 671/1072/12
f 649/1051/12 661/1047/12 685/1050/12 673/1052/12
f 693/1085/11 696/1086/11 692/1087/11 631/1017/11 622/1057/11 703/1088/11 706/1089/11 702/1090/11
f 633/1064/11 694/1091/11 697/1092/11 693/1085/11 702/1090/11 705/1093/11 701/1094/11 632/1060/11
f 634/1067/11 710/1095/11 713/1096/11 709/1097/11 695/1098/11 698/1099/11 694/1091/11 633/1064/11
f 709/1097/11 712/1100/11 708/1101/11 630/1018/11 631/1017/11 692/1087/11 699/1102/11 695/1098/11
f 632/1060/11 701/1094/11 704/1103/11 700/1104/11 620/1029/11 621/1061/11
f 700/1104/11 707/1105/11 703/1088/11 622/1057/11 623/1030/11 620/1029/11
f 641/1066/11 640/1059/11 629/1058/11 630/1018/11 708/1101/11 715/1106/11 711/1107/11 714/1108/11 710/1095/11 634/1067/11
f 717/1109/19 719/1110/19 721/1111/19 718/1112/19
f 718/1112/20 721/1111/20 720/1113/20 716/1114/20
f 719/1110/21 722/1115/21 724/1116/21 721/1111/21
f 721/1111/22 724/1116/22 723/1117/22 720/1113/22
f 722/1115/23 725/1118/23 727/1119/23 724/1116/23
f 724/1116/24 727/1119/24 726/1120/24 723/1117/24
f 725/1118/25 728/1121/25 730/1122/25 727/1119/25
f 727/1119/26 730/1122/26 729/1123/26 726/1120/26
f 728/1121/27 731/1124/27 733/1125/27 730/1122/27
f 730/1122/28 733/1125/28 732/1126/28 729/1123/28
f 731/1124/29 734/1127/29 736/1128/29 733/1125/29
f 733/1125/30 736/1128/30 735/1129/30 732/1126/30
f 734/1127/31 737/1130/31 739/1131/31 736/1128/31
f 736/1128/32 739/1131/32 738/1132/32 735/1129/32
f 737/1130/33 717/1109/33 718/1112/33 739/1131/33
f 739/1131/34 718/1112/34 716/1114/34 738/1132/34
f 741/1133/23 743/1134/23 745/1135/23 742/1136/23
f 742/1136/24 745/1135/24 744/1137/24 740/1138/24
f 743/1134/25 746/1139/25 748/1140/25 745/1135/25
f 745/1135/26 748/1140/26 747/1141/26 744/1137/26
f 746/1139/27 749/1142/27 751/1143/27 748/1140/27
f 748/1140/28 751/1143/28 750/1144/28 747/1141/28
f 749/1142/29 752/1145/29 754/1146/29 751/1143/29
f 751/1143/30 754/1146/30 753/1147/30 750/1144/30
f 752/1145/31 755/1148/31 757/1149/31 754/1146/31
f 754/1146/32 757/1149/32 756/1150/32 753/1147/32
f 755/1148/33 758/1151/33 760/1152/33 757/1149/33
f 757/1149/34 760/1152/34 759/1153/34 756/1150/34
f 758/1151/19 761/1154/19 763/1155/19 760/1152/19
f 760/1152/20 763/1155/20 762/1156/20 759/1153/20
f 761/1154/21 741/1133/21 742/1136/21 763/1155/21
f 763/1155/22 742/1136/22 740/1138/22 762/1156/22
f 765/1157/35 767/1158/35 769/1159/35 766/1160/35
f 766/1160/36 769/1159/36 768/1161/36 764/1162/36
f 767/1158/21 770/1163/21 772/1164/21 769/1159/21
f 769/1159/22 772/1164/22 771/1165/22 768/1161/22
f 770/1163/23 773/1166/23 775/1167/23 772/1164/23
f 772/1164/24 775/1167/24 774/1168/24 771/1165/24
f 773/1166/25 776/1169/25 778/1170/25 775/1167/25
f 775/1167/26 778/1170/26 777/1171/26 774/1168/26
f 776/1169/27 779/1172/27 781/1173/27 778/1170/27
f 778/1170/28 781/1173/28 780/1174/28 777/1171/28
f 779/1172/37 782/1175/37 784/1176/37 781/1173/37
f 781/1173/38 784/1176/38 783/1177/38 780/1174/38
f 782/1175/39 785/1178/39 787/1179/39 784/1176/39
f 784/1176/40 787/1179/40 786/1180/40 783/1177/40
f 785/1178/41 765/1157/41 766/1160/41 787/1179/41
f 787/1179/42 766/1160/42 764/1162/42 786/1180/42
f 699/1181/43 692/1182/43 719/1110/43 717/1109/43
f 720/1113/11 723/1117/11 726/1120/11 729/1123/11 732/1126/11 735/1129/11 738/1132/11 716/1114/11
f 695/1183/44 699/1181/44 717/1109/44 737/1130/44
f 692/1182/45 696/1184/45 722/1115/45 719/1110/45
f 696/1184/46 693/1185/46 725/1118/46 722/1115/46
f 693/1185/47 697/1186/47 728/1121/47 725/1118/47
f 697/1186/48 694/1187/48 731/1124/48 728/1121/48
f 694/1187/49 698/1188/49 734/1127/49 731/1124/49
f 698/1188/50 695/1183/50 737/1130/50 734/1127/50
f 707/1189/46 700/1190/46 743/1134/46 741/1133/46
f 744/1137/11 747/1141/11 750/1144/11 753/1147/11 756/1150/11 759/1153/11 762/1156/11 740/1138/11
f 703/1191/45 707/1189/45 741/1133/45 761/1154/45
f 700/1190/47 704/1192/47 746/1139/47 743/1134/47
f 704/1192/48 701/1193/48 749/1142/48 746/1139/48
f 701/1193/49 705/1194/49 752/1145/49 749/1142/49
f 705/1194/50 702/1195/50 755/1148/50 752/1145/50
f 702/1195/44 706/1196/44 758/1151/44 755/1148/44
f 706/1196/43 703/1191/43 761/1154/43 758/1151/43
f 715/1197/51 708/1198/51 767/1158/51 765/1157/51
f 768/1161/11 771/1165/11 774/1168/11 777/1171/11 780/1174/11 783/1177/11 786/1180/11 764/1162/11
f 711/1199/52 715/1197/52 765/1157/52 785/1178/52
f 708/1198/45 712/1200/45 770/1163/45 767/1158/45
f 712/1200/46 709/1201/46 773/1166/46 770/1163/46
f 709/1201/47 713/1202/47 776/1169/47 773/1166/47
f 713/1202/48 710/1203/48 779/1172/48 776/1169/48
f 710/1203/53 714/1204/53 782/1175/53 779/1172/53
f 714/1204/54 711/1199/54 785/1178/54 782/1175/54
l 664 711
o plug.001
v 270.101929 -3.046065 271.381256
v 186.980789 -3.046059 271.381256
v 186.980789 -3.046060 296.422974
v 265.863983 -3.046065 275.619202
v 191.218735 -3.046059 275.619202
v 191.218735 -3.046060 292.185028
v 247.202652 -3.046063 275.619202
v 228.541351 -3.046062 275.619202
v 209.880035 -3.046060 275.619202
v 209.880035 -3.046061 292.185028
v 228.541351 -3.046063 292.185028
v 247.202652 -3.046064 292.185028
v 249.321625 -3.046063 271.381256
v 228.541351 -3.046062 271.381256
v 207.761063 -3.046060 271.381256
v 207.761063 -3.046061 296.422974
v 228.541351 -3.046063 296.422974
v 249.321625 -3.046064 296.422974
v 270.101929 -3.046066 287.225922
v 260.904846 -3.046065 296.422974
v 256.666931 -3.046065 292.185028
v 265.863983 -3.046065 282.987976
v 191.218735 -3.046060 283.902130
v 186.980789 -3.046060 283.902130
v 247.202652 -3.046064 283.902130
v 228.541351 -3.046063 283.902130
v 209.880035 -3.046061 283.902130
v 191.218735 -1.535639 283.902130
v 191.218735 -1.535640 292.185028
v 209.880035 -1.535640 275.619202
v 191.218735 -1.535639 275.619202
v 186.980789 -1.535639 283.902130
v 186.980789 -1.535640 296.422974
v 207.761063 -1.535639 271.381256
v 186.980789 -1.535637 271.381256
v 270.101929 -1.535644 271.381256
v 265.863983 -1.535645 275.619202
v 247.202652 -1.535643 275.619202
v 228.541351 -1.535642 275.619202
v 209.880035 -1.535641 292.185028
v 228.541351 -1.535643 292.185028
v 247.202652 -1.535644 292.185028
v 249.321625 -1.535642 271.381256
v 228.541351 -1.535641 271.381256
v 207.761063 -1.535641 296.422974
v 228.541351 -1.535643 296.422974
v 249.321625 -1.535644 296.422974
v 265.863983 -1.535645 282.987976
v 256.666931 -1.535645 292.185028
v 260.904846 -1.535645 296.422974
v 270.101929 -1.535645 287.225922
v 191.218735 -1.535639 283.902130
v 191.218735 -1.535640 292.185028
v 209.880035 -1.535640 275.619202
v 191.218735 -1.535639 275.619202
v 186.980789 -1.535639 283.902130
v 186.980789 -1.535640 296.422974
v 207.761063 -1.535639 271.381256
v 186.980789 -1.535637 271.381256
v 270.101929 -1.535644 271.381256
v 265.863983 -1.535645 275.619202
v 247.202652 -1.535643 275.619202
v 228.541351 -1.535642 275.619202
v 209.880035 -1.535641 292.185028
v 228.541351 -1.535643 292.185028
v 247.202652 -1.535644 292.185028
v 249.321625 -1.535642 271.381256
v 228.541351 -1.535641 271.381256
v 207.761063 -1.535641 296.422974
v 228.541351 -1.535643 296.422974
v 249.321625 -1.535644 296.422974
v 265.863983 -1.535645 282.987976
v 256.666931 -1.535645 292.185028
v 260.904846 -1.535645 296.422974
v 270.101929 -1.535645 287.225922
v 191.218735 7.976374 283.902130
v 191.218735 7.976373 292.185028
v 209.880035 7.976373 275.619202
v 191.218735 7.976375 275.619202
v 186.980789 7.976374 283.902130
v 186.980789 7.976373 296.422974
v 207.761063 7.976374 271.381256
v 186.980789 7.976375 271.381256
v 270.101929 7.976369 271.381287
v 265.863983 7.976369 275.619202
v 247.202652 7.976370 275.619202
v 228.541351 7.976372 275.619202
v 209.880035 7.976371 292.185028
v 228.541351 7.976370 292.185028
v 247.202652 7.976368 292.185028
v 249.321625 7.976370 271.381256
v 228.541351 7.976372 271.381256
v 207.761063 7.976372 296.422974
v 228.541351 7.976370 296.422974
v 249.321625 7.976368 296.422974
v 265.863983 7.976368 282.987976
v 256.666931 7.976368 292.185028
v 260.904846 7.976367 296.422974
v 270.101929 7.976368 287.225922
v 228.541351 -1.535642 280.679779
v 225.319016 -1.535642 283.902130
v 228.541351 -1.535642 287.124451
v 231.763687 -1.535642 283.902130
v 226.338013 -1.535642 281.698761
v 226.338013 -1.535642 286.105469
v 230.744690 -1.535642 286.105469
v 230.744690 -1.535642 281.698761
v 206.657700 -1.535640 283.902130
v 209.880035 -1.535640 287.124451
v 213.102371 -1.535641 283.902130
v 209.880035 -1.535640 280.679779
v 207.676697 -1.535640 286.105469
v 212.083374 -1.535640 286.105469
v 212.083389 -1.535640 281.698761
v 207.676697 -1.535640 281.698761
v 247.202652 -1.535643 280.679779
v 243.980316 -1.535643 283.902130
v 247.202652 -1.535643 287.124451
v 250.421127 -1.535643 283.744446
v 244.999313 -1.535643 281.698761
v 244.999313 -1.535643 286.105469
v 249.403366 -1.535643 285.997650
v 249.403366 -1.535643 281.590973
v 229.675812 11.324782 282.767639
v 230.744690 10.193247 281.698761
v 230.431625 10.993363 282.011841
v 228.541351 10.193247 280.679779
v 228.541351 11.324782 282.242981
v 228.541351 10.993363 281.137634
v 226.338013 10.193247 281.698761
v 227.406876 11.324782 282.767639
v 226.651077 10.993363 282.011841
v 225.319016 10.193247 283.902130
v 226.882217 11.324782 283.902130
v 225.776871 10.993363 283.902130
v 226.338013 10.193247 286.105469
v 227.406876 11.324782 285.036591
v 226.651077 10.993363 285.792389
v 228.541351 10.193247 287.124451
v 228.541351 11.324782 285.561249
v 228.541351 10.993363 286.666595
v 230.744690 10.193247 286.105469
v 229.675812 11.324782 285.036591
v 230.431625 10.993363 285.792389
v 231.763687 10.193247 283.902130
v 230.200485 11.324782 283.902130
v 231.305832 10.993363 283.902130
v 208.745560 11.324783 282.767639
v 207.676697 10.193249 281.698761
v 207.989761 10.993365 282.011841
v 206.657700 10.193249 283.902130
v 208.220901 11.324784 283.902130
v 207.115555 10.993365 283.902130
v 207.676697 10.193249 286.105469
v 208.745560 11.324783 285.036591
v 207.989761 10.993365 285.792389
v 209.880035 10.193248 287.124451
v 209.880035 11.324783 285.561249
v 209.880035 10.993364 286.666595
v 212.083374 10.193248 286.105469
v 211.014511 11.324783 285.036591
v 211.770309 10.993364 285.792389
v 213.102371 10.193248 283.902130
v 211.539185 11.324783 283.902130
v 212.644516 10.993364 283.902130
v 212.083389 10.193248 281.698761
v 211.014511 11.324783 282.767639
v 211.770309 10.993364 282.011841
v 209.880035 10.193248 280.679779
v 209.880035 11.324783 282.242981
v 209.880035 10.993364 281.137634
v 248.354599 11.324780 282.692352
v 249.403366 10.193245 281.590973
v 249.096176 10.993361 281.913544
v 247.202652 10.193245 280.679779
v 247.234116 11.324780 282.228424
v 247.211868 10.993361 281.133362
v 244.999313 10.193246 281.698761
v 246.068176 11.324781 282.767639
v 245.312363 10.993362 282.011841
v 243.980316 10.193246 283.902130
v 245.543518 11.324781 283.902130
v 244.438171 10.993362 283.902130
v 244.999313 10.193246 286.105469
v 246.068176 11.324781 285.036591
v 245.312363 10.993362 285.792389
v 247.202652 10.193245 287.124451
v 247.171066 11.324780 285.546661
v 247.193405 10.993361 286.662323
v 249.403366 10.193245 285.997650
v 248.314743 11.324780 284.961060
v 249.084518 10.993361 285.694061
v 250.421127 10.193245 283.744446
v 248.858200 11.324780 283.757935
v 249.963364 10.993361 283.748413
vn -0.0000 -1.0000 -0.0000
vn -1.0000 -0.0000 -0.0000
vn -0.0000 -0.0000 -0.0000
vn -0.0000 1.0000 -0.0000
vn -0.0001 1.0000 -0.0000
vn 1.0000 -0.0000 -0.0000
vn 0.7071 -0.0000 0.7071
vn -0.0000 -0.0000 -1.0000
vn -0.0000 -0.0000 1.0000
vn -0.7071 -0.0000 -0.7071
vn 0.3725 0.4609 -0.8055
vn 0.1317 0.9495 -0.2847
vn -0.3725 0.4609 -0.8055
vn -0.1317 0.9495 -0.2847
vn -0.8055 0.4609 -0.3725
vn -0.2847 0.9495 -0.1317
vn -0.8055 0.4609 0.3725
vn -0.2847 0.9495 0.1317
vn -0.3725 0.4609 0.8055
vn -0.1317 0.9495 0.2847
vn 0.3725 0.4609 0.8055
vn 0.1317 0.9495 0.2847
vn 0.8055 0.4609 0.3725
vn 0.2847 0.9495 0.1317
vn 0.8055 0.4609 -0.3725
vn 0.2847 0.9495 -0.1317
vn 0.3395 0.4609 -0.8200
vn 0.1200 0.9495 -0.2898
vn 0.4045 0.4609 0.7899
vn 0.1430 0.9495 0.2792
vn 0.8088 0.4609 0.3653
vn 0.2859 0.9495 0.1291
vn 0.8023 0.4609 -0.3792
vn 0.2836 0.9495 -0.1340
vn 0.4198 -0.0000 -0.9076
vn 0.9076 -0.0000 -0.4198
vn -0.4198 -0.0000 -0.9076
vn -0.9076 -0.0000 -0.4198
vn -0.9076 -0.0000 0.4198
vn -0.4198 -0.0000 0.9076
vn 0.4198 -0.0000 0.9076
vn 0.9076 -0.0000 0.4198
vn 0.9076 -0.0000 -0.4197
vn 0.3826 -0.0000 -0.9239
vn 0.9041 -0.0000 -0.4273
vn 0.4558 -0.0000 0.8901
vn 0.9113 -0.0000 0.4117
vt 0.314642 0.633231
vt 0.271494 0.717136
vt 0.229052 0.687965
vt 0.249957 0.590730
vt 0.193742 0.701855
vt 0.248626 0.753347
vt 0.247940 0.754599
vt 0.191789 0.702054
vt 0.316154 0.738385
vt 0.315660 0.768726
vt 0.255313 0.742304
vt 0.203616 0.697886
vt 0.432763 0.598536
vt 0.385048 0.674010
vt 0.360184 0.565183
vt 0.465249 0.521477
vt 0.403830 0.500654
vt 0.293017 0.515129
vt 0.349521 0.462758
vt 0.474459 0.484086
vt 0.440328 0.435997
vt 0.464980 0.422188
vt 0.498622 0.462845
vt 0.410009 0.415707
vt 0.412377 0.394061
vt 0.208682 0.578991
vt 0.261001 0.482786
vt 0.333200 0.425860
vt 0.502203 0.514068
vt 0.472633 0.610412
vt 0.414056 0.700839
vt 0.237411 0.127792
vt 0.361511 0.184962
vt 0.355293 0.187849
vt 0.232358 0.141976
vt 0.507406 0.456615
vt 0.469813 0.415287
vt 0.470052 0.413866
vt 0.509005 0.455486
vt 0.249058 0.466790
vt 0.191728 0.570372
vt 0.188670 0.568887
vt 0.247016 0.463360
vt 0.216587 0.904160
vt 0.071006 0.809638
vt 0.071963 0.805536
vt 0.216339 0.902536
vt 0.326987 0.411401
vt 0.412325 0.385410
vt 0.490175 0.613574
vt 0.428359 0.708534
vt 0.515444 0.512289
vt 0.317621 0.779846
vt 0.428005 0.252773
vt 0.471719 0.277029
vt 0.478096 0.331442
vt 0.411612 0.305685
vt 0.599125 0.679541
vt 0.371841 0.935862
vt 0.349213 0.872650
vt 0.407795 0.728810
vt 0.431136 0.709978
vt 0.493594 0.614014
vt 0.607507 0.597752
vt 0.522040 0.742364
vt 0.319584 0.780719
vt 0.342898 0.842871
vt 0.219658 0.822277
vt 0.021347 0.475453
vt 0.206918 0.313550
vt 0.082775 0.500708
vt 0.017996 0.473767
vt 0.429922 0.252000
vt 0.472076 0.276136
vt 0.618370 0.672457
vt 0.372831 0.937574
vt 0.518245 0.511698
vt 0.412582 0.383765
vt 0.520957 0.353324
vt 0.526574 0.386833
vt 0.549509 0.294582
vt 0.428708 0.316287
vt 0.430492 0.320155
vt 0.550117 0.296120
vt 0.326176 0.408551
vt 0.211651 0.840125
vt 0.116892 0.751784
vt 0.142916 0.740329
vt 0.563597 0.372847
vt 0.546500 0.400729
vt 0.489497 0.362206
vt 0.412480 0.328368
vt 0.308109 0.292330
vt 0.310989 0.323335
vt 0.200297 0.374230
vt 0.108507 0.534929
vt 0.586977 0.453248
vt 0.433662 0.440117
vt 0.466298 0.582388
vt 0.392770 0.154760
vt 0.450958 0.116351
vt 0.449333 0.123285
vt 0.000000 0.407102
vt 0.214162 0.000000
vt 0.325649 0.031172
vt 0.489970 0.238381
vt 0.516947 0.215397
vt 0.602255 0.219981
vt 0.631890 0.669531
vt 0.560455 0.245417
vt 0.563343 0.230652
vt 0.530152 0.205373
vt 0.553182 0.173867
vt 0.627138 0.215078
vt 0.491137 0.192291
vt 0.480792 0.198629
vt 0.462130 0.133123
vt 0.557899 0.953785
vt 0.232039 1.000000
vt 0.000000 0.814242
vt 0.488130 0.209127
vt 0.515248 0.224896
vt 0.539718 0.231971
vt 0.906837 0.261776
vt 0.892195 0.268963
vt 0.891836 0.263111
vt 0.902063 0.257555
vt 0.891442 0.256686
vt 0.897399 0.253430
vt 0.876785 0.263623
vt 0.881006 0.258849
vt 0.885130 0.254185
vt 0.869598 0.248980
vt 0.875450 0.248622
vt 0.881875 0.248227
vt 0.874938 0.233571
vt 0.879712 0.237792
vt 0.884376 0.241916
vt 0.889580 0.226384
vt 0.889939 0.232235
vt 0.890333 0.238660
vt 0.904990 0.231723
vt 0.900769 0.236497
vt 0.896645 0.241162
vt 0.912177 0.246366
vt 0.906325 0.246724
vt 0.899900 0.247119
vt 0.874938 0.398317
vt 0.889580 0.391130
vt 0.889939 0.396981
vt 0.879712 0.402538
vt 0.890333 0.403407
vt 0.884376 0.406662
vt 0.904990 0.396470
vt 0.900769 0.401244
vt 0.896645 0.405908
vt 0.912177 0.411112
vt 0.906325 0.411471
vt 0.899900 0.411865
vt 0.906837 0.426522
vt 0.902063 0.422301
vt 0.897399 0.418177
vt 0.892195 0.433709
vt 0.891836 0.427857
vt 0.891442 0.421432
vt 0.876785 0.428369
vt 0.881006 0.423595
vt 0.885130 0.418931
vt 0.869598 0.413726
vt 0.875450 0.413368
vt 0.881875 0.412973
vt 0.905274 0.066878
vt 0.912224 0.081357
vt 0.906363 0.081693
vt 0.901046 0.071588
vt 0.899931 0.082042
vt 0.896892 0.076181
vt 0.906883 0.096840
vt 0.902107 0.092638
vt 0.897415 0.088543
vt 0.892259 0.104115
vt 0.891895 0.098266
vt 0.891477 0.091838
vt 0.876858 0.098857
vt 0.881063 0.094067
vt 0.885155 0.089375
vt 0.869658 0.084286
vt 0.875498 0.083953
vt 0.881934 0.083604
vt 0.875230 0.068692
vt 0.879995 0.072985
vt 0.884636 0.077191
vt 0.890188 0.061529
vt 0.890522 0.067372
vt 0.890918 0.073795
vt 0.973261 0.281809
vt 0.925030 0.330046
vt 0.973261 0.213531
vt 0.856752 0.330046
vt 0.808514 0.281816
vt 0.808514 0.213538
vt 0.856745 0.165300
vt 0.925023 0.165300
vt 0.808514 0.378284
vt 0.856745 0.330046
vt 0.808514 0.446562
vt 0.925023 0.330046
vt 0.973261 0.378277
vt 0.973261 0.446555
vt 0.925030 0.494792
vt 0.856752 0.494792
vt 0.925451 0.000676
vt 0.973130 0.048663
vt 0.857945 0.000000
vt 0.973130 0.117045
vt 0.924923 0.165266
vt 0.856677 0.165300
vt 0.808515 0.117235
vt 0.808704 0.048271
s 1
usemtl plug
f 814/1205/55 810/1206/55 792/1207/55 796/1208/55
s 0
f 822/1209/56 819/1210/56 843/1211/56 846/1212/56
s 1
f 810/1206/55 793/1213/55 790/1214/55 811/1215/55 789/1216/55 792/1207/55
f 798/1217/55 797/1218/55 814/1205/55 813/1219/55
f 799/1220/55 798/1217/55 813/1219/55 812/1221/55
f 797/1218/55 793/1213/55 810/1206/55 814/1205/55
f 812/1221/55 813/1219/55 795/1222/55 794/1223/55
f 813/1219/55 814/1205/55 796/1208/55 795/1222/55
f 808/1224/55 809/1225/55 806/1226/55 807/1227/55
f 791/1228/55 788/1229/55 806/1226/55 809/1225/55
f 794/1223/55 795/1222/55 796/1208/55 792/1207/55 789/1216/55 802/1230/55 801/1231/55 800/1232/55 788/1229/55 791/1228/55
f 808/1224/55 799/1220/55 812/1221/55 794/1223/55 791/1228/55 809/1225/55
f 797/1218/55 798/1217/55 799/1220/55 808/1224/55 807/1227/55 805/1233/55 804/1234/55 803/1235/55 790/1214/55 793/1213/55
s 0
f 826/1236/57 825/1237/57 849/1238/57 850/1239/57
f 837/1240/58 838/1241/56 862/1242/59 861/1243/60
f 831/1244/57 821/1245/57 845/1246/57 855/1247/57
f 815/1248/56 818/1249/56 842/1250/56 839/1251/56
s 1
f 789/1216/56 811/1215/56 819/1210/56 822/1209/56
f 807/1227/61 806/1226/61 838/1241/61 837/1240/61
f 788/1229/62 800/1232/62 830/1252/62 823/1253/62
f 802/1230/62 789/1216/62 822/1209/62 821/1245/62
f 803/1235/63 804/1234/63 833/1254/63 832/1255/63
f 800/1232/62 801/1231/62 831/1244/62 830/1252/62
f 805/1233/63 807/1227/63 837/1240/63 834/1256/63
f 804/1234/63 805/1233/63 834/1256/63 833/1254/63
f 801/1231/62 802/1230/62 821/1245/62 831/1244/62
f 811/1215/56 790/1214/56 820/1257/56 819/1210/56
f 806/1226/60 788/1229/60 823/1253/60 838/1241/60
f 790/1214/63 803/1235/63 832/1255/63 820/1257/63
f 848/1258/56 859/1259/56 883/1260/56 872/1261/56
f 851/1262/62 840/1263/62 864/1264/62 875/1265/62
f 856/1266/63 857/1267/63 881/1268/63 880/1269/63
f 843/1211/56 844/1270/56 868/1271/56 867/1272/56
f 841/1273/63 850/1239/63 874/1274/63 865/1275/63
s 0
f 818/1249/57 817/1276/57 841/1273/57 842/1250/57
f 820/1257/57 832/1255/57 856/1266/57 844/1270/57
f 817/1276/57 826/1236/57 850/1239/57 841/1273/57
f 819/1210/56 820/1257/56 844/1270/56 843/1211/56
f 832/1255/57 833/1254/57 857/1267/57 856/1266/57
f 824/1277/56 835/1278/56 859/1259/56 848/1258/56
f 827/1279/57 816/1280/57 840/1263/57 851/1262/57
f 821/1245/57 822/1209/57 846/1212/57 845/1246/57
f 833/1254/57 834/1256/57 858/1281/57 857/1267/57
f 838/1241/56 823/1253/56 847/1282/56 862/1242/56
f 828/1283/57 827/1279/57 851/1262/57 852/1284/57
f 836/1285/57 829/1286/57 853/1287/57 860/1288/57
f 829/1286/57 828/1283/57 852/1284/57 853/1287/57
f 834/1256/57 837/1240/57 861/1243/57 858/1281/57
f 823/1253/57 830/1252/57 854/1289/57 847/1282/57
f 835/1278/59 836/1285/60 860/1288/58 859/1259/56
f 816/1280/56 815/1248/56 839/1251/56 840/1263/56
f 830/1252/57 831/1244/57 855/1247/57 854/1289/57
f 825/1237/57 824/1277/57 848/1258/57 849/1238/57
s 1
f 863/1290/58 866/1291/58 870/1292/58 867/1272/58 868/1271/58 864/1264/58
f 884/1293/58 885/1294/58 886/1295/58 883/1260/58
f 872/1261/58 883/1260/58 886/1295/58 871/1296/58
f 873/1297/58 872/1261/58 871/1296/58 878/1298/58 879/1299/58 869/1300/58 870/1292/58 866/1291/58 865/1275/58 874/1274/58
f 875/1265/58 864/1264/58 868/1271/58 880/1269/58 881/1268/58 882/1301/58 885/1294/58 884/1293/58 877/1302/58 876/1303/58
f 845/1246/62 846/1212/62 870/1292/62 869/1300/62
f 857/1267/63 858/1281/63 882/1301/63 881/1268/63
f 852/1284/62 851/1262/62 875/1265/62 876/1303/62
f 862/1242/60 847/1282/60 871/1296/60 886/1295/60
f 839/1251/60 842/1250/60 866/1291/60 863/1290/60
f 853/1287/62 852/1284/62 876/1303/62 877/1302/62
f 860/1288/62 853/1287/62 877/1302/62 884/1293/62
f 846/1212/56 843/1211/56 867/1272/56 870/1292/56
f 847/1282/62 854/1289/62 878/1298/62 871/1296/62
f 858/1281/63 861/1243/63 885/1294/63 882/1301/63
f 859/1259/64 860/1288/64 884/1293/64 883/1260/64
f 854/1289/62 855/1247/62 879/1299/62 878/1298/62
f 849/1238/63 848/1258/63 872/1261/63 873/1297/63
f 840/1263/60 839/1251/60 863/1290/60 864/1264/60
f 855/1247/62 845/1246/62 869/1300/62 879/1299/62
f 850/1239/63 849/1238/63 873/1297/63 874/1274/63
f 861/1243/61 862/1242/61 886/1295/61 885/1294/61
f 842/1250/63 841/1273/63 865/1275/63 866/1291/63
f 844/1270/63 856/1266/63 880/1269/63 868/1271/63
f 888/1304/58 891/1305/58 887/1306/58 826/1236/58 817/1276/58 898/1307/58 901/1308/58 897/1309/58
f 828/1283/58 889/1310/58 892/1311/58 888/1304/58 897/1309/58 900/1312/58 896/1313/58 827/1279/58
f 829/1286/58 905/1314/58 908/1315/58 904/1316/58 890/1317/58 893/1318/58 889/1310/58 828/1283/58
f 904/1316/58 907/1319/58 903/1320/58 825/1237/58 826/1236/58 887/1306/58 894/1321/58 890/1317/58
f 827/1279/58 896/1313/58 899/1322/58 895/1323/58 815/1248/58 816/1280/58
f 895/1323/58 902/1324/58 898/1307/58 817/1276/58 818/1249/58 815/1248/58
f 836/1285/58 835/1278/58 824/1277/58 825/1237/58 903/1320/58 910/1325/58 906/1326/58 909/1327/58 905/1314/58 829/1286/58
f 912/1328/65 914/1329/65 916/1330/65 913/1331/65
f 913/1331/66 916/1330/66 915/1332/66 911/1333/66
f 914/1329/67 917/1334/67 919/1335/67 916/1330/67
f 916/1330/68 919/1335/68 918/1336/68 915/1332/68
f 917/1334/69 920/1337/69 922/1338/69 919/1335/69
f 919/1335/70 922/1338/70 921/1339/70 918/1336/70
f 920/1337/71 923/1340/71 925/1341/71 922/1338/71
f 922/1338/72 925/1341/72 924/1342/72 921/1339/72
f 923/1340/73 926/1343/73 928/1344/73 925/1341/73
f 925/1341/74 928/1344/74 927/1345/74 924/1342/74
f 926/1343/75 929/1346/75 931/1347/75 928/1344/75
f 928/1344/76 931/1347/76 930/1348/76 927/1345/76
f 929/1346/77 932/1349/77 934/1350/77 931/1347/77
f 931/1347/78 934/1350/78 933/1351/78 930/1348/78
f 932/1349/79 912/1328/79 913/1331/79 934/1350/79
f 934/1350/80 913/1331/80 911/1333/80 933/1351/80
f 936/1352/69 938/1353/69 940/1354/69 937/1355/69
f 937/1355/70 940/1354/70 939/1356/70 935/1357/70
f 938/1353/71 941/1358/71 943/1359/71 940/1354/71
f 940/1354/72 943/1359/72 942/1360/72 939/1356/72
f 941/1358/73 944/1361/73 946/1362/73 943/1359/73
f 943/1359/74 946/1362/74 945/1363/74 942/1360/74
f 944/1361/75 947/1364/75 949/1365/75 946/1362/75
f 946/1362/76 949/1365/76 948/1366/76 945/1363/76
f 947/1364/77 950/1367/77 952/1368/77 949/1365/77
f 949/1365/78 952/1368/78 951/1369/78 948/1366/78
f 950/1367/79 953/1370/79 955/1371/79 952/1368/79
f 952/1368/80 955/1371/80 954/1372/80 951/1369/80
f 953/1370/65 956/1373/65 958/1374/65 955/1371/65
f 955/1371/66 958/1374/66 957/1375/66 954/1372/66
f 956/1373/67 936/1352/67 937/1355/67 958/1374/67
f 958/1374/68 937/1355/68 935/1357/68 957/1375/68
f 960/1376/81 962/1377/81 964/1378/81 961/1379/81
f 961/1379/82 964/1378/82 963/1380/82 959/1381/82
f 962/1377/67 965/1382/67 967/1383/67 964/1378/67
f 964/1378/68 967/1383/68 966/1384/68 963/1380/68
f 965/1382/69 968/1385/69 970/1386/69 967/1383/69
f 967/1383/70 970/1386/70 969/1387/70 966/1384/70
f 968/1385/71 971/1388/71 973/1389/71 970/1386/71
f 970/1386/72 973/1389/72 972/1390/72 969/1387/72
f 971/1388/73 974/1391/73 976/1392/73 973/1389/73
f 973/1389/74 976/1392/74 975/1393/74 972/1390/74
f 974/1391/83 977/1394/83 979/1395/83 976/1392/83
f 976/1392/84 979/1395/84 978/1396/84 975/1393/84
f 977/1394/85 980/1397/85 982/1398/85 979/1395/85
f 979/1395/86 982/1398/86 981/1399/86 978/1396/86
f 980/1397/87 960/1376/87 961/1379/87 982/1398/87
f 982/1398/88 961/1379/88 959/1381/88 981/1399/88
f 894/1400/89 887/1401/89 914/1329/89 912/1328/89
f 915/1332/58 918/1336/58 921/1339/58 924/1342/58 927/1345/58 930/1348/58 933/1351/58 911/1333/58
f 890/1402/90 894/1400/90 912/1328/90 932/1349/90
f 887/1401/91 891/1403/91 917/1334/91 914/1329/91
f 891/1403/92 888/1404/92 920/1337/92 917/1334/92
f 888/1404/93 892/1405/93 923/1340/93 920/1337/93
f 892/1405/94 889/1406/94 926/1343/94 923/1340/94
f 889/1406/95 893/1407/95 929/1346/95 926/1343/95
f 893/1407/96 890/1402/96 932/1349/96 929/1346/96
f 902/1408/92 895/1409/92 938/1353/92 936/1352/92
f 939/1356/58 942/1360/58 945/1363/58 948/1366/58 951/1369/58 954/1372/58 957/1375/58 935/1357/58
f 898/1410/91 902/1408/91 936/1352/91 956/1373/91
f 895/1409/93 899/1411/93 941/1358/93 938/1353/93
f 899/1411/94 896/1412/94 944/1361/94 941/1358/94
f 896/1412/95 900/1413/95 947/1364/95 944/1361/95
f 900/1413/96 897/1414/96 950/1367/96 947/1364/96
f 897/1414/97 901/1415/97 953/1370/97 950/1367/97
f 901/1415/89 898/1410/89 956/1373/89 953/1370/89
f 910/1416/98 903/1417/98 962/1377/98 960/1376/98
f 963/1380/58 966/1384/58 969/1387/58 972/1390/58 975/1393/58 978/1396/58 981/1399/58 959/1381/58
f 906/1418/99 910/1416/99 960/1376/99 980/1397/99
f 903/1417/91 907/1419/91 965/1382/91 962/1377/91
f 907/1419/92 904/1420/92 968/1385/92 965/1382/92
f 904/1420/93 908/1421/93 971/1388/93 968/1385/93
f 908/1421/94 905/1422/94 974/1391/94 971/1388/94
f 905/1422/100 909/1423/100 977/1394/100 974/1391/100
f 909/1423/101 906/1418/101 980/1397/101 977/1394/101
l 859 906
